race_id,state,office,district,party,candidate,election_date,n_polls,n_surveys,poll_avg,poll_lead,fund_share,win_prob,win_prob_norm
2026_AL_Governor_DEM,AL,Governor,,DEM,Doug Jones,2026-06-16,1,1,34.0,0.0,,0.4861437,1.0
2026_AL_Governor_REP,AL,Governor,,REP,Tommy Tuberville,2026-06-16,4,4,61.5,55.5,,0.9659355,0.9779992
2026_AL_Governor_REP,AL,Governor,,REP,Will Santivasci,2026-06-16,2,4,3.0,-3.0,,0.01448472,0.014665621
2026_AL_Governor_REP,AL,Governor,,REP,Ken McFeeters,2026-06-16,3,4,6.0,0.0,,0.007244689,0.007335169
2026_AL_House-1_REP,AL,House,1,REP,Jerry Carl,2026-06-16,10,10,26.8,12.8,0.8118461643788372,0.6838665,0.7971768
2026_AL_House-1_REP,AL,House,1,REP,Rhett Marques,2026-06-16,10,10,14.0,0.0,,0.1522474,0.17747337
2026_AL_House-1_REP,AL,House,1,REP,Austin Sidwell,2026-06-16,2,10,2.5,-11.5,0.1881538356211628,0.004658994,0.005430945
2026_AL_House-1_REP,AL,House,1,REP,Joshua McKee,2026-06-16,7,10,5.142857142857143,-8.857142857142858,,0.0044012307,0.0051304735
2026_AL_House-1_REP,AL,House,1,REP,Jimmy Dees,2026-06-16,2,10,1.5,-12.5,,0.004228816,0.004929491
2026_AL_House-1_REP,AL,House,1,REP,John Mills,2026-06-16,2,10,0.5,-13.5,,0.004228816,0.004929491
2026_AL_House-1_REP,AL,House,1,REP,James Richardson,2026-06-16,2,10,0.5,-13.5,,0.004228816,0.004929491
2026_AL_House-2_REP,AL,House,2,REP,Rhett Marques,2026-06-16,1,1,30.0,20.0,0.6167970272243074,0.9799064,0.88313174
2026_AL_House-2_REP,AL,House,2,REP,Joshua McKee,2026-06-16,1,1,10.0,0.0,0.262467134768213,0.06797994,0.061266303
2026_AL_House-2_REP,AL,House,2,REP,Hampton Harris,2026-06-16,1,1,4.0,-6.0,0.11696541644317454,0.01700317,0.015323952
2026_AL_House-2_REP,AL,House,2,REP,David Matthews,2026-06-16,1,1,4.0,-6.0,,0.01700317,0.015323952
2026_AL_House-2_REP,AL,House,2,REP,Christian Horn,2026-06-16,1,1,1.0,-9.0,,0.013844307,0.012477055
2026_AL_House-2_REP,AL,House,2,REP,James Richardson,2026-06-16,1,1,2.0,-8.0,0.00377042156430512,0.013844307,0.012477055
2026_AL_Senate_REP,AL,Senate,,REP,Jared Hudson,2026-06-16,22,24,14.845454545454546,-6.093675889328063,0.28488060824359607,0.9717297,0.3758076
2026_AL_Senate_REP,AL,Senate,,REP,Barry Moore,2026-06-16,23,24,20.93913043478261,0.0,,0.896822,0.34683773
2026_AL_Senate_REP,AL,Senate,,REP,Steve Marshall,2026-06-16,24,24,25.3625,4.423369565217392,0.22401887567587955,0.6924964,0.2678167
2026_AL_Senate_REP,AL,Senate,,REP,Rodney Walker,2026-06-16,15,24,3.206666666666666,-17.73246376811594,0.3236779068371563,0.008929363,0.00345335
2026_AL_Senate_REP,AL,Senate,,REP,Seth Burton,2026-06-16,4,24,1.375,-19.56413043478261,,0.0057297116,0.0022159137
2026_AL_Senate_REP,AL,Senate,,REP,Dale Deas Jr.,2026-06-16,3,24,0.6666666666666666,-20.27246376811594,,0.0052530076,0.0020315528
2026_AL_Senate_REP,AL,Senate,,REP,Dale Shelton,2026-06-16,1,24,1.6,-19.339130434782607,,0.0026619507,0.0010294851
2026_AL_Senate_REP,AL,Senate,,REP,Morgan Murphy,2026-06-16,12,24,1.6916666666666667,-19.247463768115942,0.1674226092433682,0.0020883835,0.0008076633
2026_AZ_Governor_REP,AZ,Governor,,REP,Andy Biggs,2026-08-04,26,26,48.43076923076922,37.22410256410255,,0.98020566,0.99154305
2026_AZ_Governor_REP,AZ,Governor,,REP,David Schweikert,2026-08-04,15,26,11.206666666666669,0.0,,0.0037745833,0.0038182414
2026_AZ_Governor_REP,AZ,Governor,,REP,Ken Miceli,2026-08-04,5,26,1.3800000000000001,-9.826666666666668,,0.0023378013,0.002364841
2026_AZ_Governor_REP,AZ,Governor,,REP,Scott Neely,2026-08-04,5,26,2.3600000000000003,-8.846666666666668,,0.0022478888,0.0022738886
2026_AZ_House-1_DEM,AZ,House,1,DEM,Amish Shah,2026-07-21,2,2,32.5,21.5,0.19844665704825137,0.9392215,0.89503425
2026_AZ_House-1_DEM,AZ,House,1,DEM,Marlene Galán-Woods,2026-07-21,2,2,11.0,0.0,0.240916048049342,0.066519365,0.06338985
2026_AZ_House-1_DEM,AZ,House,1,DEM,Mark Gordon,2026-07-21,2,2,1.8,-9.2,0.044824922503833055,0.014542835,0.013858642
2026_AZ_House-1_DEM,AZ,House,1,DEM,Rick McCartney,2026-07-21,2,2,1.5,-9.5,0.13398586298492932,0.014542835,0.013858642
2026_AZ_House-1_DEM,AZ,House,1,DEM,Jonathan Treble,2026-07-21,2,2,1.5,-9.5,0.3818265094136442,0.014542835,0.013858642
2026_AZ_House-1_REP,AZ,House,1,REP,Joseph Chaplik,2026-07-21,5,5,24.619999999999997,4.619999999999997,0.1359700276040337,0.21816383,0.42680195
2026_AZ_House-1_REP,AZ,House,1,REP,Thomas (Jay) Feely,2026-07-21,2,5,20.0,0.0,0.5854597978370153,0.15170974,0.29679534
2026_AZ_House-1_REP,AZ,House,1,REP,Jay Feely,2026-07-21,3,5,16.333333333333332,-3.666666666666668,,0.13562022,0.26531884
2026_AZ_House-1_REP,AZ,House,1,REP,John Trobough,2026-07-21,5,5,5.74,-14.26,0.278570174558951,0.005665608,0.011083838
2026_AZ_House-4_DEM,AZ,House,4,DEM,Greg Stanton,2026-07-21,2,2,51.0,20.5,0.9888642776163434,0.9666977,0.64832085
2026_AZ_House-4_DEM,AZ,House,4,DEM,Kai Newkirk,2026-07-21,2,2,30.5,0.0,0.011135722383656592,0.52438134,0.3516791
2026_AZ_House-5_REP,AZ,House,5,REP,Mark Lamb,2026-07-21,10,10,51.12,35.207499999999996,0.3249308233502465,0.95043904,0.7324495
2026_AZ_House-5_REP,AZ,House,5,REP,Daniel Keenan,2026-07-21,8,10,15.9125,0.0,0.6750691766497536,0.34717822,0.26755056
2026_CO_Governor_DEM,CO,Governor,,DEM,Michael Bennet,2026-06-30,7,9,42.0,16.566666666666666,,0.8406523,0.6135669
2026_CO_Governor_DEM,CO,Governor,,DEM,Phil Weiser,2026-06-30,9,9,25.433333333333334,0.0,,0.52945477,0.38643312
2026_CO_Governor_REP,CO,Governor,,REP,Victor Marx,2026-06-30,2,2,50.6,36.55,,0.9763979,0.9372208
2026_CO_Governor_REP,CO,Governor,,REP,Barbara Kirkmeyer,2026-06-30,2,2,14.05,0.0,,0.053024802,0.05089723
2026_CO_Governor_REP,CO,Governor,,REP,Scott Bottoms,2026-06-30,2,2,6.65,-7.4,,0.012378659,0.011881976
2026_CO_House-1_DEM,CO,House,1,DEM,Melat Kiros,2026-06-30,1,1,41.0,5.0,0.27788178481106,0.9280043,0.5554251
2026_CO_House-1_DEM,CO,House,1,DEM,Diana DeGette,2026-06-30,1,1,36.0,0.0,0.5994324890665219,0.73311394,0.43878016
2026_CO_House-1_DEM,CO,House,1,DEM,Wanda James,2026-06-30,1,1,6.0,-30.0,0.12268572612241804,0.009681845,0.0057947356
2026_CO_House-3_REP,CO,House,3,REP,Jeff Hurd,2026-06-30,2,2,36.0,9.0,0.9273623455053404,0.8598124,0.76802814
2026_CO_House-3_REP,CO,House,3,REP,Hope Scheppelman,2026-06-30,2,2,27.0,0.0,0.07263765449465964,0.25969404,0.23197192
2026_CO_House-8_DEM,CO,House,8,DEM,Manny Rutinel,2026-06-30,7,7,26.285714285714285,4.0,0.594422677916192,0.922486,0.5359214
2026_CO_House-8_DEM,CO,House,8,DEM,Shannon Bird,2026-06-30,7,7,22.285714285714285,0.0,0.31593138677405386,0.7961936,0.4625514
2026_CO_House-8_DEM,CO,House,8,DEM,Evan Munsing,2026-06-30,6,7,5.0,-17.285714285714285,0.0896459353097541,0.0026287807,0.001527199
2026_CO_Senate_DEM,CO,Senate,,DEM,John Hickenlooper,2026-06-30,2,2,43.0,19.5,0.8987982450989374,0.9097128,0.7889356
2026_CO_Senate_DEM,CO,Senate,,DEM,Julie Gonzales,2026-06-30,2,2,23.5,0.0,0.10120175490106278,0.24337603,0.21106443
2026_CT_Governor_DEM,CT,Governor,,DEM,Ned Lamont,2026-08-11,5,5,55.0,38.8,,0.9154501,0.84480745
2026_CT_Governor_DEM,CT,Governor,,DEM,Josh Elliot,2026-08-11,5,5,16.2,0.0,,0.08408489,0.0775963
2026_CT_Governor_DEM,CT,Governor,,DEM,Josh Elliott,2026-08-11,5,5,16.2,0.0,,0.08408489,0.0775963
2026_CT_Governor_REP,CT,Governor,,REP,Erin Stewart,2026-08-11,1,1,42.0,29.0,,0.6672541,0.905723
2026_CT_Governor_REP,CT,Governor,,REP,Ryan Fazio,2026-08-11,1,1,13.0,0.0,,0.038298793,0.051986337
2026_CT_Governor_REP,CT,Governor,,REP,Mark A. Lauretti,2026-08-11,1,1,3.0,-10.0,,0.010385315,0.0140969055
2026_CT_Governor_REP,CT,Governor,,REP,Peter Lumaj,2026-08-11,1,1,2.0,-11.0,,0.010385315,0.0140969055
2026_CT_Governor_REP,CT,Governor,,REP,Jennifer Tooker,2026-08-11,1,1,3.0,-10.0,,0.010385315,0.0140969055
2026_CT_House-1_DEM,CT,House,1,DEM,Luke Bronin,2026-08-11,2,2,32.0,0.0,0.514642378636954,0.7637541,0.50840616
2026_CT_House-1_DEM,CT,House,1,DEM,John B. Larson,2026-08-11,2,2,39.5,7.5,0.44173842867711965,0.71560717,0.47635633
2026_CT_House-1_DEM,CT,House,1,DEM,Jillian Gilchrest,2026-08-11,2,2,9.5,-22.5,0.029409233241469025,0.012285016,0.008177734
2026_CT_House-1_DEM,CT,House,1,DEM,Ruth Fortune,2026-08-11,1,2,4.0,-28.0,0.014209959444457458,0.0106055755,0.007059785
2026_FL_Governor_DEM,FL,Governor,,DEM,David W. Jolly,2026-08-18,9,9,22.333333333333332,2.8619047619047606,,0.6465383,0.75746244
2026_FL_Governor_DEM,FL,Governor,,DEM,Jerry Demings,2026-08-18,7,9,19.47142857142857,0.0,,0.20701993,0.24253754
2026_FL_Governor_REP,FL,Governor,,REP,Byron Donalds,2026-08-18,40,40,37.33,27.191538461538457,,0.96444494,0.9886094
2026_FL_Governor_REP,FL,Governor,,REP,James Fishback,2026-08-18,26,40,10.13846153846154,0.0,,0.007989835,0.008190023
2026_FL_Governor_REP,FL,Governor,,REP,Jay Collins,2026-08-18,26,40,7.796153846153847,-2.342307692307693,,0.0022298375,0.0022857066
2026_FL_Governor_REP,FL,Governor,,REP,Paul Renner,2026-08-18,26,40,3.523076923076923,-6.615384615384617,,0.0008925466,0.0009149096
2026_FL_House-14_REP,FL,House,14,REP,Mike Beltran,2026-08-18,1,1,30.0,11.899999999999999,,0.9758267,0.8055413
2026_FL_House-14_REP,FL,House,14,REP,Kevin Steele,2026-08-18,1,1,18.1,0.0,,0.122036904,0.10074101
2026_FL_House-14_REP,FL,House,14,REP,Michael Marcel,2026-08-18,1,1,0.3,-17.8,,0.018921493,0.015619622
2026_FL_House-14_REP,FL,House,14,REP,John Peters,2026-08-18,1,1,2.3,-15.8,0.6905880140510443,0.018921493,0.015619622
2026_FL_House-14_REP,FL,House,14,REP,Rocky Rochford,2026-08-18,1,1,1.3,-16.8,0.2594981588047203,0.018921493,0.015619622
2026_FL_House-14_REP,FL,House,14,REP,Gavriel Soriano,2026-08-18,1,1,0.0,-18.1,0.006895991465782119,0.018921493,0.015619622
2026_FL_House-14_REP,FL,House,14,REP,Ergin Tek,2026-08-18,1,1,0.5,-17.6,0.04301783567845322,0.018921493,0.015619622
2026_FL_House-14_REP,FL,House,14,REP,Bea Valenti,2026-08-18,1,1,1.6,-16.5,,0.018921493,0.015619622
2026_FL_House-16_REP,FL,House,16,REP,Sydney Gruters,2026-08-18,1,1,49.0,36.0,,0.9413669,0.9431514
2026_FL_House-16_REP,FL,House,16,REP,Eddie Speir,2026-08-18,1,1,13.0,0.0,,0.042787075,0.042868186
2026_FL_House-16_REP,FL,House,16,REP,Ed Pope,2026-08-18,1,1,7.0,-6.0,1.0,0.013953932,0.013980384
2026_FL_House-19_DEM,FL,House,19,DEM,Jim Pederson,2026-08-18,1,1,0.4,0.0,,0.2825702,1.0
2026_FL_House-19_REP,FL,House,19,REP,Jim Schwartzel,2026-08-18,2,2,8.4,0.0,0.16193050793353395,0.058389712,0.32099637
2026_FL_House-19_REP,FL,House,19,REP,James D. Oberweis,2026-08-18,2,2,9.45,1.049999999999999,0.4072906497367972,0.046761822,0.25707227
2026_FL_House-19_REP,FL,House,19,REP,Mike Pedersen,2026-08-18,2,2,1.95,-6.45,0.0042968693430986155,0.015051045,0.08274285
2026_FL_House-19_REP,FL,House,19,REP,Catalina Lauf,2026-08-18,2,2,2.95,-5.45,0.09104592163675501,0.014497584,0.0797002
2026_FL_House-19_REP,FL,House,19,REP,John Strand,2026-08-18,1,2,3.5,-4.9,0.007741734535014995,0.01320653,0.07260266
2026_FL_House-19_REP,FL,House,19,REP,David Madison Cawthorn,2026-08-18,2,2,4.6,-3.8000000000000007,,0.009391836,0.051631447
2026_FL_House-19_REP,FL,House,19,REP,Chris Collins,2026-08-18,2,2,4.2,-4.2,0.24375823738235494,0.00884355,0.048617255
2026_FL_House-19_REP,FL,House,19,REP,Ola Hawatmeh,2026-08-18,2,2,0.1,-8.3,0.035414023263460576,0.007991067,0.043930747
2026_FL_House-19_REP,FL,House,19,REP,Madison Cawthorn,2026-08-18,2,2,6.6,-1.8000000000000007,0.048522056168984626,0.007768321,0.042706203
2026_FL_House-20_DEM,FL,House,20,DEM,Debbie Wasserman Schultz,2026-08-18,3,7,43.0,2.3333333333333357,0.6284123429504044,0.24867448,0.57279456
2026_FL_House-20_DEM,FL,House,20,DEM,Sheila Cherfilus-McCormick,2026-08-18,6,7,30.5,-10.166666666666664,0.08948690994710709,0.07023882,0.16178747
2026_FL_House-20_DEM,FL,House,20,DEM,Elijah Manley,2026-08-18,6,7,40.666666666666664,0.0,0.1958134741645609,0.060874645,0.1402181
2026_FL_House-20_DEM,FL,House,20,DEM,Dale Holness,2026-08-18,6,7,27.666666666666668,-12.999999999999996,0.07696457634273104,0.028025856,0.0645545
2026_FL_House-20_DEM,FL,House,20,DEM,Luther Campbell,2026-08-18,4,7,16.75,-23.916666666666664,0.009322696595196614,0.020501984,0.047224082
2026_FL_House-20_DEM,FL,House,20,DEM,Maisha Williams,2026-08-18,1,7,1.0,-39.666666666666664,,0.0058267782,0.013421347
2026_FL_House-23_DEM,FL,House,23,DEM,Jared Moskowitz,2026-08-18,1,1,44.0,23.0,,0.783614,0.89310515
2026_FL_House-23_DEM,FL,House,23,DEM,A Progressive Challenger,2026-08-18,1,1,21.0,0.0,,0.08273589,0.09429624
2026_FL_House-23_DEM,FL,House,23,DEM,Oliver Larkin,2026-08-18,1,1,11.0,-10.0,,0.011054026,0.01259856
2026_FL_House-25_DEM,FL,House,25,DEM,Jared Moskowitz,2026-08-18,3,3,41.93333333333333,28.799999999999997,0.8392129842890059,0.98708516,0.9532024
2026_FL_House-25_DEM,FL,House,25,DEM,Oliver Larkin,2026-08-18,3,3,13.133333333333333,0.0,0.16078701571099407,0.048461027,0.04679755
2026_FL_House-27_DEM,FL,House,27,DEM,Eliott Rodriguez,2026-08-18,2,2,48.5,26.5,0.2751591849222587,0.98146296,0.7586336
2026_FL_House-27_DEM,FL,House,27,DEM,Robin Peguero,2026-08-18,2,2,22.0,0.0,0.7248408150777412,0.31226158,0.24136636
2026_FL_House-2_REP,FL,House,2,REP,Keith Gross,2026-08-18,1,1,34.4,2.6999999999999993,0.9425465506522571,0.55045706,0.56738514
2026_FL_House-2_REP,FL,House,2,REP,Evan Power,2026-08-18,1,1,31.7,0.0,0.057453449347742894,0.41970772,0.43261486
2026_GA_Governor_DEM,GA,Governor,,DEM,Keisha Lance Bottoms,2026-06-16,12,13,44.625,0.0,,0.8767892,0.95611894
2026_GA_Governor_DEM,GA,Governor,,DEM,Stacey Abrams,2026-06-16,1,13,52.0,7.375,,0.019494487,0.0212583
2026_GA_Governor_DEM,GA,Governor,,DEM,Geoff Duncan,2026-06-16,8,13,10.875,-33.75,,0.004213507,0.0045947344
2026_GA_Governor_DEM,GA,Governor,,DEM,Michael Thurmond,2026-06-16,8,13,14.3,-30.325,,0.00415206,0.004527728
2026_GA_Governor_DEM,GA,Governor,,DEM,Jason Esteves,2026-06-16,8,13,8.0,-36.625,,0.003501741,0.00381857
2026_GA_Governor_DEM,GA,Governor,,DEM,Derrick Jackson,2026-06-16,7,13,1.757142857142857,-42.86785714285714,,0.002725926,0.002972561
2026_GA_Governor_DEM,GA,Governor,,DEM,Amanda Duffy,2026-06-16,1,13,0.3,-44.325,,0.0022628813,0.0024676211
2026_GA_Governor_DEM,GA,Governor,,DEM,Olu Brown,2026-06-16,6,13,1.0333333333333334,-43.59166666666667,,0.002213416,0.0024136803
2026_GA_Governor_DEM,GA,Governor,,DEM,Ruwa Romman,2026-06-16,1,13,1.0,-43.625,,0.0016762065,0.0018278655
2026_GA_Governor_REP,GA,Governor,,REP,Rick Jackson,2026-06-16,23,30,30.330434782608698,6.151863354037271,,0.9797508,0.6042517
2026_GA_Governor_REP,GA,Governor,,REP,Burt Jones,2026-06-16,28,30,24.178571428571427,0.0,,0.6087162,0.37541974
2026_GA_Governor_REP,GA,Governor,,REP,Brad Raffensperger,2026-06-16,25,30,14.095999999999998,-10.082571428571429,,0.016305882,0.010056493
2026_GA_Governor_REP,GA,Governor,,REP,Chris Carr,2026-06-16,26,30,7.41923076923077,-16.75934065934066,,0.004326863,0.0026685502
2026_GA_Governor_REP,GA,Governor,,REP,Gregg Kirkpatrick,2026-06-16,6,30,1.25,-22.928571428571427,,0.0034501394,0.0021278395
2026_GA_Governor_REP,GA,Governor,,REP,Marjorie Taylor Greene,2026-06-16,2,30,22.0,-2.178571428571427,,0.0025233715,0.0015562646
2026_GA_Governor_REP,GA,Governor,,REP,Thomas Williams,2026-06-16,2,30,0.25,-23.928571428571427,,0.0017786582,0.0010969699
2026_GA_Governor_REP,GA,Governor,,REP,Clark Dean,2026-06-16,13,30,1.0461538461538462,-23.13241758241758,,0.0015414446,0.0009506708
2026_GA_Governor_REP,GA,Governor,,REP,Ken Yasger,2026-06-16,6,30,0.3833333333333333,-23.795238095238094,,0.0011324692,0.0006984392
2026_GA_Governor_REP,GA,Governor,,REP,Brad Raffersperger,2026-06-16,1,30,13.0,-11.178571428571427,,0.0010509148,0.0006481413
2026_GA_Governor_REP,GA,Governor,,REP,Leland Olinger II,2026-06-16,3,30,1.5333333333333332,-22.645238095238092,,0.0008516252,0.0005252315
2026_GA_House-13_DEM,GA,House,13,DEM,David Scott,2026-06-16,1,1,31.0,1.0,0.14526361442586955,0.42803007,0.5159619
2026_GA_House-13_DEM,GA,House,13,DEM,Jasmine Clark,2026-06-16,1,1,30.0,0.0,0.33454171831476615,0.3060966,0.36897916
2026_GA_House-13_DEM,GA,House,13,DEM,Heavenly Kimes,2026-06-16,1,1,10.0,-20.0,0.17597210722301812,0.026232628,0.031621695
2026_GA_House-13_DEM,GA,House,13,DEM,Emanuel Jones,2026-06-16,1,1,8.0,-22.0,0.12290941730294185,0.020351162,0.024531975
2026_GA_House-13_DEM,GA,House,13,DEM,Everton Blair,2026-06-16,1,1,6.0,-24.0,0.19911821948860553,0.0187615,0.022615744
2026_GA_House-13_DEM,GA,House,13,DEM,Jeffree Fauntleroy,2026-06-16,1,1,1.0,-29.0,0.006826536510591714,0.015052503,0.018144794
2026_GA_House-13_DEM,GA,House,13,DEM,Joe Lester,2026-06-16,1,1,1.0,-29.0,0.015368386734207078,0.015052503,0.018144794
2026_GA_Senate_REP,GA,Senate,,REP,Mike Collins,2026-06-16,21,21,30.14761904761905,13.385714285714286,0.5684042212586498,0.9593481,0.6957578
2026_GA_Senate_REP,GA,Senate,,REP,Derek Dooley,2026-06-16,19,21,13.41578947368421,-3.3461152882205525,0.4278918620101863,0.36075944,0.26163727
2026_GA_Senate_REP,GA,Senate,,REP,Buddy Carter,2026-06-16,21,21,16.761904761904763,0.0,,0.0479029,0.03474111
2026_GA_Senate_REP,GA,Senate,,REP,John Francis Coyne III,2026-06-16,4,21,0.425,-16.336904761904762,,0.005518881,0.0040025148
2026_GA_Senate_REP,GA,Senate,,REP,Jonathan McColumn,2026-06-16,5,21,1.44,-15.321904761904763,0.003703916731164064,0.005324184,0.0038613125
2026_HI_House-1_DEM,HI,House,1,DEM,Ed Case,2026-08-08,1,1,44.0,18.0,0.5200754859916723,0.5731807,0.79681855
2026_HI_House-1_DEM,HI,House,1,DEM,Della Au Belatti,2026-08-08,1,1,26.0,0.0,0.10367394512790387,0.08189286,0.113845
2026_HI_House-1_DEM,HI,House,1,DEM,Jarrett Keohokalole,2026-08-08,1,1,25.0,-1.0,0.3762505688804238,0.064263016,0.089336514
2026_IA_Governor_DEM,IA,Governor,,DEM,Rob Sand,2026-06-02,6,6,49.166666666666664,0.0,,0.92750955,1.0
2026_IA_Governor_REP,IA,Governor,,REP,Zach Lahn,2026-06-02,6,9,32.199999999999996,0.0,,0.85638064,0.81520396
2026_IA_Governor_REP,IA,Governor,,REP,Randy Feenstra,2026-06-02,6,9,35.199999999999996,3.0,,0.15455773,0.14712626
2026_IA_Governor_REP,IA,Governor,,REP,Adam Steen,2026-06-02,3,9,13.266666666666666,-18.93333333333333,,0.02501505,0.023812272
2026_IA_Governor_REP,IA,Governor,,REP,Brad Sherman,2026-06-02,3,9,7.266666666666667,-24.93333333333333,,0.008851244,0.008425657
2026_IA_Governor_REP,IA,Governor,,REP,Eddie Andrews,2026-06-02,3,9,4.2,-27.999999999999996,,0.0057061315,0.005431768
2026_IA_House-1_DEM,IA,House,1,DEM,Christina Bohannan,2026-06-02,1,1,43.0,0.0,1.0,0.4705631,1.0
2026_IA_House-1_REP,IA,House,1,REP,Mariannette Miller-Meeks,2026-06-02,1,1,39.0,0.0,1.0,0.44064,1.0
2026_IA_House-3_DEM,IA,House,3,DEM,Sarah Trone Garriott,2026-06-02,1,2,42.0,0.0,0.8649960243249738,0.4562333,0.80383706
2026_IA_House-3_DEM,IA,House,3,DEM,Jennifer Konfrst,2026-06-02,1,2,44.0,2.0,0.1350039756750262,0.11133611,0.196163
2026_IA_House-3_REP,IA,House,3,REP,Zach Nunn,2026-06-02,2,2,46.0,0.0,1.0,0.85628605,1.0
2026_IA_Senate_DEM,IA,Senate,,DEM,Josh Turek,2026-06-02,17,17,41.64705882352941,0.0,0.38778638124440834,0.90332884,0.8527064
2026_IA_Senate_DEM,IA,Senate,,DEM,Zach Wahls,2026-06-02,12,17,37.0,-4.647058823529413,0.4110894498047506,0.089101754,0.0841085
2026_IA_Senate_DEM,IA,Senate,,DEM,Nathan Sage,2026-06-02,2,17,41.0,-0.647058823529413,0.16041358564430766,0.047489364,0.044828065
2026_IA_Senate_DEM,IA,Senate,,DEM,Jackie Norris,2026-06-02,1,17,42.0,0.352941176470587,0.04071058330653329,0.019446861,0.01835706
2026_IA_Senate_REP,IA,Senate,,REP,Ashley Hinson,2026-06-02,10,13,48.6,2.6000000000000014,,0.9558015,0.94488394
2026_IA_Senate_REP,IA,Senate,,REP,Joni Ernst,2026-06-02,3,13,46.0,0.0,0.8134641332984723,0.02810579,0.027784755
2026_IA_Senate_REP,IA,Senate,,REP,Jim Carlin,2026-06-02,2,13,20.5,-25.5,0.18653586670152775,0.02764711,0.027331313
2026_IL_Governor_DEM,IL,Governor,,DEM,JB Pritzker,,1,1,54.0,0.0,,0.7349883,1.0
2026_IL_Governor_REP,IL,Governor,,REP,Darren Bailey,,5,5,38.88,31.080000000000002,,0.89367044,0.9452624
2026_IL_Governor_REP,IL,Governor,,REP,Rick Heidner,,3,5,3.6999999999999997,-4.1,,0.020017492,0.021173108
2026_IL_Governor_REP,IL,Governor,,REP,Ted Dabrowski,,4,5,7.8,0.0,,0.01681714,0.017788
2026_IL_Governor_REP,IL,Governor,,REP,Jim Mendrick,,4,5,5.85,-1.9500000000000002,,0.014915448,0.015776522
2026_IL_House-2_DEM,IL,House,2,DEM,Jesse Jackson Jr.,,3,3,22.0,11.666666666666666,0.08534979007284961,0.7359117,0.78956443
2026_IL_House-2_DEM,IL,House,2,DEM,Donna Miller,,3,3,9.666666666666666,-0.6666666666666679,0.5440464639437641,0.059660107,0.06400971
2026_IL_House-2_DEM,IL,House,2,DEM,Yumeka Brown,,3,3,10.333333333333334,0.0,0.027592564621845384,0.05454434,0.058520973
2026_IL_House-2_DEM,IL,House,2,DEM,Willie Preston,,3,3,4.0,-6.333333333333334,0.03409417318988621,0.051704727,0.055474333
2026_IL_House-2_DEM,IL,House,2,DEM,Robert Peters,,3,3,4.333333333333333,-6.000000000000001,0.30891700817165446,0.030226817,0.03243055
2026_IL_House-7_DEM,IL,House,7,DEM,La Shawn Ford,,1,1,23.0,8.0,0.10858259664291595,0.3358025,0.2903487
2026_IL_House-7_DEM,IL,House,7,DEM,Melissa Conyears–Ervin,,1,1,15.0,0.0,,0.15285689,0.13216637
2026_IL_House-7_DEM,IL,House,7,DEM,Melissa Conyears-Ervin,,1,1,15.0,0.0,0.1370618205704629,0.15285689,0.13216637
2026_IL_House-7_DEM,IL,House,7,DEM,Jason Friedman,,1,1,10.0,-5.0,0.41658561367636754,0.09271752,0.0801674
2026_IL_House-7_DEM,IL,House,7,DEM,Richard Boykin,,1,1,4.0,-11.0,0.07564448964475355,0.08754489,0.075694926
2026_IL_House-7_DEM,IL,House,7,DEM,Thomas Fisher,,1,1,4.0,-11.0,0.15372199718766535,0.08754489,0.075694926
2026_IL_House-7_DEM,IL,House,7,DEM,Kina Collins,,1,1,12.0,-3.0,0.009114766519557308,0.08282115,0.07161059
2026_IL_House-7_DEM,IL,House,7,DEM,Anthony Driver Jr.,,1,1,1.0,-14.0,0.04132097765632998,0.08220211,0.071075335
2026_IL_House-7_DEM,IL,House,7,DEM,Reed Showalter,,1,1,1.0,-14.0,0.0579677381019474,0.08220211,0.071075335
2026_IL_House-8_DEM,IL,House,8,DEM,Melissa Bean,,3,3,16.0,3.0,0.2494592118052467,0.5433013,0.69113135
2026_IL_House-8_DEM,IL,House,8,DEM,Junaid Ahmed,,3,3,13.0,0.0,0.22623797608143484,0.16237678,0.20655884
2026_IL_House-8_DEM,IL,House,8,DEM,Neil Khot,,3,3,6.666666666666667,-6.333333333333333,0.43084185935155733,0.059144437,0.0752374
2026_IL_House-8_DEM,IL,House,8,DEM,Kevin Morrison,,3,3,8.0,-5.0,0.09346095276176114,0.021281704,0.02707237
2026_IL_House-9_DEM,IL,House,9,DEM,Daniel Biss,,12,12,23.916666666666668,8.841666666666667,0.19949838741711592,0.074899025,0.39659697
2026_IL_House-9_DEM,IL,House,9,DEM,Laura Fine,,12,12,13.991666666666667,-1.083333333333334,0.19468207292020923,0.03742186,0.19815205
2026_IL_House-9_DEM,IL,House,9,DEM,Kat Abughazaleh,,12,12,15.075000000000001,0.0,0.286748046030385,0.010009799,0.05300277
2026_IL_House-9_DEM,IL,House,9,DEM,Justin Ford,,1,12,1.0,-14.075000000000001,0.001988128637279239,0.009619782,0.050937593
2026_IL_House-9_DEM,IL,House,9,DEM,Patricia Brown,,1,12,0.0,-15.075000000000001,,0.008860783,0.046918627
2026_IL_House-9_DEM,IL,House,9,DEM,Mark Arnold Fredrickson,,1,12,0.0,-15.075000000000001,,0.008860783,0.046918627
2026_IL_House-9_DEM,IL,House,9,DEM,Bethany Johnson,,1,12,0.0,-15.075000000000001,0.0001959120345141029,0.008860783,0.046918627
2026_IL_House-9_DEM,IL,House,9,DEM,Nick Pyati,,1,12,0.0,-15.075000000000001,0.018531906769299774,0.008860783,0.046918627
2026_IL_House-9_DEM,IL,House,9,DEM,Sam Polan,,3,12,0.3666666666666667,-14.708333333333334,0.026598750438322997,0.0040110303,0.02123876
2026_IL_House-9_DEM,IL,House,9,DEM,Phil Andrew,,12,12,3.475,-11.600000000000001,0.09978180390004796,0.0036804124,0.01948811
2026_IL_House-9_DEM,IL,House,9,DEM,Jeff Cohen,,3,12,0.5333333333333333,-14.541666666666668,0.05587313350778925,0.0036404617,0.019276567
2026_IL_House-9_DEM,IL,House,9,DEM,Hoan Huynh,,12,12,2.716666666666667,-12.358333333333334,,0.0035799588,0.018956197
2026_IL_House-9_DEM,IL,House,9,DEM,Bushra Amiwala,,12,12,4.458333333333333,-10.616666666666667,0.08326156743264228,0.0034874785,0.018466506
2026_IL_House-9_DEM,IL,House,9,DEM,Mike Simmons,,12,12,7.016666666666667,-8.058333333333334,0.03284029091239419,0.0030613292,0.016210008
2026_IL_Senate_DEM,IL,Senate,,DEM,Raja Krishnamoorthi,,25,25,34.472,11.484000000000005,,0.70358837,0.76181257
2026_IL_Senate_DEM,IL,Senate,,DEM,Juliana Stratton,,25,25,22.987999999999996,0.0,0.5338234378017835,0.17025095,0.18433978
2026_IL_Senate_DEM,IL,Senate,,DEM,Robin L. Kelly,,25,25,11.712000000000003,-11.275999999999993,0.3862111832236582,0.007324793,0.007930943
2026_IL_Senate_DEM,IL,Senate,,DEM,Steve Botsford,,4,25,0.475,-22.512999999999995,0.041526705429432355,0.006058194,0.0065595293
2026_IL_Senate_DEM,IL,Senate,,DEM,Sean Brown,,5,25,0.38,-22.607999999999997,,0.006058194,0.0065595293
2026_IL_Senate_DEM,IL,Senate,,DEM,Awisi Bustos,,5,25,1.2200000000000002,-21.767999999999997,0.004682672368468398,0.006058194,0.0065595293
2026_IL_Senate_DEM,IL,Senate,,DEM,Jonathan Dean,,5,25,0.44000000000000006,-22.547999999999995,0.013860575664978583,0.006058194,0.0065595293
2026_IL_Senate_DEM,IL,Senate,,DEM,Bryan Maxwell,,4,25,0.675,-22.312999999999995,0.0024484730347935505,0.006058194,0.0065595293
2026_IL_Senate_DEM,IL,Senate,,DEM,Kevin Ryan,,5,25,1.52,-21.467999999999996,0.015481291896731697,0.006058194,0.0065595293
2026_IL_Senate_DEM,IL,Senate,,DEM,Christopher Swann,,4,25,0.7999999999999999,-22.187999999999995,0.0019656605801536974,0.006058194,0.0065595293
2026_IL_Senate_REP,IL,Senate,,REP,Don Tracy,,2,2,5.8,2.65,0.6048338299613012,0.5145545,0.38721198
2026_IL_Senate_REP,IL,Senate,,REP,Jimmy Lee Tillman,,2,2,3.15,0.0,,0.26549372,0.19978905
2026_IL_Senate_REP,IL,Senate,,REP,Jeannie Evans,,2,2,2.75,-0.3999999999999999,0.33274574643422405,0.22785318,0.17146382
2026_IL_Senate_REP,IL,Senate,,REP,Pamelia Denise Long,,1,2,1.9,-1.25,0.006423015549387709,0.11428169,0.08599913
2026_IL_Senate_REP,IL,Senate,,REP,R. Cary Capparelli,,1,2,1.7,-1.45,0.0035011106163465016,0.10334357,0.07776799
2026_IL_Senate_REP,IL,Senate,,REP,Casey Chlebek,,1,2,1.3,-1.8499999999999999,0.05249629743874047,0.10334357,0.07776799
2026_KS_Governor_DEM,KS,Governor,,DEM,Cindy Holscher,2026-08-04,2,2,35.0,25.5,,0.98632216,0.9727967
2026_KS_Governor_DEM,KS,Governor,,DEM,Ethan Corson,2026-08-04,2,2,9.5,0.0,,0.017742954,0.017499644
2026_KS_Governor_DEM,KS,Governor,,DEM,Curt Skoog,2026-08-04,1,2,7.0,-2.5,,0.009838609,0.009703691
2026_KS_Senate_DEM,KS,Senate,,DEM,Adam Hamilton,2026-08-04,1,1,18.0,8.0,,0.71489936,0.816722
2026_KS_Senate_DEM,KS,Senate,,DEM,Christy Davis,2026-08-04,1,1,10.0,0.0,0.18180459845840696,0.047483023,0.054245997
2026_KS_Senate_DEM,KS,Senate,,DEM,Noah Taylor,2026-08-04,1,1,4.0,-6.0,0.09607649638894429,0.024505304,0.027995577
2026_KS_Senate_DEM,KS,Senate,,DEM,Erik Murray,2026-08-04,1,1,2.0,-8.0,0.2385068947138615,0.02261297,0.025833718
2026_KS_Senate_DEM,KS,Senate,,DEM,Sandy Spidel Neumann,2026-08-04,1,1,1.0,-9.0,0.24861222949081155,0.02261297,0.025833718
2026_KS_Senate_DEM,KS,Senate,,DEM,Anne Parelkar,2026-08-04,1,1,3.0,-7.0,,0.021724578,0.024818795
2026_KS_Senate_DEM,KS,Senate,,DEM,Patrick Schmidt,2026-08-04,1,1,7.0,-3.0,0.23499978094797572,0.021489514,0.02455025
2026_KY_House-4_REP,KY,House,4,REP,Ed Gallrein,2026-05-19,12,14,47.125,4.56071428571429,0.3634238118294393,0.9069796,0.5468275
2026_KY_House-4_REP,KY,House,4,REP,Thomas Massie,2026-05-19,14,14,42.56428571428571,0.0,0.6365761881705606,0.7516414,0.45317248
2026_KY_House-6_DEM,KY,House,6,DEM,Cherlynn Stevenson,2026-05-19,2,2,27.0,14.0,0.3015219380635029,0.9365764,0.8535305
2026_KY_House-6_DEM,KY,House,6,DEM,Zach Dembo,2026-05-19,2,2,13.0,0.0,0.47860550028162246,0.077018745,0.07018952
2026_KY_House-6_DEM,KY,House,6,DEM,Erin Petrey,2026-05-19,2,2,6.0,-7.0,0.1193647685748314,0.023162471,0.021108663
2026_KY_House-6_DEM,KY,House,6,DEM,Corey Edwards,2026-05-19,2,2,4.0,-9.0,,0.017391922,0.015849786
2026_KY_House-6_DEM,KY,House,6,DEM,Jimmy Ausbrooks,2026-05-19,2,2,2.0,-11.0,,0.016029643,0.0146083
2026_KY_House-6_DEM,KY,House,6,DEM,David Kloiber,2026-05-19,2,2,2.0,-11.0,0.10050779308004332,0.016029643,0.0146083
2026_KY_House-6_DEM,KY,House,6,DEM,Harvey Carroll,2026-05-19,1,2,1.0,-12.0,,0.011088049,0.010104875
2026_KY_House-6_REP,KY,House,6,REP,Ralph Alvarado,2026-05-19,3,3,30.333333333333332,17.333333333333332,0.15997322609432463,0.9904759,0.9775619
2026_KY_House-6_REP,KY,House,6,REP,Ryan Dotson,2026-05-19,3,3,13.0,0.0,0.07521230155854769,0.012925455,0.012756931
2026_KY_House-6_REP,KY,House,6,REP,Greg Plucinski,2026-05-19,3,3,5.0,-8.0,0.08541692366679242,0.0034087754,0.0033643313
2026_KY_House-6_REP,KY,House,6,REP,Adam Perez Arquette,2026-05-19,3,3,0.6666666666666666,-12.333333333333334,0.6793975486803352,0.0032001734,0.003158449
2026_KY_House-6_REP,KY,House,6,REP,Steve Shannon,2026-05-19,3,3,2.0,-11.0,,0.0032001734,0.003158449
2026_KY_Senate_DEM,KY,Senate,,DEM,Charles Booker,2026-05-19,3,3,33.06666666666667,10.86666666666667,0.13201435451151225,0.97542965,0.89905745
2026_KY_Senate_DEM,KY,Senate,,DEM,Amy McGrath,2026-05-19,3,3,22.2,0.0,0.559132798519117,0.075627744,0.069706395
2026_KY_Senate_DEM,KY,Senate,,DEM,Pamela Stevenson,2026-05-19,3,3,3.466666666666667,-18.733333333333334,0.08081294324256302,0.009889054,0.00911478
2026_KY_Senate_DEM,KY,Senate,,DEM,Logan Forsythe,2026-05-19,3,3,1.4666666666666668,-20.733333333333334,0.012181422229107959,0.008910731,0.008213057
2026_KY_Senate_DEM,KY,Senate,,DEM,Dale Romans,2026-05-19,2,3,1.3,-20.9,0.21585848149769973,0.0075449236,0.0069541866
2026_KY_Senate_DEM,KY,Senate,,DEM,Vincent Thompson,2026-05-19,2,3,1.65,-20.55,,0.0075449236,0.0069541866
2026_KY_Senate_REP,KY,Senate,,REP,Andy Barr,2026-05-19,23,23,25.29565217391304,0.0,,0.9312554,0.5868295
2026_KY_Senate_REP,KY,Senate,,REP,Daniel Cameron,2026-05-19,23,23,35.61304347826086,10.317391304347822,0.2014057977197785,0.64588106,0.4070012
2026_KY_Senate_REP,KY,Senate,,REP,Michael Faris,2026-05-19,4,23,2.875,-22.42065217391304,0.00567822737103385,0.005441238,0.0034287898
2026_KY_Senate_REP,KY,Senate,,REP,Nate Morris,2026-05-19,23,23,9.543478260869565,-15.752173913043476,0.7929159749091876,0.004349056,0.0027405526
2026_MA_Governor_DEM,MA,Governor,,DEM,Maura Healey,2026-09-01,1,1,63.2,52.6,,0.8755192,0.9662638
2026_MA_Governor_DEM,MA,Governor,,DEM,Diana DiZoglio,2026-09-01,1,1,10.6,0.0,,0.015858766,0.017502472
2026_MA_Governor_DEM,MA,Governor,,DEM,Kim Driscoll,2026-09-01,1,1,9.6,-1.0,,0.014709155,0.016233709
2026_MA_Governor_REP,MA,Governor,,REP,Mike Minogue,2026-09-01,7,8,29.571428571428573,11.433928571428574,,0.9493356,0.94458395
2026_MA_Governor_REP,MA,Governor,,REP,Brian Shortsleeve,2026-09-01,8,8,18.1375,0.0,,0.05569479,0.055416025
2026_MA_House-4_DEM,MA,House,4,DEM,Jake Auchincloss,2026-09-01,1,1,64.0,47.0,0.9968752513780075,0.95149904,0.9606969
2026_MA_House-4_DEM,MA,House,4,DEM,Jason Poulos,2026-09-01,1,1,17.0,0.0,0.003124748621992498,0.03892683,0.03930312
2026_MA_House-6_DEM,MA,House,6,DEM,Tram Nguyen,2026-09-01,2,2,20.5,6.5,0.061676909666647586,0.7367124,0.8992916
2026_MA_House-6_DEM,MA,House,6,DEM,Dan Koh,2026-09-01,2,2,14.0,0.0,0.5036770450891744,0.04036012,0.04926687
2026_MA_House-6_DEM,MA,House,6,DEM,Beth Andres-Beck,2026-09-01,2,2,5.5,-8.5,0.03507960477320626,0.012132114,0.014809453
2026_MA_House-6_DEM,MA,House,6,DEM,John Beccia,2026-09-01,2,2,8.0,-6.0,0.35071805886615304,0.011420357,0.013940625
2026_MA_House-6_DEM,MA,House,6,DEM,Jamie Belsito,2026-09-01,2,2,6.5,-7.5,0.01925263990978769,0.009649515,0.01177899
2026_MA_House-6_DEM,MA,House,6,DEM,Maria Lancaster,2026-09-01,2,2,5.5,-8.5,0.029595741695031024,0.008939687,0.010912515
2026_MA_House-8_DEM,MA,House,8,DEM,Stephen F. Lynch,2026-09-01,1,1,62.0,26.0,0.37897144061017657,0.81848884,0.8049005
2026_MA_House-8_DEM,MA,House,8,DEM,Patrick Roath,2026-09-01,1,1,36.0,0.0,0.6210285593898235,0.19839312,0.19509946
2026_MA_Senate_DEM,MA,Senate,,DEM,Edward J. Markey,2026-09-01,11,11,40.71818181818182,11.281818181818181,0.4720325905106511,0.96132624,0.67472553
2026_MA_Senate_DEM,MA,Senate,,DEM,Seth Moulton,2026-09-01,11,11,29.436363636363637,0.0,0.5279674094893488,0.46344006,0.32527444
2026_MD_Governor_DEM,MD,Governor,,DEM,Wes Moore,2026-06-23,2,2,51.0,0.0,,0.6545162,1.0
2026_MD_Governor_REP,MD,Governor,,REP,Larry Hogan,2026-06-23,1,1,38.0,0.0,,0.41581422,1.0
2026_MD_House-5_DEM,MD,House,5,DEM,Adrian Boafo,2026-06-23,3,3,12.333333333333334,0.0,0.09084059649486044,0.10768293,0.44142202
2026_MD_House-5_DEM,MD,House,5,DEM,Rushern Baker,2026-06-23,3,3,14.0,1.666666666666666,0.029532176487331713,0.052585874,0.21556398
2026_MD_House-5_DEM,MD,House,5,DEM,Harry Dunn,2026-06-23,3,3,8.333333333333334,-4.0,0.3230090128740995,0.024712987,0.10130534
2026_MD_House-5_DEM,MD,House,5,DEM,Quincy Bareebe,2026-06-23,3,3,8.666666666666666,-3.666666666666668,0.47272741418901726,0.020747492,0.08504969
2026_MD_House-5_DEM,MD,House,5,DEM,Harry Jarin,2026-06-23,3,3,1.0,-11.333333333333334,0.0343389001516447,0.016481666,0.06756289
2026_MD_House-5_DEM,MD,House,5,DEM,Arthur Ellis,2026-06-23,2,3,3.5,-8.833333333333334,0.017858789641805404,0.01093837,0.044839393
2026_MD_House-5_DEM,MD,House,5,DEM,Wala Blegay,2026-06-23,3,3,7.0,-5.333333333333334,0.03169311016124097,0.010796223,0.044256695
2026_MD_House-6_DEM,MD,House,6,DEM,David J. Trone,2026-06-23,14,14,38.57142857142857,0.0,0.7540335359164364,0.9141467,0.5010775
2026_MD_House-6_DEM,MD,House,6,DEM,April McClain Delaney,2026-06-23,14,14,46.57142857142857,8.0,0.2459664640835636,0.9102154,0.49892256
2026_ME_Governor_DEM,ME,Governor,,DEM,Nirav Shah,2026-07-25,15,16,31.4,14.087499999999999,,0.8944316,0.74538845
2026_ME_Governor_DEM,ME,Governor,,DEM,Hannah Pingree,2026-07-25,16,16,17.3125,0.0,,0.23546864,0.19623144
2026_ME_Governor_DEM,ME,Governor,,DEM,Angus King III,2026-07-25,16,16,16.125,-1.1875,,0.024227137,0.02019006
2026_ME_Governor_DEM,ME,Governor,,DEM,Shenna Bellows,2026-07-25,16,16,16.75,-0.5625,,0.023811232,0.01984346
2026_ME_Governor_DEM,ME,Governor,,DEM,Troy Jackson,2026-07-25,16,16,15.125,-2.1875,,0.020034138,0.01669576
2026_ME_Governor_DEM,ME,Governor,,DEM,Round,2026-07-25,1,16,1.0,-16.3125,,0.0019809315,0.0016508399
2026_ME_Governor_REP,ME,Governor,,REP,Robert Charles,2026-07-25,14,11,32.57142857142857,19.480519480519476,,0.9765037,0.892562
2026_ME_Governor_REP,ME,Governor,,REP,Jonathan Bush,2026-07-25,11,11,13.090909090909092,0.0,,0.097376525,0.089005895
2026_ME_Governor_REP,ME,Governor,,REP,Ben Midgley,2026-07-25,9,11,7.144444444444444,-5.946464646464648,,0.0053236666,0.0048660366
2026_ME_Governor_REP,ME,Governor,,REP,Garrett Mason,2026-07-25,10,11,10.0,-3.0909090909090917,,0.003853033,0.0035218208
2026_ME_Governor_REP,ME,Governor,,REP,David Jones,2026-07-25,10,11,5.7,-7.3909090909090915,,0.0035611263,0.0032550066
2026_ME_Governor_REP,ME,Governor,,REP,Robert Wessels,2026-07-25,8,11,2.625,-10.465909090909092,,0.0025277308,0.0023104434
2026_ME_Governor_REP,ME,Governor,,REP,James Libby,2026-07-25,6,11,2.3333333333333335,-10.757575757575758,,0.0024990067,0.0022841885
2026_ME_Governor_REP,ME,Governor,,REP,Owen McCarthy,2026-07-25,10,11,3.8,-9.290909090909093,,0.0024009575,0.0021945678
2026_ME_House-1_REP,ME,House,1,REP,Ronald C. Russell,2026-07-25,1,1,24.0,17.0,0.8231773921971467,0.92536676,0.9396222
2026_ME_House-1_REP,ME,House,1,REP,Joshua Pietrowicz,2026-07-25,1,1,7.0,0.0,0.17682260780285336,0.0594618,0.060377818
2026_ME_House-2_DEM,ME,House,2,DEM,Joe Baldacci,2026-07-25,10,10,35.3,15.299999999999997,0.07348063173249256,0.77049196,0.87893677
2026_ME_House-2_DEM,ME,House,2,DEM,Matt Dunlap,2026-07-25,10,10,20.0,0.0,0.12902146922258456,0.06885733,0.07854882
2026_ME_House-2_DEM,ME,House,2,DEM,Jordan Wood,2026-07-25,10,10,15.0,-5.0,0.7905850521262399,0.032369774,0.036925737
2026_ME_House-2_DEM,ME,House,2,DEM,Paige Loud,2026-07-25,4,10,9.75,-10.25,0.006912846918683043,0.0048991623,0.005588707
2026_ME_Senate_DEM,ME,Senate,,DEM,Graham Platner,2026-07-25,35,39,50.44857142857143,4.3985714285714295,0.5730294725346676,0.76866513,0.5169148
2026_ME_Senate_DEM,ME,Senate,,DEM,Janet T. Mills,2026-07-25,26,39,36.47692307692308,-9.573076923076918,0.20509191625114975,0.56981534,0.38319153
2026_ME_Senate_DEM,ME,Senate,,DEM,Troy Jackson,2026-07-25,4,39,46.05,0.0,,0.077144615,0.051878497
2026_ME_Senate_DEM,ME,Senate,,DEM,Nirav Shah,2026-07-25,3,39,38.43333333333333,-7.616666666666667,,0.038596377,0.025955435
2026_ME_Senate_DEM,ME,Senate,,DEM,Shenna Bellows,2026-07-25,3,39,35.9,-10.149999999999999,,0.021355694,0.014361356
2026_ME_Senate_DEM,ME,Senate,,DEM,Dan Kleban,2026-07-25,2,39,22.55,-23.499999999999996,0.0161166354938244,0.0047060805,0.0031647624
2026_ME_Senate_DEM,ME,Senate,,DEM,Jordan Wood,2026-07-25,8,39,8.7625,-37.287499999999994,0.20050476470956907,0.0033057213,0.0022230437
2026_ME_Senate_DEM,ME,Senate,,DEM,Paige Loud,2026-07-25,1,39,0.6,-45.449999999999996,,0.0021394803,0.0014387657
2026_ME_Senate_DEM,ME,Senate,,DEM,David Allen Costello,2026-07-25,13,39,1.8384615384615386,-44.21153846153846,0.0052572110107891815,0.0012964093,0.0008718141
2026_ME_Senate_REP,ME,Senate,,REP,Susan Collins,2026-07-25,30,30,45.2,41.7,0.9985422315045797,0.9874422,0.98956645
2026_ME_Senate_REP,ME,Senate,,REP,Dan Smeriglio,2026-07-25,2,30,3.5,0.0,,0.006187185,0.0062004956
2026_ME_Senate_REP,ME,Senate,,REP,Carmen Calabrese,2026-07-25,2,30,1.0,-2.5,0.0014577684954202915,0.0042239535,0.0042330404
2026_MI_Governor_DEM,MI,Governor,,DEM,Jocelyn Benson,2026-08-04,14,14,56.74285714285715,49.557142857142864,,0.98792493,0.9979475
2026_MI_Governor_DEM,MI,Governor,,DEM,Chris Swanson,2026-08-04,14,14,7.185714285714286,0.0,,0.0020318793,0.002052493
2026_MI_Governor_REP,MI,Governor,,REP,John James,2026-08-04,31,31,35.29354838709677,18.65354838709677,,0.9530666,0.89724535
2026_MI_Governor_REP,MI,Governor,,REP,Perry Johnson,2026-08-04,25,31,16.64,0.0,,0.10008558,0.09422355
2026_MI_Governor_REP,MI,Governor,,REP,Mike Cox,2026-08-04,31,31,12.235483870967741,-4.40451612903226,,0.009061899,0.008531142
2026_MI_House-10_DEM,MI,House,10,DEM,Christina Hines,2026-08-04,1,1,30.0,17.0,0.259880247363117,0.9588194,0.92304176
2026_MI_House-10_DEM,MI,House,10,DEM,Eric Chung,2026-08-04,1,1,13.0,0.0,0.43067319379438707,0.060748376,0.058481596
2026_MI_House-10_DEM,MI,House,10,DEM,Tim Greimel,2026-08-04,1,1,7.0,-6.0,0.30944655884249594,0.019192813,0.018476648
2026_MI_House-10_REP,MI,House,10,REP,Mike Bouchard,2026-08-04,4,4,35.55,26.9,0.3750681996901357,0.91752136,0.9724611
2026_MI_House-10_REP,MI,House,10,REP,Robert Lulgjuraj,2026-08-04,4,4,8.65,0.0,0.4671237350119375,0.013481409,0.014288655
2026_MI_House-10_REP,MI,House,10,REP,Justin Kirk,2026-08-04,4,4,2.425,-6.2250000000000005,0.1578080652979268,0.0065216282,0.006912133
2026_MI_House-10_REP,MI,House,10,REP,Steffan Demetropoulos,2026-08-04,1,4,0.5,-8.15,,0.0059800805,0.006338158
2026_MI_House-7_DEM,MI,House,7,DEM,Bridget Brink,2026-08-04,4,4,16.25,2.0,0.4948530679571891,0.6783063,0.82303023
2026_MI_House-7_DEM,MI,House,7,DEM,William Lawrence,2026-08-04,4,4,14.25,0.0,0.12579972787234736,0.1383955,0.16792367
2026_MI_House-7_DEM,MI,House,7,DEM,Matt Maasdam,2026-08-04,4,4,7.25,-7.0,0.37934720417046347,0.0074554016,0.009046092
2026_MI_Senate_DEM,MI,Senate,,DEM,Abdul El-Sayed,2026-08-04,31,34,30.138709677419357,3.7534155597722965,0.3041504771075706,0.91843766,0.6085673
2026_MI_Senate_DEM,MI,Senate,,DEM,Haley Stevens,2026-08-04,34,34,26.38529411764706,0.0,0.3528251725284687,0.5866162,0.38869864
2026_MI_Senate_DEM,MI,Senate,,DEM,Mallory McMorrow,2026-08-04,29,34,16.172413793103445,-10.212880324543615,0.3430243503639606,0.0041262563,0.0027341046
2026_MI_Senate_REP,MI,Senate,,REP,Mike Rogers,2026-08-04,6,6,43.53333333333333,41.43333333333333,0.9820957323664136,0.96759796,0.8966169
2026_MI_Senate_REP,MI,Senate,,REP,Kent Benham,2026-08-04,1,6,2.1,0.0,,0.024222882,0.02244594
2026_MI_Senate_REP,MI,Senate,,REP,Andrew Kamal,2026-08-04,1,6,1.7,-0.40000000000000013,,0.022480812,0.020831663
2026_MI_Senate_REP,MI,Senate,,REP,Genevieve Scott,2026-08-04,1,6,1.4,-0.7000000000000002,0.009733872397409108,0.022480812,0.020831663
2026_MI_Senate_REP,MI,Senate,,REP,Frederick Heurtebise,2026-08-04,1,6,0.9,-1.2000000000000002,0.0012868597568860853,0.021191483,0.019636918
2026_MI_Senate_REP,MI,Senate,,REP,Bernadette Smith,2026-08-04,1,6,0.9,-1.2000000000000002,0.006883535479291279,0.021191483,0.019636918
2026_MN_Governor_REP,MN,Governor,,REP,Lisa Demuth,2026-08-11,5,5,22.6,0.0,,0.35488185,0.7562199
2026_MN_Governor_REP,MN,Governor,,REP,Michael James Lindell,2026-08-11,5,5,23.4,0.7999999999999972,,0.08328243,0.17746705
2026_MN_Governor_REP,MN,Governor,,REP,Kendall Qualls,2026-08-11,5,5,14.9,-7.700000000000001,,0.012987546,0.02767524
2026_MN_Governor_REP,MN,Governor,,REP,Loner Blue,2026-08-11,1,5,1.7,-20.900000000000002,,0.0061216005,0.013044556
2026_MN_Governor_REP,MN,Governor,,REP,Ross Nova,2026-08-11,1,5,1.7,-20.900000000000002,,0.0061216005,0.013044556
2026_MN_Governor_REP,MN,Governor,,REP,John Krhin,2026-08-11,2,5,2.85,-19.75,,0.0030074099,0.006408508
2026_MN_Governor_REP,MN,Governor,,REP,Raul Estrada,2026-08-11,2,5,1.55,-21.05,,0.0028814918,0.0061401883
2026_MN_House-2_DEM,MN,House,2,DEM,Matt Little,2026-08-11,2,2,33.5,18.5,0.4314386506739751,0.91804725,0.82565
2026_MN_House-2_DEM,MN,House,2,DEM,Matt Klein,2026-08-11,2,2,15.0,0.0,0.4211258419609712,0.1290728,0.11608221
2026_MN_House-2_DEM,MN,House,2,DEM,Kaela Berg,2026-08-11,2,2,14.5,-0.5,0.1474355073650538,0.06478854,0.05826787
2026_MN_Senate_DEM,MN,Senate,,DEM,Peggy Flanagan,2026-08-11,11,11,42.90909090909091,8.0,,0.91177666,0.51145214
2026_MN_Senate_DEM,MN,Senate,,DEM,Angie Craig,2026-08-11,11,11,34.90909090909091,0.0,1.0,0.8709447,0.48854786
2026_MN_Senate_REP,MN,Senate,,REP,Michele Tafoya,2026-08-11,5,5,43.36,31.58,0.5350879728879657,0.97917354,0.98983026
2026_MN_Senate_REP,MN,Senate,,REP,Royce White,2026-08-11,5,5,11.78,0.0,0.14829197142204356,0.005647224,0.0057086847
2026_MN_Senate_REP,MN,Senate,,REP,Tom Weiler,2026-08-11,5,5,3.72,-8.059999999999999,0.027619193098581105,0.0022976429,0.002322649
2026_MN_Senate_REP,MN,Senate,,REP,Adam Schwarze,2026-08-11,5,5,5.220000000000001,-6.559999999999999,0.28900086259140956,0.0021153712,0.0021383935
2026_MO_House-1_DEM,MO,House,1,DEM,Wesley Bell,2026-08-04,1,1,44.0,4.0,0.6926257835164452,0.6237912,0.6464055
2026_MO_House-1_DEM,MO,House,1,DEM,Cori Bush,2026-08-04,1,1,40.0,0.0,0.3073742164835547,0.3412241,0.3535945
2026_MT_House-1_DEM,MT,House,1,DEM,Sam Forstag,2026-06-02,4,5,34.5,0.0,0.32030267391580336,0.67140883,0.40920585
2026_MT_House-1_DEM,MT,House,1,DEM,Matt Rains,2026-06-02,2,5,24.0,-10.5,0.12226035033128521,0.5923036,0.3609933
2026_MT_House-1_DEM,MT,House,1,DEM,Ryan Busse,2026-06-02,3,5,41.0,6.5,0.364467599846141,0.3343672,0.20378792
2026_MT_House-1_DEM,MT,House,1,DEM,Russell Cleveland,2026-06-02,1,5,20.0,-14.5,0.19296937590677044,0.04268097,0.02601292
2026_MT_House-1_REP,MT,House,1,REP,Aaron Flint,2026-06-02,2,4,46.0,1.0,1.0,0.815708,0.8332944
2026_MT_House-1_REP,MT,House,1,REP,Ryan Zinke,2026-06-02,2,4,45.0,0.0,,0.16318733,0.1667056
2026_MT_Senate_REP,MT,Senate,,REP,Kurt Alme,2026-06-02,1,1,73.0,58.0,0.9930182727488654,0.9787457,0.97138387
2026_MT_Senate_REP,MT,Senate,,REP,Charles Walking Child,2026-06-02,1,1,15.0,0.0,,0.010633863,0.010553878
2026_MT_Senate_REP,MT,Senate,,REP,Charles WalkingChild,2026-06-02,1,1,15.0,0.0,,0.010633863,0.010553878
2026_MT_Senate_REP,MT,Senate,,REP,Lee Calhoun,2026-06-02,1,1,12.0,-3.0,0.006981727251134651,0.00756536,0.0075084553
2026_NC_House-1_REP,NC,House,1,REP,Laurie Buckhout,2026-05-12,1,1,26.0,3.8999999999999986,0.7483925003900508,0.69867253,0.7747531
2026_NC_House-1_REP,NC,House,1,REP,Asa Buck,2026-05-12,1,1,22.1,0.0,0.09260133465914447,0.11662248,0.12932186
2026_NC_House-1_REP,NC,House,1,REP,Bobby Hanig,2026-05-12,2,1,10.85,-11.250000000000002,0.09851938131160437,0.04917244,0.054526977
2026_NC_House-1_REP,NC,House,1,REP,Eric Rouse,2026-05-12,1,1,5.1,-17.0,,0.022997016,0.02550123
2026_NC_House-1_REP,NC,House,1,REP,Ashley-Nicole Russell,2026-05-12,1,1,0.5,-21.6,0.0604867836392004,0.014335778,0.015896844
2026_NC_Senate_DEM,NC,Senate,,DEM,Roy Cooper,2026-05-12,26,26,48.69230769230769,29.692307692307693,0.9783108742710123,0.98550373,0.98455983
2026_NC_Senate_DEM,NC,Senate,,DEM,Wiley Nickel,2026-05-12,1,26,19.0,0.0,0.02148282033252349,0.0038379761,0.0038343002
2026_NC_Senate_DEM,NC,Senate,,DEM,Robert Colon,2026-05-12,1,26,3.0,-16.0,,0.0023233846,0.0023211595
2026_NC_Senate_DEM,NC,Senate,,DEM,Justin Dues,2026-05-12,1,26,3.0,-16.0,,0.0023233846,0.0023211595
2026_NC_Senate_DEM,NC,Senate,,DEM,Daryl Farrow,2026-05-12,1,26,2.0,-17.0,,0.0023233846,0.0023211595
2026_NC_Senate_DEM,NC,Senate,,DEM,Orrick Quick,2026-05-12,1,26,0.0,-19.0,,0.0023233846,0.0023211595
2026_NC_Senate_DEM,NC,Senate,,DEM,Marcus Williams,2026-05-12,1,26,2.0,-17.0,0.0002063053964642246,0.0023233846,0.0023211595
2026_NC_Senate_REP,NC,Senate,,REP,Michael Whatley,2026-05-12,23,27,39.05652173913043,0.0,0.6292863706094994,0.5544333,0.8502435
2026_NC_Senate_REP,NC,Senate,,REP,Thom Tillis,2026-05-12,4,27,34.95,-4.106521739130429,0.35226709032538095,0.052262,0.08014567
2026_NC_Senate_REP,NC,Senate,,REP,Lara Trump,2026-05-12,1,27,64.7,25.64347826086957,,0.020002227,0.03067414
2026_NC_Senate_REP,NC,Senate,,REP,Mark Robinson,2026-05-12,1,27,35.0,-4.056521739130432,,0.0080330735,0.012319009
2026_NC_Senate_REP,NC,Senate,,REP,Don Brown,2026-05-12,4,27,15.875,-23.18152173913043,0.016812085129382072,0.005060884,0.007761049
2026_NC_Senate_REP,NC,Senate,,REP,Thomas Johnson,2026-05-12,2,27,1.5,-37.55652173913043,0.0005028206688651992,0.003182287,0.0048801526
2026_NC_Senate_REP,NC,Senate,,REP,Richard Dansie,2026-05-12,2,27,2.7,-36.35652173913043,0.0001803378969979237,0.002422591,0.003715131
2026_NC_Senate_REP,NC,Senate,,REP,Margot Dupre,2026-05-12,2,27,1.8,-37.256521739130434,,0.0022304275,0.0034204414
2026_NC_Senate_REP,NC,Senate,,REP,Michele Morrow,2026-05-12,3,27,2.533333333333333,-36.5231884057971,0.0009512953698743832,0.0022304275,0.0034204414
2026_NC_Senate_REP,NC,Senate,,REP,Elizabeth Temple,2026-05-12,2,27,1.8,-37.256521739130434,,0.0022304275,0.0034204414
2026_NE_House-2_DEM,NE,House,2,DEM,John Cavanaugh,2026-05-12,2,2,39.5,24.5,0.26951767811714966,0.9414543,0.96196866
2026_NE_House-2_DEM,NE,House,2,DEM,Crystal Rhoades,2026-05-12,2,2,15.0,0.0,0.043185647155650396,0.01830964,0.018708609
2026_NE_House-2_DEM,NE,House,2,DEM,James Leuschen,2026-05-12,1,2,3.0,-12.0,0.09204336270497186,0.0070968787,0.00725152
2026_NE_House-2_DEM,NE,House,2,DEM,Denise Powell,2026-05-12,2,2,9.5,-5.5,0.3822626488209833,0.0063674822,0.00650623
2026_NE_House-2_DEM,NE,House,2,DEM,Kishla Askins,2026-05-12,2,2,4.0,-11.0,0.2129906632012448,0.0054463143,0.00556499
2026_NH_Governor_DEM,NH,Governor,,DEM,Cinde Warmington,2026-09-08,2,2,40.0,27.0,,0.93357724,0.97440946
2026_NH_Governor_DEM,NH,Governor,,DEM,Jon Kiper,2026-09-08,2,2,13.0,0.0,,0.02451819,0.02559055
2026_NH_House-1_DEM,NH,House,1,DEM,Stefany Shaheen,2026-09-08,7,8,25.857142857142858,16.285714285714285,0.31239925204227725,0.6093426,0.97314525
2026_NH_House-1_DEM,NH,House,1,DEM,Maura Sullivan,2026-09-08,7,8,9.571428571428571,0.0,0.4576498398081172,0.006188197,0.009882807
2026_NH_House-1_DEM,NH,House,1,DEM,Heath Howard,2026-09-08,8,8,6.0,-3.571428571428571,0.005939597231966248,0.0050283377,0.008030463
2026_NH_House-1_DEM,NH,House,1,DEM,Carleigh Beriont,2026-09-08,8,8,2.125,-7.446428571428571,0.06678548429484063,0.0018835741,0.0030081456
2026_NH_House-1_DEM,NH,House,1,DEM,Christian Urrutia,2026-09-08,8,8,2.375,-7.196428571428571,0.1450278504628939,0.0018835741,0.0030081456
2026_NH_House-1_DEM,NH,House,1,DEM,Sarah Chadzynski,2026-09-08,8,8,1.375,-8.196428571428571,0.012197976159904823,0.0018316252,0.002925181
2026_NH_House-1_REP,NH,House,1,REP,Hollie Noveletsky,2026-09-08,6,8,11.166666666666666,2.3666666666666654,0.19236998483852286,0.17124876,0.79024
2026_NH_House-1_REP,NH,House,1,REP,Anthony DiLorenzo,2026-09-08,5,8,8.8,0.0,0.5623372665998723,0.03659955,0.16889131
2026_NH_House-1_REP,NH,House,1,REP,Brian Cole,2026-09-08,8,8,5.625,-3.1750000000000007,0.1613287415524263,0.0054034265,0.024934508
2026_NH_House-1_REP,NH,House,1,REP,Melissa Bailey,2026-09-08,8,8,2.25,-6.550000000000001,0.08396400700917862,0.0034530247,0.015934236
2026_NH_House-2_DEM,NH,House,2,DEM,Maggie Goodlander,2026-09-08,5,5,68.4,60.00000000000001,0.993489856317366,0.97571826,0.99296516
2026_NH_House-2_DEM,NH,House,2,DEM,Paige Beauchemin,2026-09-08,5,5,8.4,0.0,0.006510143682634037,0.0069126217,0.00703481
2026_NH_House-2_REP,NH,House,2,REP,Lily Tang Williams,2026-09-08,2,2,56.0,49.0,0.998496300714409,0.9929773,0.97814745
2026_NH_House-2_REP,NH,House,2,REP,Victor Orlando,2026-09-08,2,2,7.0,0.0,0.001503699285590966,0.022183862,0.021852551
2026_NH_Senate_DEM,NH,Senate,,DEM,Chris Pappas,2026-09-08,11,11,63.18181818181818,49.18181818181818,0.9885317728520143,0.9378335,0.94729894
2026_NH_Senate_DEM,NH,Senate,,DEM,Karishma Manzur,2026-09-08,11,11,14.0,0.0,0.011468227147985689,0.04381409,0.0442563
2026_NH_Senate_DEM,NH,Senate,,DEM,David Jarvis,2026-09-08,1,11,0.0,-14.0,,0.0041801673,0.004222357
2026_NH_Senate_DEM,NH,Senate,,DEM,John Vail,2026-09-08,1,11,0.0,-14.0,,0.0041801673,0.004222357
2026_NH_Senate_REP,NH,Senate,,REP,John E. Sununu,2026-09-08,16,18,51.3375,24.120833333333334,0.598013096463625,0.97006255,0.9795363
2026_NH_Senate_REP,NH,Senate,,REP,Scott Brown,2026-09-08,18,18,27.216666666666665,0.0,0.401986903536375,0.016773714,0.016937528
2026_NH_Senate_REP,NH,Senate,,REP,Tom Alciere,2026-09-08,1,18,0.0,-27.216666666666665,,0.0011640176,0.0011753856
2026_NH_Senate_REP,NH,Senate,,REP,Sky Danley,2026-09-08,1,18,0.0,-27.216666666666665,,0.0011640176,0.0011753856
2026_NH_Senate_REP,NH,Senate,,REP,Mary Maxwell,2026-09-08,1,18,0.0,-27.216666666666665,,0.0011640176,0.0011753856
2026_NJ_House-12_DEM,NJ,House,12,DEM,Adam Hamawy,2026-06-02,2,2,12.0,0.0,0.4112215486158695,0.17798088,0.51361847
2026_NJ_House-12_DEM,NJ,House,12,DEM,Verlina Reynolds-Jackson,2026-06-02,2,2,13.0,1.0,0.11294203814934688,0.07707515,0.22242402
2026_NJ_House-12_DEM,NJ,House,12,DEM,Sue Altman,2026-06-02,2,2,12.0,0.0,0.19585880392422642,0.05072628,0.14638625
2026_NJ_House-12_DEM,NJ,House,12,DEM,Brad Cohen,2026-06-02,2,2,11.0,-1.0,0.2799776093105571,0.040741183,0.11757119
2026_NJ_House-2_REP,NJ,House,2,REP,Jeff Van Drew,2026-06-02,1,1,46.0,0.0,1.0,0.50015664,1.0
2026_NJ_House-7_DEM,NJ,House,7,DEM,Rebecca Bennett,2026-06-02,5,5,28.0,11.8,0.3553242261181172,0.97569543,0.9306291
2026_NJ_House-7_DEM,NJ,House,7,DEM,Brian Varela,2026-06-02,5,5,12.4,-3.799999999999999,0.2367139750968598,0.03130016,0.02985444
2026_NJ_House-7_DEM,NJ,House,7,DEM,Michael Roth,2026-06-02,5,5,10.6,-5.6,0.14866675500678825,0.023310507,0.02223382
2026_NJ_House-7_DEM,NJ,House,7,DEM,Tina Shah,2026-06-02,5,5,16.2,0.0,0.25929504377823476,0.018119529,0.017282607
2026_NJ_House-8_DEM,NJ,House,8,DEM,Robert Menendez,2026-06-02,1,1,42.0,15.0,0.87237916921201,0.934552,0.77122086
2026_NJ_House-8_DEM,NJ,House,8,DEM,Mussab Ali,2026-06-02,1,1,27.0,0.0,0.1276208307879901,0.2772306,0.22877915
2026_NM_Governor_DEM,NM,Governor,,DEM,Debra A. Haaland,2026-06-02,12,12,51.949999999999996,30.291666666666664,,0.98578787,0.9505719
2026_NM_Governor_DEM,NM,Governor,,DEM,Sam Bregman,2026-06-02,12,12,21.65833333333333,0.0,,0.05125928,0.04942811
2026_NM_Governor_REP,NM,Governor,,REP,Gregg Hull,2026-06-02,3,3,28.0,8.133333333333333,,0.97513473,0.513803
2026_NM_Governor_REP,NM,Governor,,REP,Doug Turner,2026-06-02,3,3,19.866666666666667,0.0,,0.9078712,0.47836152
2026_NM_Governor_REP,NM,Governor,,REP,Duke Rodriguez,2026-06-02,3,3,10.233333333333333,-9.633333333333335,,0.01487085,0.0078355195
2026_NM_Senate_DEM,NM,Senate,,DEM,Ben Luján,2026-06-02,1,1,69.0,60.0,0.9963635115315698,0.95831484,0.9847078
2026_NM_Senate_DEM,NM,Senate,,DEM,Matt Dodson,2026-06-02,1,1,9.0,0.0,0.0036364884684302223,0.014882303,0.015292177
2026_NV_Governor_DEM,NV,Governor,,DEM,Aaron Ford,2026-06-09,1,1,48.0,35.0,,0.8118971,0.9702203
2026_NV_Governor_DEM,NV,Governor,,DEM,Alexis Hill,2026-06-09,1,1,13.0,0.0,,0.024920171,0.029779704
2026_NV_Governor_REP,NV,Governor,,REP,Joe Lombardo,2026-06-09,1,1,60.0,53.0,,0.973569,0.9759796
2026_NV_Governor_REP,NV,Governor,,REP,Matthew Winterhawk,2026-06-09,1,1,7.0,0.0,,0.009249682,0.009272585
2026_NV_Governor_REP,NV,Governor,,REP,Irina Hansen,2026-06-09,1,1,4.0,-3.0,,0.007355694,0.0073739076
2026_NV_Governor_REP,NV,Governor,,REP,Jose Zalaya,2026-06-09,1,1,4.0,-3.0,,0.007355694,0.0073739076
2026_NV_House-2_DEM,NV,House,2,DEM,Teresa Benitez-Thompson,2026-06-09,1,1,48.0,0.0,1.0,0.86160654,1.0
2026_NV_House-2_REP,NV,House,2,REP,David Flippo,2026-06-09,1,1,46.0,0.0,1.0,0.7864092,1.0
2026_NY_Governor_DEM,NY,Governor,,DEM,Kathy Hochul,2026-06-23,36,36,49.72222222222222,36.13131313131313,,0.98463535,0.99487567
2026_NY_Governor_DEM,NY,Governor,,DEM,Antonio Delgado,2026-06-23,22,36,13.590909090909092,0.0,,0.0040479754,0.004090075
2026_NY_Governor_DEM,NY,Governor,,DEM,Ritchie Torres,2026-06-23,11,36,9.818181818181818,-3.7727272727272734,,0.0010236152,0.001034261
2026_NY_Governor_REP,NY,Governor,,REP,Elise Stefanik,2026-06-23,16,33,43.0625,20.02403846153846,,0.51076335,0.5055004
2026_NY_Governor_REP,NY,Governor,,REP,Bruce Blakeman,2026-06-23,26,33,23.03846153846154,0.0,,0.49337044,0.4882867
2026_NY_Governor_REP,NY,Governor,,REP,Mike Lawler,2026-06-23,13,33,21.307692307692307,-1.7307692307692335,,0.0062775575,0.006212873
2026_NY_House-10_DEM,NY,House,10,DEM,Brad Lander,2026-06-23,4,6,51.9,15.049999999999997,0.22362044143703963,0.91430634,0.5803938
2026_NY_House-10_DEM,NY,House,10,DEM,Daniel Goldman,2026-06-23,6,6,36.85,0.0,0.7763795585629604,0.65546083,0.41608092
2026_NY_House-10_DEM,NY,House,10,DEM,Nickie Kane,2026-06-23,1,6,3.0,-33.85,,0.0055534313,0.0035252706
2026_NY_House-12_DEM,NY,House,12,DEM,Micah Lasher,2026-06-23,12,12,16.716666666666665,-1.31666666666667,0.14517870928131493,0.3496597,0.4904155
2026_NY_House-12_DEM,NY,House,12,DEM,Alex Bores,2026-06-23,12,12,18.033333333333335,0.0,0.20224066273582259,0.27137688,0.38061985
2026_NY_House-12_DEM,NY,House,12,DEM,Jack Schlossberg,2026-06-23,12,12,19.108333333333334,1.0749999999999993,0.21711553809468245,0.02564173,0.03596383
2026_NY_House-12_DEM,NY,House,12,DEM,George T. Conway,2026-06-23,12,12,11.875,-6.158333333333335,0.3682608081037415,0.022135055,0.03104554
2026_NY_House-12_DEM,NY,House,12,DEM,Nina Schwalbe,2026-06-23,6,12,2.6999999999999997,-15.333333333333336,0.0318364176241687,0.015443761,0.02166066
2026_NY_House-12_DEM,NY,House,12,DEM,Patrick Timmins,2026-06-23,2,12,0.05,-17.983333333333334,0.0015991214182403814,0.009838116,0.0137984585
2026_NY_House-12_DEM,NY,House,12,DEM,Chris Diep,2026-06-23,4,12,0.475,-17.558333333333334,0.004998014506500801,0.008973967,0.012586445
2026_NY_House-12_DEM,NY,House,12,DEM,Laura Dunn,2026-06-23,4,12,2.4,-15.633333333333335,0.01048279462517055,0.0051619853,0.0072399466
2026_NY_House-12_DEM,NY,House,12,DEM,Matthew Shurka,2026-06-23,3,12,1.3333333333333333,-16.700000000000003,0.018287933610358003,0.004755446,0.006669755
2026_NY_House-13_DEM,NY,House,13,DEM,Adriano Espaillat,2026-06-23,4,4,38.5,8.0,0.6891703062131749,0.8954934,0.53075325
2026_NY_House-13_DEM,NY,House,13,DEM,Darializa Avila Chevalier,2026-06-23,4,4,30.5,0.0,0.30448320350071145,0.7726399,0.45793876
2026_NY_House-13_DEM,NY,House,13,DEM,Oscar Romero,2026-06-23,2,4,3.0,-27.5,0.006346490286113758,0.011506749,0.0068199774
2026_NY_House-13_DEM,NY,House,13,DEM,Theo Chino-Tavarez,2026-06-23,1,4,2.0,-28.5,,0.0075722267,0.004488011
2026_NY_House-15_DEM,NY,House,15,DEM,Ritchie Torres,2026-06-23,1,1,60.0,45.0,0.9080525422186789,0.9633625,0.96236616
2026_NY_House-15_DEM,NY,House,15,DEM,Michael Blake,2026-06-23,1,1,15.0,0.0,0.05598058273332552,0.027709953,0.027681295
2026_NY_House-15_DEM,NY,House,15,DEM,Jose Vega,2026-06-23,1,1,7.0,-8.0,0.03596687504799552,0.009962812,0.009952508
2026_NY_House-17_DEM,NY,House,17,DEM,Cait Conley,2026-06-23,6,6,24.5,3.0,0.5097092714806264,0.9584973,0.944711
2026_NY_House-17_DEM,NY,House,17,DEM,Beth Davidson,2026-06-23,6,6,21.5,0.0,0.32270252362568347,0.042673312,0.042059533
2026_NY_House-17_DEM,NY,House,17,DEM,Effie Phillips-Staley,2026-06-23,6,6,8.333333333333334,-13.166666666666666,0.10882354845591533,0.008602679,0.008478944
2026_NY_House-17_DEM,NY,House,17,DEM,Mike Sacks,2026-06-23,5,6,2.6,-18.9,0.046619149867072274,0.0025029941,0.002466993
2026_NY_House-17_DEM,NY,House,17,DEM,John Cappello,2026-06-23,5,6,1.0,-20.5,0.012145506570702612,0.0023168393,0.0022835156
2026_NY_House-21_REP,NY,House,21,REP,Anthony Constantino,2026-06-23,4,4,39.75,14.5,0.8514696000524454,0.9167016,0.6572391
2026_NY_House-21_REP,NY,House,21,REP,Robert Smullen,2026-06-23,4,4,25.25,0.0,0.14853039994755454,0.47807488,0.34276092
2026_NY_House-7_DEM,NY,House,7,DEM,Antonio Reynoso,2026-06-23,2,2,24.55,1.1000000000000014,0.2738240942945273,0.58260113,0.6340135
2026_NY_House-7_DEM,NY,House,7,DEM,Claire Valdez,2026-06-23,2,2,23.45,0.0,0.41767470839143533,0.28247634,0.3074038
2026_NY_House-7_DEM,NY,House,7,DEM,Julie Won,2026-06-23,1,2,12.8,-10.649999999999999,0.26606183760001695,0.03759679,0.040914565
2026_NY_House-7_DEM,NY,House,7,DEM,Vichal Kumar,2026-06-23,1,2,0.5,-22.95,0.0424393597140204,0.01623539,0.017668104
2026_NY_House-8_DEM,NY,House,8,DEM,Hakeem Jeffries,2026-06-23,1,1,72.0,51.0,0.9977032094062338,0.9111591,0.97778124
2026_NY_House-8_DEM,NY,House,8,DEM,Chi Ossé,2026-06-23,1,1,21.0,0.0,0.0022967905937662856,0.02070487,0.022218768
2026_OH_Governor_DEM,OH,Governor,,DEM,Sherrod Brown,,4,20,59.0,14.799999999999997,,0.41676578,0.5811498
2026_OH_Governor_DEM,OH,Governor,,DEM,Amy Acton,,20,20,44.2,0.0,,0.2452565,0.3419925
2026_OH_Governor_DEM,OH,Governor,,DEM,Tim Ryan,,8,20,35.125,-9.075000000000003,,0.055117752,0.07685773
2026_OH_Governor_REP,OH,Governor,,REP,Vivek Ramaswamy,,25,25,55.04,25.04,,0.26357383,0.59001964
2026_OH_Governor_REP,OH,Governor,,REP,Jim Tressel,,2,25,30.0,0.0,,0.13782206,0.30851972
2026_OH_Governor_REP,OH,Governor,,REP,Casey Putsch,,2,25,12.0,-18.0,,0.018332997,0.041039083
2026_OH_Governor_REP,OH,Governor,,REP,Heather Hill,,9,25,9.333333333333334,-20.666666666666664,,0.012191273,0.02729061
2026_OH_Governor_REP,OH,Governor,,REP,Dave Yost,,8,25,18.25,-11.75,,0.00883558,0.01977877
2026_OH_Governor_REP,OH,Governor,,REP,Robert Sprague,,2,25,3.5,-26.5,,0.0034714888,0.0077710547
2026_OH_Governor_REP,OH,Governor,,REP,Jeremiah Workman,,1,25,1.0,-29.0,,0.0024931794,0.0055810735
2026_OH_House-15_DEM,OH,House,15,DEM,Don Leonard,,1,1,40.0,0.0,1.0,0.7163887,1.0
2026_OH_House-15_REP,OH,House,15,REP,Mike Carey,,1,1,45.0,0.0,1.0,0.6776251,1.0
2026_OH_House-7_DEM,OH,House,7,DEM,Brian Poindexter,,1,1,43.0,0.0,1.0,0.7206285,1.0
2026_OH_House-7_REP,OH,House,7,REP,Max Miller,,1,1,44.0,0.0,1.0,0.72849876,1.0
2026_OH_House-9_REP,OH,House,9,REP,Derek Merrin,,1,1,33.0,19.0,0.3638993761934178,0.85424244,0.7415807
2026_OH_House-9_REP,OH,House,9,REP,Josh Williams,,1,1,14.0,0.0,0.3187778900771885,0.17844774,0.15491317
2026_OH_House-9_REP,OH,House,9,REP,Madison Sheahan,,1,1,10.0,-4.0,0.05906848159696761,0.08190415,0.071102224
2026_OH_House-9_REP,OH,House,9,REP,Alea Nadeem,,1,1,4.0,-10.0,0.25825425213242625,0.03732671,0.03240388
2026_OH_Senate_DEM,OH,Senate,,DEM,Sherrod Brown,,15,15,46.8,5.799999999999997,1.0,0.7291715,0.5978281
2026_OH_Senate_DEM,OH,Senate,,DEM,Tim Ryan,,2,15,41.0,0.0,,0.4905295,0.4021719
2026_OH_Senate_REP,OH,Senate,,REP,Jon Husted,,15,15,47.266666666666666,0.0,1.0,0.78711766,1.0
2026_OK_Governor_REP,OK,Governor,,REP,Genter Drummond,2026-06-16,20,20,32.7,16.970000000000006,,0.18603379,0.5000111
2026_OK_Governor_REP,OK,Governor,,REP,Mike Mazzei,2026-06-16,17,20,10.141176470588235,-5.588823529411764,,0.1462816,0.3931674
2026_OK_Governor_REP,OK,Governor,,REP,Charles McCall,2026-06-16,20,20,15.729999999999999,0.0,,0.010358547,0.027841117
2026_OK_Governor_REP,OK,Governor,,REP,Jake Merrick,2026-06-16,14,20,4.942857142857143,-10.787142857142856,,0.0095512355,0.025671272
2026_OK_Governor_REP,OK,Governor,,REP,Chip Keating,2026-06-16,20,20,9.610000000000001,-6.119999999999997,,0.006393544,0.017184205
2026_OK_Governor_REP,OK,Governor,,REP,Jennifer Domenico,2026-06-16,2,20,2.3,-13.43,,0.0037868784,0.010178158
2026_OK_Governor_REP,OK,Governor,,REP,Kenneth Sturgell,2026-06-16,2,20,2.05,-13.68,,0.0037868784,0.010178158
2026_OK_Governor_REP,OK,Governor,,REP,Leisa Mitchell Haynes,2026-06-16,1,20,2.4,-13.329999999999998,,0.0029334228,0.007884288
2026_OK_Governor_REP,OK,Governor,,REP,Calup Anthony Taylor,2026-06-16,1,20,1.1,-14.629999999999999,,0.0029334228,0.007884288
2026_OK_Senate_REP,OK,Senate,,REP,Kevin Hern,2026-06-16,3,3,43.666666666666664,35.666666666666664,0.9950455788985999,0.92244744,0.93302697
2026_OK_Senate_REP,OK,Senate,,REP,Gary Ty England,2026-06-16,2,3,8.0,0.0,0.0018423322569834516,0.022426816,0.022684028
2026_OK_Senate_REP,OK,Senate,,REP,Brian Ragain,2026-06-16,2,3,4.0,-4.0,0.0028748122931323014,0.013259961,0.01341204
2026_OK_Senate_REP,OK,Senate,,REP,Nick Hankins,2026-06-16,2,3,1.0,-7.0,0.00023727655128435914,0.012293292,0.012434284
2026_OK_Senate_REP,OK,Senate,,REP,Sean Buckner,2026-06-16,1,3,2.0,-6.0,,0.009116773,0.009221333
2026_OK_Senate_REP,OK,Senate,,REP,William Sean Buckner,2026-06-16,1,3,2.0,-6.0,,0.009116773,0.009221333
2026_OR_Governor_DEM,OR,Governor,,DEM,Tina Kotek,2026-05-19,3,3,44.666666666666664,0.0,,0.85252196,1.0
2026_OR_Governor_REP,OR,Governor,,REP,Christine Drazan,2026-05-19,6,6,39.68333333333334,13.823333333333341,,0.97753227,0.83588344
2026_OR_Governor_REP,OR,Governor,,REP,Ed Diehl,2026-05-19,4,6,25.825,-0.03499999999999659,,0.1533067,0.13109186
2026_OR_Governor_REP,OR,Governor,,REP,Chris Dudley,2026-05-19,5,6,25.859999999999996,0.0,,0.033867,0.02895952
2026_OR_Governor_REP,OR,Governor,,REP,Danielle Bethell,2026-05-19,2,6,1.7,-24.159999999999997,,0.0029750934,0.0025439889
2026_OR_Governor_REP,OR,Governor,,REP,David Medina,2026-05-19,2,6,4.6,-21.259999999999998,,0.0017790266,0.0015212375
2026_PA_Governor_DEM,PA,Governor,,DEM,Josh Shapiro,2026-05-19,10,10,52.8,0.0,,0.9279322,1.0
2026_PA_Governor_REP,PA,Governor,,REP,Stacy Garrity,2026-05-19,13,13,29.076923076923077,0.0,,0.8143592,0.82935524
2026_PA_Governor_REP,PA,Governor,,REP,Doug Mastriano,2026-05-19,5,13,32.0,2.9230769230769234,,0.15833867,0.16125439
2026_PA_Governor_REP,PA,Governor,,REP,Dan Meuser,2026-05-19,1,13,6.0,-23.076923076923077,,0.002819446,0.0028713646
2026_PA_Governor_REP,PA,Governor,,REP,Scott Perry,2026-05-19,1,13,4.0,-25.076923076923077,,0.0022078352,0.0022484914
2026_PA_Governor_REP,PA,Governor,,REP,Kristin Phillips-Hill,2026-05-19,1,13,3.0,-26.076923076923077,,0.002096667,0.002135276
2026_PA_Governor_REP,PA,Governor,,REP,Others,2026-05-19,1,13,1.0,-28.076923076923077,,0.002096667,0.002135276
2026_PA_House-3_DEM,PA,House,3,DEM,Sharif Street,2026-05-19,5,5,18.0,4.199999999999999,0.3650922715330512,0.17335412,0.4350811
2026_PA_House-3_DEM,PA,House,3,DEM,Ala Stanford,2026-05-19,5,5,12.8,-1.0,0.2732887591800729,0.11841884,0.2972055
2026_PA_House-3_DEM,PA,House,3,DEM,Chris Rabb,2026-05-19,5,5,13.8,0.0,0.36161896928687587,0.106667966,0.26771337
2026_PA_House-7_DEM,PA,House,7,DEM,Bob Brooks,2026-05-19,5,5,15.4,0.0,0.2923231213822538,0.2888785,0.7280195
2026_PA_House-7_DEM,PA,House,7,DEM,Lamont McClure,2026-05-19,5,5,18.6,3.200000000000001,0.12803490902499376,0.07467717,0.18819827
2026_PA_House-7_DEM,PA,House,7,DEM,Ryan Crosswell,2026-05-19,5,5,8.2,-7.200000000000001,0.4385779588860889,0.018816626,0.04742087
2026_PA_House-7_DEM,PA,House,7,DEM,Carol Obando- Derstine,2026-05-19,5,5,10.0,-5.4,0.14106401070666355,0.0144282235,0.036361404
2026_PA_House-8_DEM,PA,House,8,DEM,Paige Cognetti,2026-05-19,3,3,46.0,0.0,1.0,0.90295213,1.0
2026_PA_House-8_REP,PA,House,8,REP,Rob Bresnahan,2026-05-19,3,3,44.333333333333336,0.0,1.0,0.9103919,1.0
2026_RI_Governor_DEM,RI,Governor,,DEM,Helena Foulkes,2026-09-08,11,11,31.927272727272726,14.318181818181817,,0.97371113,0.964967
2026_RI_Governor_DEM,RI,Governor,,DEM,Daniel McKee,2026-09-08,11,11,17.60909090909091,0.0,,0.02959183,0.02932609
2026_RI_Governor_DEM,RI,Governor,,DEM,Will Gregerson,2026-09-08,1,11,1.0,-16.60909090909091,,0.0033912286,0.0033607746
2026_RI_Governor_DEM,RI,Governor,,DEM,Gregory Stevens,2026-09-08,5,11,3.8,-13.809090909090909,,0.0023674346,0.0023461746
2026_RI_Governor_REP,RI,Governor,,REP,Elaine Pelino,2026-09-08,2,2,40.0,22.0,,0.96985334,0.9507913
2026_RI_Governor_REP,RI,Governor,,REP,Aaron Guckian,2026-09-08,2,2,18.0,0.0,,0.04268057,0.0418417
2026_RI_Governor_REP,RI,Governor,,REP,Robert Raimondo,2026-09-08,2,2,3.0,-15.0,,0.007514688,0.00736699
2026_RI_Senate_DEM,RI,Senate,,DEM,Jack Reed,2026-09-09,2,2,59.0,39.0,0.9960066257402337,0.9688265,0.8190108
2026_RI_Senate_DEM,RI,Senate,,DEM,Connor Burbridge,2026-09-09,2,2,20.0,0.0,0.003993374259766424,0.21409625,0.1809892
2026_SC_Governor_DEM,SC,Governor,,DEM,Jermaine Johnson,2026-06-23,7,7,25.057142857142857,9.032142857142858,,0.9512483,0.9437256
2026_SC_Governor_DEM,SC,Governor,,DEM,Billy Webster,2026-06-23,4,7,16.025,0.0,,0.051360562,0.05095439
2026_SC_Governor_DEM,SC,Governor,,DEM,Mullins McLeod,2026-06-23,6,7,6.683333333333334,-9.341666666666665,,0.0053624823,0.0053200745
2026_SC_Governor_REP,SC,Governor,,REP,Rom Reddy,2026-06-23,27,52,12.325925925925926,-4.370227920227919,,0.09022429,0.36069953
2026_SC_Governor_REP,SC,Governor,,REP,Alan Wilson,2026-06-23,52,52,18.353846153846156,1.6576923076923116,,0.06877202,0.27493745
2026_SC_Governor_REP,SC,Governor,,REP,Pamela Evette,2026-06-23,52,52,16.576923076923073,-0.11923076923077147,,0.05886671,0.2353379
2026_SC_Governor_REP,SC,Governor,,REP,Nancy Mace,2026-06-23,52,52,16.696153846153845,0.0,,0.014779803,0.05908684
2026_SC_Governor_REP,SC,Governor,,REP,Ralph W. Norman,2026-06-23,52,52,11.882692307692308,-4.813461538461537,,0.011555949,0.046198484
2026_SC_Governor_REP,SC,Governor,,REP,Jacqueline Dubose,2026-06-23,5,52,1.7400000000000002,-14.956153846153844,,0.0037184411,0.01486562
2026_SC_Governor_REP,SC,Governor,,REP,Josh Kimbrell,2026-06-23,38,52,2.405263157894736,-14.290890688259108,,0.0022197764,0.008874243
2026_SC_House-1_DEM,SC,House,1,DEM,Mac Deford,2026-06-23,1,1,36.0,0.0,,0.5501552,1.0
2026_SC_House-1_REP,SC,House,1,REP,Jenny Costa Honeycutt,2026-06-23,2,3,27.5,0.0,0.32998982909803787,0.9410396,0.6573398
2026_SC_House-1_REP,SC,House,1,REP,Mark Smith,2026-06-23,3,3,27.666666666666668,0.16666666666666785,0.6700101709019621,0.49054822,0.34266025
2026_SC_Senate_DEM,SC,Senate,,DEM,Annie Andrews,2026-06-23,2,2,45.0,31.0,0.9841967234255159,0.9797564,0.9305837
2026_SC_Senate_DEM,SC,Senate,,DEM,Brandon Brown,2026-06-23,2,2,14.0,0.0,0.010458868455893243,0.05963614,0.056643076
2026_SC_Senate_DEM,SC,Senate,,DEM,Kyle Freeman,2026-06-23,2,2,5.0,-9.0,0.0053444081185909,0.01344815,0.012773205
2026_SC_Senate_REP,SC,Senate,,REP,Lindsey Graham,2026-06-23,13,13,48.97692307692308,26.453846153846158,0.510376919539793,0.9723483,0.6578605
2026_SC_Senate_REP,SC,Senate,,REP,Mark Lynch,2026-06-23,13,13,22.52307692307692,0.0,0.48529042599664995,0.46772215,0.31644621
2026_SC_Senate_REP,SC,Senate,,REP,Thomas Dismukes,2026-06-23,3,13,2.6333333333333333,-19.88974358974359,0.0018241151896469141,0.013991129,0.009465961
2026_SC_Senate_REP,SC,Senate,,REP,Pat Herrmann,2026-06-23,3,13,2.033333333333333,-20.48974358974359,0.0014151955001577728,0.013991129,0.009465961
2026_SC_Senate_REP,SC,Senate,,REP,Darius Mitchell,2026-06-23,3,13,3.0666666666666664,-19.456410256410255,,0.007915402,0.005355314
2026_SC_Senate_REP,SC,Senate,,REP,Calvin Cowen,2026-06-23,3,13,2.033333333333333,-20.48974358974359,0.0010933437737523288,0.0020782007,0.0014060457
2026_SD_Governor_REP,SD,Governor,,REP,Dusty Johnson,2026-07-28,13,13,27.723076923076924,2.4230769230769234,,0.062482115,0.50689423
2026_SD_Governor_REP,SD,Governor,,REP,Larry R. Rhoden,2026-07-28,12,13,25.3,0.0,,0.028444914,0.23076305
2026_SD_Governor_REP,SD,Governor,,REP,Toby Doeden,2026-07-28,12,13,16.658333333333335,-8.641666666666666,,0.026552042,0.21540688
2026_SD_Governor_REP,SD,Governor,,REP,Jon Hansen,2026-07-28,12,13,12.85,-12.450000000000001,,0.005785521,0.04693579
2026_SD_House-1_REP,SD,House,1,REP,Marty Jackley,2026-07-28,2,2,59.65,50.099999999999994,1.0,0.97154737,0.988557
2026_SD_House-1_REP,SD,House,1,REP,James Bialota,2026-07-28,2,2,9.55,0.0,,0.011246151,0.011443046
2026_SD_Senate_REP,SD,Senate,,REP,Mike Rounds,2026-07-28,3,3,52.666666666666664,34.666666666666664,0.9970309306177799,0.97622585,0.9549209
2026_SD_Senate_REP,SD,Senate,,REP,Justin McNeal,2026-07-28,2,3,18.0,0.0,0.0029690693822201383,0.046084866,0.04507912
2026_TN_Governor_DEM,TN,Governor,,DEM,Jerri Green,2026-08-06,1,1,14.0,3.0,,0.47108823,0.7914694
2026_TN_Governor_DEM,TN,Governor,,DEM,Kevin Lee McCants,2026-08-06,1,1,11.0,0.0,,0.06033587,0.10136953
2026_TN_Governor_DEM,TN,Governor,,DEM,Carnita Atwater,2026-08-06,1,1,8.0,-3.0,,0.029417431,0.049423855
2026_TN_Governor_DEM,TN,Governor,,DEM,Tim Cyr,2026-08-06,1,1,3.0,-8.0,,0.01756201,0.02950571
2026_TN_Governor_DEM,TN,Governor,,DEM,Adam Kurtz,2026-08-06,1,1,2.0,-9.0,,0.016803646,0.028231593
2026_TN_Governor_REP,TN,Governor,,REP,Marsha Blackburn,2026-08-06,12,12,56.39166666666667,44.23333333333334,,0.9182125,0.9637207
2026_TN_Governor_REP,TN,Governor,,REP,John Rose,2026-08-06,12,12,12.158333333333331,0.0,,0.033186484,0.034831263
2026_TN_Governor_REP,TN,Governor,,REP,Monty Fritts,2026-08-06,7,12,8.085714285714285,-4.072619047619046,,0.0013796615,0.0014480399
2026_TN_House-9_DEM,TN,House,9,DEM,Steve Cohen,2026-08-06,1,1,45.0,1.0,0.3731550320564559,0.3469198,0.5465619
2026_TN_House-9_DEM,TN,House,9,DEM,Justin Pearson,2026-08-06,1,1,44.0,0.0,0.6268449679435442,0.27495632,0.43318555
2026_TN_House-9_DEM,TN,House,9,DEM,Marion Alexandra-Williams,2026-08-06,1,1,2.0,-42.0,,0.012854941,0.02025258
2026_TX_Governor_DEM,TX,Governor,,DEM,Gina Hinojosa,2026-05-26,24,24,46.32916666666667,37.82916666666667,,0.974428,0.9871542
2026_TX_Governor_DEM,TX,Governor,,DEM,Chris Bell,2026-05-26,11,24,8.5,0.0,,0.003740124,0.0037889704
2026_TX_Governor_DEM,TX,Governor,,DEM,Faizan Syed,2026-05-26,1,24,1.0,-7.5,,0.0021921897,0.00222082
2026_TX_Governor_DEM,TX,Governor,,DEM,Andrew White,2026-05-26,3,24,4.3,-4.2,,0.0013169579,0.0013341575
2026_TX_Governor_DEM,TX,Governor,,DEM,Angela Villescaz,2026-05-26,8,24,2.525,-5.975,,0.0010095639,0.001022749
2026_TX_Governor_DEM,TX,Governor,,DEM,Bobby Cole,2026-05-26,9,24,5.199999999999999,-3.3000000000000007,,0.0009767625,0.0009895192
2026_TX_Governor_DEM,TX,Governor,,DEM,Patricia Abrego,2026-05-26,4,24,2.225,-6.275,,0.0009188023,0.00093080197
2026_TX_Governor_DEM,TX,Governor,,DEM,Jose Navarro Balbuena,2026-05-26,4,24,0.525,-7.975,,0.0008419364,0.00085293216
2026_TX_Governor_DEM,TX,Governor,,DEM,Carlton Hart,2026-05-26,4,24,1.4,-7.1,,0.0008419364,0.00085293216
2026_TX_Governor_DEM,TX,Governor,,DEM,Zach Vance,2026-05-26,4,24,0.625,-7.875,,0.0008419364,0.00085293216
2026_TX_Governor_REP,TX,Governor,,REP,Greg Abbott,2026-05-26,18,18,54.333333333333336,47.333333333333336,,0.9698565,0.9736615
2026_TX_Governor_REP,TX,Governor,,REP,Pete Chambers,2026-05-26,3,18,7.0,0.0,,0.0048314,0.0048503545
2026_TX_Governor_REP,TX,Governor,,REP,Bob Achgill,2026-05-26,2,18,0.0,-7.0,,0.0025656645,0.0025757302
2026_TX_Governor_REP,TX,Governor,,REP,Charles Crouch,2026-05-26,2,18,0.0,-7.0,,0.0025656645,0.0025757302
2026_TX_Governor_REP,TX,Governor,,REP,Kenneth Hyde,2026-05-26,2,18,0.0,-7.0,,0.0025656645,0.0025757302
2026_TX_Governor_REP,TX,Governor,,REP,Stephen Samuelson,2026-05-26,2,18,0.0,-7.0,,0.0025656645,0.0025757302
2026_TX_Governor_REP,TX,Governor,,REP,Ronnie Tullos,2026-05-26,2,18,0.0,-7.0,,0.0025656645,0.0025757302
2026_TX_Governor_REP,TX,Governor,,REP,Nathaniel Welch,2026-05-26,2,18,0.0,-7.0,,0.0025656645,0.0025757302
2026_TX_Governor_REP,TX,Governor,,REP,Evelyn Brooks,2026-05-26,3,18,1.3333333333333333,-5.666666666666667,,0.0021709546,0.0021794718
2026_TX_Governor_REP,TX,Governor,,REP,Arturo Espinosa,2026-05-26,3,18,0.6666666666666666,-6.333333333333333,,0.0019196201,0.0019271512
2026_TX_Governor_REP,TX,Governor,,REP,Mark Goloby,2026-05-26,3,18,0.6666666666666666,-6.333333333333333,,0.0019196201,0.0019271512
2026_TX_House-15_DEM,TX,House,15,DEM,Bobby Pulido,2026-05-26,3,3,51.333333333333336,32.333333333333336,0.5626661388694553,0.9408553,0.8999366
2026_TX_House-15_DEM,TX,House,15,DEM,Ada Cuellar,2026-05-26,1,3,19.0,0.0,0.4373338611305447,0.052306574,0.05003171
2026_TX_House-15_DEM,TX,House,15,DEM,Henry Cuellar,2026-05-26,1,3,19.0,0.0,,0.052306574,0.05003171
2026_TX_House-15_REP,TX,House,15,REP,Monica De La Cruz,2026-05-26,2,2,43.5,0.0,1.0,0.81474257,1.0
2026_TX_House-18_DEM,TX,House,18,DEM,Christian Menefee,2026-05-26,4,4,50.0,18.25,0.5029194937314344,0.8228711,0.8808174
2026_TX_House-18_DEM,TX,House,18,DEM,Al Green,2026-05-26,4,4,31.75,0.0,0.21935775802920213,0.1050329,0.11242928
2026_TX_House-18_DEM,TX,House,18,DEM,Gretchen Brown,2026-05-26,1,4,1.0,-30.75,0.0025536155370811573,0.004027106,0.0043106936
2026_TX_House-18_DEM,TX,House,18,DEM,Amanda Edwards,2026-05-26,4,4,9.5,-22.25,0.2751691327022824,0.0022818998,0.0024425907
2026_TX_House-19_REP,TX,House,19,REP,Tom Sell,2026-05-26,1,1,29.0,20.0,0.5927061384060646,0.9526625,0.8182873
2026_TX_House-19_REP,TX,House,19,REP,Matt Smith,2026-05-26,1,1,9.0,0.0,0.11073542477722562,0.073172145,0.06285105
2026_TX_House-19_REP,TX,House,19,REP,Abraham Enriquez,2026-05-26,1,1,8.0,-1.0,0.18885429574349216,0.054969344,0.047215793
2026_TX_House-19_REP,TX,House,19,REP,Christopher Adams,2026-05-26,1,1,0.0,-9.0,,0.016798628,0.014429144
2026_TX_House-19_REP,TX,House,19,REP,James Barbee,2026-05-26,1,1,0.0,-9.0,0.004707533354116896,0.016798628,0.014429144
2026_TX_House-19_REP,TX,House,19,REP,Donald May,2026-05-26,1,1,1.0,-8.0,0.07490257825923342,0.016798628,0.014429144
2026_TX_House-19_REP,TX,House,19,REP,Ryan Zink,2026-05-26,1,1,1.0,-8.0,0.015836580592292843,0.016798628,0.014429144
2026_TX_House-19_REP,TX,House,19,REP,Jason Corley,2026-05-26,1,1,2.0,-7.0,0.012257448867574457,0.016216688,0.013929287
2026_TX_House-21_REP,TX,House,21,REP,Mark Teixeira,2026-05-26,1,1,38.0,31.0,0.8344162614581659,0.9302438,0.9460667
2026_TX_House-21_REP,TX,House,21,REP,Jason Cahill,2026-05-26,1,1,7.0,0.0,0.08716172090367731,0.021436915,0.021801544
2026_TX_House-21_REP,TX,House,21,REP,Michael Wheeler,2026-05-26,1,1,5.0,-2.0,0.07842201763815675,0.0174977,0.017795326
2026_TX_House-21_REP,TX,House,21,REP,Trey Trainor,2026-05-26,1,1,3.0,-4.0,,0.014096606,0.014336381
2026_TX_House-23_DEM,TX,House,23,DEM,Katy Padilla Stout,2026-05-26,1,1,40.0,0.0,1.0,0.7327519,1.0
2026_TX_House-23_REP,TX,House,23,REP,Brandon Herrera,2026-05-26,4,4,41.3,9.499999999999996,0.9500501526418664,0.92724997,0.8056063
2026_TX_House-23_REP,TX,House,23,REP,Tony Gonzales,2026-05-26,3,4,31.8,0.0,,0.21326292,0.18528546
2026_TX_House-23_REP,TX,House,23,REP,Keith Barton,2026-05-26,1,4,4.0,-27.8,,0.0052418043,0.0045541446
2026_TX_House-23_REP,TX,House,23,REP,Francisco Canseco,2026-05-26,1,4,4.0,-27.8,0.04994984735813354,0.0052418043,0.0045541446
2026_TX_House-29_DEM,TX,House,29,DEM,Sylvia Garcia,2026-05-26,2,2,46.0,19.0,0.8368839705882067,0.9423619,0.7803737
2026_TX_House-29_DEM,TX,House,29,DEM,Jarvis Johnson,2026-05-26,2,2,27.0,0.0,0.13171131745778136,0.24846119,0.20575172
2026_TX_House-29_DEM,TX,House,29,DEM,Robert Slater,2026-05-26,2,2,2.0,-25.0,0.03140471195401199,0.016754568,0.013874525
2026_TX_House-2_REP,TX,House,2,REP,Dan Crenshaw,2026-05-26,1,1,47.0,28.0,0.7873765861525891,0.7904531,0.8584402
2026_TX_House-2_REP,TX,House,2,REP,Steve Toth,2026-05-26,1,1,19.0,0.0,0.20583439198057016,0.06888964,0.07481486
2026_TX_House-2_REP,TX,House,2,REP,Martin Etwop,2026-05-26,1,1,1.0,-18.0,0.004064061742320023,0.0153647,0.016686223
2026_TX_House-2_REP,TX,House,2,REP,Thomas Manning,2026-05-26,1,1,2.0,-17.0,,0.0153647,0.016686223
2026_TX_House-2_REP,TX,House,2,REP,Nicholas Plumb,2026-05-26,1,1,1.0,-18.0,0.0027249601245207607,0.0153647,0.016686223
2026_TX_House-2_REP,TX,House,2,REP,Ava Zolari,2026-05-26,1,1,2.0,-17.0,,0.0153647,0.016686223
2026_TX_House-32_REP,TX,House,32,REP,Katrina Pierson,2026-05-26,1,1,15.0,6.0,,0.6739828,0.90556896
2026_TX_House-32_REP,TX,House,32,REP,Darrell Day,2026-05-26,1,1,9.0,0.0,0.030770501168743327,0.03475859,0.046701934
2026_TX_House-32_REP,TX,House,32,REP,Ryan Binkley,2026-05-26,1,1,4.0,-5.0,0.9692294988312568,0.017761538,0.02386455
2026_TX_House-32_REP,TX,House,32,REP,Will Douglas,2026-05-26,1,1,5.0,-4.0,,0.017761538,0.02386455
2026_TX_House-33_DEM,TX,House,33,DEM,Colin Allred,2026-05-26,1,1,58.0,28.0,0.7523751851289131,0.85759157,0.86199313
2026_TX_House-33_DEM,TX,House,33,DEM,Julie Johnson,2026-05-26,1,1,30.0,0.0,0.24762481487108703,0.13730216,0.13800687
2026_TX_House-34_REP,TX,House,34,REP,Mayra Flores,2026-05-26,1,1,38.0,33.0,0.37842549058215064,0.79551667,0.9201452
2026_TX_House-34_REP,TX,House,34,REP,Eric Flores,2026-05-26,1,1,5.0,0.0,0.5795281531694112,0.021576356,0.024956586
2026_TX_House-34_REP,TX,House,34,REP,Bam Morales,2026-05-26,1,1,4.0,-1.0,,0.020020705,0.02315722
2026_TX_House-34_REP,TX,House,34,REP,Keith Allen,2026-05-26,1,1,2.0,-3.0,0.04204635624843806,0.01419615,0.01642017
2026_TX_House-34_REP,TX,House,34,REP,Josh Cortez,2026-05-26,1,1,1.0,-4.0,,0.013245719,0.01532084
2026_TX_House-38_REP,TX,House,38,REP,Jon Bonck,2026-05-26,2,2,22.0,12.0,0.42512154585561074,0.7764918,0.86939317
2026_TX_House-38_REP,TX,House,38,REP,Michael Pratt,2026-05-26,2,2,8.0,-2.0,0.10449935416247175,0.033381328,0.037375152
2026_TX_House-38_REP,TX,House,38,REP,Shelley deZavallos,2026-05-26,1,2,10.0,0.0,,0.030714484,0.03438924
2026_TX_House-38_REP,TX,House,38,REP,Larry Rubin,2026-05-26,2,2,3.0,-7.0,0.14591169008274443,0.025843581,0.02893557
2026_TX_House-38_REP,TX,House,38,REP,Shelly deZevallos,2026-05-26,1,2,10.0,0.0,0.28337261797970814,0.016509825,0.018485101
2026_TX_House-38_REP,TX,House,38,REP,Carmen Maria Montiel,2026-05-26,1,2,3.0,-7.0,0.041094791919464954,0.010201237,0.011421738
2026_TX_House-9_DEM,TX,House,9,DEM,Leticia Gutierrez,2026-05-26,2,2,24.0,19.0,0.056404704564874515,0.9238963,0.8643021
2026_TX_House-9_DEM,TX,House,9,DEM,Earnest Clayton,2026-05-26,2,2,5.0,0.0,,0.041826442,0.039128505
2026_TX_House-9_DEM,TX,House,9,DEM,Terry Virts,2026-05-26,2,2,5.0,0.0,0.9377553663638908,0.041826442,0.039128505
2026_TX_House-9_DEM,TX,House,9,DEM,Todd Ivey,2026-05-26,2,2,2.0,-3.0,,0.02143422,0.020051645
2026_TX_House-9_DEM,TX,House,9,DEM,Marty Rocha,2026-05-26,2,2,2.0,-3.0,,0.02143422,0.020051645
2026_TX_House-9_DEM,TX,House,9,DEM,Peter Filler,2026-05-26,2,2,1.0,-4.0,0.005839929071234731,0.01853295,0.017337518
2026_TX_House-9_REP,TX,House,9,REP,Briscoe Cain,2026-05-26,6,6,29.333333333333332,4.666666666666664,0.19101759974310892,0.49240756,0.57945335
2026_TX_House-9_REP,TX,House,9,REP,Alex Mealer,2026-05-26,6,6,24.666666666666668,0.0,0.5797855658484098,0.33404684,0.39309826
2026_TX_House-9_REP,TX,House,9,REP,Steve Stockman,2026-05-26,4,6,5.0,-19.666666666666668,0.08244730848110528,0.009736334,0.011457483
2026_TX_House-9_REP,TX,House,9,REP,Dan Mims,2026-05-26,6,6,5.666666666666667,-19.0,0.13767903551504557,0.0072167437,0.00849249
2026_TX_House-9_REP,TX,House,9,REP,Dwayne Stovall,2026-05-26,3,6,3.3333333333333335,-21.333333333333336,0.009070490412330521,0.0063720215,0.0074984413
2026_TX_Senate_DEM,TX,Senate,,DEM,James Talarico,2026-05-26,42,48,41.214285714285715,0.0,0.6750273936606137,0.87016284,0.60066634
2026_TX_Senate_DEM,TX,Senate,,DEM,Jasmine Crockett,2026-05-26,26,48,44.58076923076923,3.3664835164835125,0.18586989552608188,0.5384146,0.37166324
2026_TX_Senate_DEM,TX,Senate,,DEM,Beto O’Rourke,2026-05-26,4,48,34.75,-6.464285714285715,,0.013871264,0.009575221
2026_TX_Senate_DEM,TX,Senate,,DEM,Colin Allred,2026-05-26,15,48,37.580000000000005,-3.63428571428571,0.1278352954861463,0.007694074,0.005311157
2026_TX_Senate_DEM,TX,Senate,,DEM,Beto O'Rourke,2026-05-26,6,48,32.833333333333336,-8.38095238095238,,0.0070775845,0.004885599
2026_TX_Senate_DEM,TX,Senate,,DEM,Jesse Jackson,2026-05-26,1,48,35.0,-6.214285714285715,,0.0035105192,0.002423283
2026_TX_Senate_DEM,TX,Senate,,DEM,Joaquin Castro,2026-05-26,6,48,19.333333333333332,-21.880952380952383,,0.0029198285,0.0020155339
2026_TX_Senate_DEM,TX,Senate,,DEM,Ahmad Hassan,2026-05-26,8,48,1.0,-40.214285714285715,,0.0016673385,0.0011509503
2026_TX_Senate_DEM,TX,Senate,,DEM,Emily Morgul,2026-05-26,1,48,3.8,-37.41428571428572,,0.0011148396,0.0007695647
2026_TX_Senate_DEM,TX,Senate,,DEM,Michael Swanson,2026-05-26,1,48,3.2,-38.01428571428571,0.0001171507169105541,0.0011148396,0.0007695647
2026_TX_Senate_DEM,TX,Senate,,DEM,Terry Virts,2026-05-26,1,48,0.9,-40.31428571428572,0.011150264610247566,0.0011148396,0.0007695647
2026_TX_Senate_REP,TX,Senate,,REP,John Cornyn,2026-05-26,79,89,33.82911392405064,0.0,0.7907274545472351,0.95509046,0.50020695
2026_TX_Senate_REP,TX,Senate,,REP,Ken Paxton,2026-05-26,87,89,39.602298850574705,5.773184926524067,,0.89378095,0.4680975
2026_TX_Senate_REP,TX,Senate,,REP,Ronny Jackson,2026-05-26,2,89,24.5,-9.329113924050638,,0.026690831,0.013978718
2026_TX_Senate_REP,TX,Senate,,REP,Wesley Hunt,2026-05-26,62,89,22.64032258064516,-11.188791343405477,0.20689047948758493,0.0146777155,0.0076871207
2026_TX_Senate_REP,TX,Senate,,REP,Virgil Bierschwale,2026-05-26,6,89,0.3833333333333333,-33.445780590717305,0.0009975369690096198,0.002280807,0.0011945209
2026_TX_Senate_REP,TX,Senate,,REP,Gulrez Khan,2026-05-26,6,89,0.3666666666666667,-33.46244725738397,0.0010579483890265026,0.002280807,0.0011945209
2026_TX_Senate_REP,TX,Senate,,REP,Andrew Alvarez,2026-05-26,1,89,0.5,-33.32911392405064,,0.0015780742,0.00082648057
2026_TX_Senate_REP,TX,Senate,,REP,Alexander Duncan,2026-05-26,1,89,0.1,-33.72911392405064,,0.0015780742,0.00082648057
2026_TX_Senate_REP,TX,Senate,,REP,Rennie Hill Mann,2026-05-26,1,89,0.5,-33.32911392405064,,0.0015780742,0.00082648057
2026_TX_Senate_REP,TX,Senate,,REP,Barrett McNabb,2026-05-26,1,89,0.8,-33.02911392405064,,0.0015780742,0.00082648057
2026_TX_Senate_REP,TX,Senate,,REP,Tony Schmoker,2026-05-26,1,89,0.5,-33.32911392405064,0.000249679363259778,0.0015780742,0.00082648057
2026_TX_Senate_REP,TX,Senate,,REP,Leo Wyatt,2026-05-26,1,89,1.3,-32.52911392405064,,0.0015780742,0.00082648057
2026_TX_Senate_REP,TX,Senate,,REP,Chip Roy,2026-05-26,1,89,18.0,-15.829113924050638,,0.0013139102,0.0006881307
2026_TX_Senate_REP,TX,Senate,,REP,John Adefope,2026-05-26,5,89,0.38,-33.449113924050636,,0.0012688858,0.00066455017
2026_TX_Senate_REP,TX,Senate,,REP,Anna Bender,2026-05-26,5,89,0.72,-33.10911392405064,0.0,0.0012688858,0.00066455017
2026_TX_Senate_REP,TX,Senate,,REP,Sara Canady,2026-05-26,6,89,0.5333333333333333,-33.29578059071731,7.690124388401162e-05,0.0012688858,0.00066455017
2026_UT_House-1_DEM,UT,House,1,DEM,Ben McAdams,2026-06-23,2,2,36.5,11.5,0.6063118550558703,0.9608432,0.69509095
2026_UT_House-1_DEM,UT,House,1,DEM,Nate Blouin,2026-06-23,2,2,25.0,0.0,0.2036866406446337,0.38126838,0.2758163
2026_UT_House-1_DEM,UT,House,1,DEM,Liban Mohamed,2026-06-23,2,2,7.5,-17.5,0.09096686611196389,0.02417179,0.0174863
2026_UT_House-1_DEM,UT,House,1,DEM,Michael Farrell,2026-06-23,2,2,3.5,-21.5,0.09903463818753211,0.016043872,0.01160642
2026_UT_House-2_REP,UT,House,2,REP,Blake D. Moore,2026-06-23,4,4,62.0,40.5,0.9278041524417594,0.94642067,0.78936064
2026_UT_House-2_REP,UT,House,2,REP,Karianne Lisonbee,2026-06-23,4,4,21.5,0.0,0.0721958475582407,0.25255048,0.21063933
2026_VA_House-6_DEM,VA,House,6,DEM,Tom Perriello,2026-08-04,1,1,34.4,18.9,,0.86379474,0.9220568
2026_VA_House-6_DEM,VA,House,6,DEM,Sam Rasoul,2026-08-04,1,1,15.5,0.0,,0.044373516,0.047366463
2026_VA_House-6_DEM,VA,House,6,DEM,Beth Macy,2026-08-04,1,1,12.6,-2.9000000000000004,1.0,0.028644662,0.030576715
2026_VA_House-7_DEM,VA,House,7,DEM,Elizabeth Guzman,2026-08-04,1,1,14.0,9.0,,0.55642486,0.8035522
2026_VA_House-7_DEM,VA,House,7,DEM,J.P. Cooney,2026-08-04,1,1,5.0,0.0,0.44886557007142575,0.027206304,0.039289556
2026_VA_House-7_DEM,VA,House,7,DEM,Dan Helmer,2026-08-04,1,1,4.0,-1.0,0.530441638142036,0.027206304,0.039289556
2026_VA_House-7_DEM,VA,House,7,DEM,Alfonso Lopez,2026-08-04,1,1,4.0,-1.0,,0.027206304,0.039289556
2026_VA_House-7_DEM,VA,House,7,DEM,Adele McClure,2026-08-04,1,1,4.0,-1.0,,0.027206304,0.039289556
2026_VA_House-7_DEM,VA,House,7,DEM,Saddam Salim,2026-08-04,1,1,5.0,0.0,0.02069279178653822,0.027206304,0.039289556
2026_VA_Senate_REP,VA,Senate,,REP,Kim Farington,2026-08-04,2,2,22.5,2.5,0.33459341494853667,0.7560686,0.82140374
2026_VA_Senate_REP,VA,Senate,,REP,Bert Mizusawa,2026-08-04,2,2,20.0,0.0,0.5267394407639264,0.105071165,0.114150815
2026_VA_Senate_REP,VA,Senate,,REP,David Williams,2026-08-04,2,2,12.5,-7.5,0.13866714428753693,0.059319407,0.06444545
2026_VT_Governor_DEM,VT,Governor,,DEM,Amanda Janoo,2026-08-11,1,1,20.0,8.0,,0.8819925,0.9115346
2026_VT_Governor_DEM,VT,Governor,,DEM,Aly Richards,2026-08-11,1,1,12.0,0.0,,0.08559831,0.08846541
2026_VT_House-1_REP,VT,House,1,REP,Gerald Malloy,2026-08-11,1,1,48.0,29.0,,0.96974695,0.92522585
2026_VT_House-1_REP,VT,House,1,REP,Mark Coester,2026-08-11,1,1,19.0,0.0,,0.07837219,0.07477412
2026_WI_Governor_DEM,WI,Governor,,DEM,Mandela Barnes,2026-08-11,10,12,17.669999999999998,5.26090909090909,,0.52943885,0.67976123
2026_WI_Governor_DEM,WI,Governor,,DEM,Francesca Hong,2026-08-11,11,12,12.409090909090908,0.0,,0.23200111,0.29787266
2026_WI_Governor_DEM,WI,Governor,,DEM,Sara Rodriguez,2026-08-11,12,12,8.133333333333333,-4.275757575757575,,0.017420074,0.022366116
2026_WI_Governor_REP,WI,Governor,,REP,Tom Tiffany,2026-08-11,10,10,34.85,31.421428571428574,,0.6460089,0.99416065
2026_WI_Governor_REP,WI,Governor,,REP,Andy Manske,2026-08-11,7,10,3.4285714285714284,0.0,,0.0037944485,0.0058393795
2026_WI_House-3_DEM,WI,House,3,DEM,Rebecca Cooke,2026-08-11,1,1,65.0,43.0,0.9198479207345827,0.8563316,0.93627954
2026_WI_House-3_DEM,WI,House,3,DEM,Emily Berge,2026-08-11,1,1,22.0,0.0,0.0801520792654174,0.045704376,0.04997138
2026_WI_House-3_DEM,WI,House,3,DEM,Rodney Rave,2026-08-11,1,1,1.0,-21.0,,0.012575117,0.013749142
2026_WI_House-7_REP,WI,House,7,REP,Michael Alfonso,2026-08-11,2,2,33.15,17.549999999999997,0.4557219413001348,0.97760594,0.9768455
2026_WI_House-7_REP,WI,House,7,REP,Kevin Hermening,2026-08-11,2,2,15.6,0.0,0.5442780586998652,0.023172442,0.023154417
2026_WY_House-1_DEM,WY,House,1,DEM,Frank Church,2026-08-18,1,1,1.0,0.0,,0.36425832,1.0
2026_WY_House-1_REP,WY,House,1,REP,Chuck Gray,2026-08-18,2,2,21.0,2.0,0.30510360716421714,0.31852818,0.6372552
2026_WY_House-1_REP,WY,House,1,REP,Reid Rasner,2026-08-18,2,2,19.0,0.0,0.4186482213526451,0.080624394,0.16129912
2026_WY_House-1_REP,WY,House,1,REP,David Giralt,2026-08-18,2,2,1.0,-18.0,0.03860205595457436,0.02097266,0.04195841
2026_WY_House-1_REP,WY,House,1,REP,Bo Biteman,2026-08-18,2,2,6.0,-13.0,,0.018329553,0.03667055
2026_WY_House-1_REP,WY,House,1,REP,Kevin Christensen,2026-08-18,2,2,4.0,-15.0,,0.018168058,0.036347456
2026_WY_House-1_REP,WY,House,1,REP,Jillian Balow,2026-08-18,2,2,7.0,-12.0,0.05156842598390135,0.016906487,0.033823527
2026_WY_House-1_REP,WY,House,1,REP,Frank Chapman,2026-08-18,1,2,1.0,-18.0,0.18607768954466203,0.014149028,0.028306888
2026_WY_House-1_REP,WY,House,1,REP,Steve Friess,2026-08-18,1,2,10.0,-9.0,,0.01216562,0.024338834
