race_id,state,office,district,candidate,party,display_party,n_polls,poll_avg,poll_lead,avg_margin_over_time,prior_margin_cand,is_incumbent,pred_margin,pred_margin_R3,pred_margin_D3
2026_AK_Governor,AK,Governor,,Tom Begich,DEM,DEM,5,34.519999999999996,13.336666666666662,7.188055555555555,-26.07790651824441,0.0,-8.61022,-12.164044,-5.919363
2026_AK_Governor,AK,Governor,,Dave Bronson,REP,REP,4,20.375,-0.8083333333333336,-8.934166666666666,26.07790651824441,1.0,-23.129562,-22.939108,-26.057238
2026_AK_Governor,AK,Governor,,Bernadette Wilson,REP,REP,6,21.183333333333334,0.0,-12.350277777777777,26.07790651824441,1.0,-23.170177,-22.181503,-24.576302
2026_AK_Governor,AK,Governor,,Click Bishop,REP,REP,6,12.0,-9.183333333333334,-18.851666666666667,26.07790651824441,1.0,-33.2799,-31.691343,-35.11298
2026_AK_Governor,AK,Governor,,Jonathan Kreiss-Tomkins,DEM,DEM,1,15.5,-5.683333333333334,-19.019999999999996,-26.07790651824441,0.0,-37.958878,-39.825413,-36.808125
2026_AK_Governor,AK,Governor,,Bill Walker,OTH,OTH,1,10.5,-10.683333333333334,-24.019999999999996,-0.0,0.0,-43.652985,-42.065605,-44.894386
2026_AK_Governor,AK,Governor,,RCV round,OTH,OTH,2,1.0,-20.183333333333334,-28.94083333333333,-0.0,0.0,-47.19102,-47.068005,-47.594673
2026_AK_House-1,AK,House,1,Nick Begich,REP,REP,6,48.48333333333334,12.963333333333338,17.67611111111111,2.4471331009240416,1.0,14.914357,16.180677,12.871905
2026_AK_House-1,AK,House,1,Matt Schultz,DEM,DEM,5,35.52,0.0,-12.011333333333333,-2.4471331009240416,0.0,-14.6348095,-17.142595,-13.69346
2026_AK_Senate,AK,Senate,,Dan Sullivan,REP,REP,14,45.050000000000004,0.0,-1.445632487170948,42.50533954234023,1.0,2.9667807,6.76718,0.30198553
2026_AK_Senate,AK,Senate,,Mary S. Peltola,DEM,DEM,13,47.13076923076923,2.080769230769228,1.445632487170948,-42.50533954234023,0.0,-1.3594443,-6.067904,0.4811657
2026_AL_Governor,AL,Governor,,Tommy Tuberville,REP,REP,1,52.6,18.5,18.5,37.72892064696602,1.0,20.392143,22.610313,17.232965
2026_AL_Governor,AL,Governor,,Doug Jones,DEM,DEM,1,34.1,0.0,-18.5,-37.72892064696602,0.0,-20.833572,-24.269249,-16.697134
2026_AL_House-2,AL,House,2,Rhett Marques,REP,REP,1,45.0,1.0,1.0,-10.0,0.0,3.1979225,4.591285,-1.059683
2026_AL_House-2,AL,House,2,Shomari Figures,DEM,DEM,1,44.0,0.0,-1.0,10.0,1.0,-1.2225164,-2.8240285,3.1961427
2026_AR_Senate,AR,Senate,,Tom Cotton,REP,REP,1,58.0,22.0,22.0,34.644171901662695,1.0,23.805296,25.941261,21.90807
2026_AR_Senate,AR,Senate,,Hallie Shoffner,DEM,DEM,1,36.0,0.0,-22.0,-34.644171901662695,0.0,-21.246973,-24.19449,-19.947245
2026_AZ_Governor,AZ,Governor,,Katie Hobbs,DEM,DEM,13,44.107692307692304,6.107692307692304,1.9388986013986014,0.6687673496816728,1.0,-4.946926,-7.3759494,-2.7172294
2026_AZ_Governor,AZ,Governor,,Andy Biggs,REP,REP,11,38.0,0.0,-2.0555652680652687,-0.6687673496816728,0.0,-12.274107,-10.730176,-13.098929
2026_AZ_Governor,AZ,Governor,,David Schweikert,REP,REP,3,36.333333333333336,-1.6666666666666643,-5.514834239834237,-0.6687673496816728,0.0,-14.916188,-12.664177,-16.411108
2026_AZ_Governor,AZ,Governor,,Hugh Lytle,OTH,OTH,1,6.0,-32.0,-38.107692307692304,0.0,0.0,-49.64494,-47.98228,-50.26108
2026_AZ_House-1,AZ,House,1,Thomas (Jay) Feely,REP,REP,1,42.0,2.0,2.0,3.8140040137720277,1.0,6.257462,6.6432037,5.7788234
2026_AZ_House-1,AZ,House,1,Gina Swoboda,REP,REP,1,40.0,0.0,-2.0,3.8140040137720277,1.0,-7.6369033,-7.437555,-7.628075
2026_AZ_House-2,AZ,House,2,Eli Crane,REP,REP,1,44.0,3.0,3.0,8.968311964392484,1.0,3.641318,6.305825,-1.6366976
2026_AZ_House-2,AZ,House,2,Jonathan Nez,DEM,DEM,1,41.0,0.0,-3.0,-8.968311964392484,0.0,-9.678139,-12.390424,-6.392794
2026_AZ_House-2,AZ,House,2,Curtis Goodwin,OTH,OTH,1,7.0,-34.0,-37.0,-0.0,0.0,-48.990524,-50.036037,-46.04059
2026_AZ_House-6,AZ,House,6,JoAnna Mendoza,DEM,DEM,4,45.75,2.0,1.6666666666666667,-2.5096238578915546,0.0,0.41079628,-3.8752365,2.7247524
2026_AZ_House-6,AZ,House,6,Juan Ciscomani,REP,REP,4,43.75,0.0,-1.6666666666666667,2.5096238578915546,1.0,-1.2140542,3.1674879,-3.5273724
2026_CA_Governor,CA,Governor,,Xavier Becerra,DEM,DEM,4,53.25,19.5,18.041666666666664,18.358980588052205,1.0,19.822845,15.985681,21.577438
2026_CA_Governor,CA,Governor,,Steve Hilton,REP,REP,4,33.75,0.0,-18.041666666666664,-18.358980588052205,0.0,-22.343233,-16.172722,-23.410507
2026_CA_Governor,CA,Governor,,Neither/would not vote,OTH,OTH,1,1.0,-32.75,-52.25,0.0,0.0,-55.617687,-54.775745,-57.41454
2026_CA_House-11,CA,House,11,Nancy Pelosi,DEM,DEM,1,47.0,13.0,13.0,72.0,1.0,19.672497,20.004839,20.061752
2026_CA_House-11,CA,House,11,Saikat Chakrabarti,DEM,DEM,1,34.0,0.0,-13.0,72.0,1.0,-8.743904,-12.419497,-5.9330907
2026_CA_House-14,CA,House,14,Aisha Wahab,DEM,DEM,1,29.0,20.0,20.0,40.0,1.0,9.787478,8.268271,8.040154
2026_CA_House-14,CA,House,14,Melissa Hernandez,DEM,DEM,1,9.0,0.0,-20.0,40.0,1.0,-31.483345,-32.53673,-31.808601
2026_CA_House-14,CA,House,14,Rakhi Singh,DEM,DEM,1,2.0,-7.0,-27.0,40.0,1.0,-38.279224,-38.279224,-39.066467
2026_CA_House-14,CA,House,14,Dena Maldonado,REP,REP,1,8.0,-1.0,-21.0,-40.0,0.0,-38.966915,-37.469463,-42.2049
2026_CA_House-14,CA,House,14,Victor Aguilar Jr.,DEM,DEM,1,1.0,-8.0,-28.0,40.0,1.0,-39.429424,-39.429424,-40.393692
2026_CA_House-14,CA,House,14,Wendy Huang,REP,REP,1,9.0,0.0,-20.0,-40.0,0.0,-39.877407,-38.110157,-42.57645
2026_CA_House-14,CA,House,14,Matt Ortega,DEM,DEM,1,2.0,-7.0,-27.0,40.0,1.0,-40.69526,-40.69526,-41.48251
2026_CA_House-14,CA,House,14,Carin Elam,DEM,DEM,1,0.0,-9.0,-29.0,40.0,1.0,-42.913334,-42.913334,-43.8776
2026_CA_House-14,CA,House,14,Suzanne Chenault,OTH,OTH,1,1.0,-8.0,-28.0,0.0,0.0,-46.00124,-44.914013,-47.522045
2026_CA_House-22,CA,House,22,David G. Valadao,REP,REP,1,42.0,0.0,0.0,2.0,1.0,-0.27357504,3.9662616,-2.7027128
2026_CA_House-22,CA,House,22,Jasmeet Bains,DEM,DEM,1,42.0,0.0,0.0,-2.0,0.0,-3.0770473,-5.18428,1.767041
2026_CA_House-3,CA,House,3,Kevin Kiley,REP,REP,1,47.0,2.0,2.0,4.0,1.0,1.0638417,4.620138,-2.342918
2026_CA_House-3,CA,House,3,Heidi Hall,DEM,DEM,1,45.0,0.0,-2.0,-4.0,0.0,-2.776893,-4.891728,0.548552
2026_CA_House-40,CA,House,40,Young Kim,REP,REP,1,44.0,0.0,0.0,2.0,1.0,-8.833994,-8.899774,-9.741855
2026_CA_House-40,CA,House,40,Ken Calvert,REP,REP,1,44.0,0.0,0.0,2.0,1.0,-9.546845,-9.518833,-10.454706
2026_CA_House-40,CA,House,40,Esther Kim-Varet,DEM,DEM,1,43.0,-1.0,-1.0,-2.0,0.0,-14.124042,-14.763267,-10.69283
2026_CA_House-48,CA,House,48,Ammar Campa-Najjar,DEM,DEM,1,43.0,3.0,3.0,-14.0,0.0,0.6571255,-4.0926967,4.115301
2026_CA_House-48,CA,House,48,Darrell Issa,REP,REP,1,40.0,0.0,-3.0,14.0,1.0,-3.1088607,-0.9887648,-6.2198687
2026_CO_House-3,CO,House,3,Jeff Hurd,REP,REP,2,47.0,7.0,8.0,4.981474168224111,1.0,6.445935,8.886311,3.8687496
2026_CO_House-3,CO,House,3,Alex Kelloff,DEM,DEM,2,40.0,0.0,-8.0,-4.981474168224111,0.0,-9.567362,-11.961604,-6.231206
2026_CO_House-5,CO,House,5,Jeff Crank,REP,REP,1,43.0,3.0,3.0,13.795655716199235,1.0,2.6679685,5.8513975,-2.0188842
2026_CO_House-5,CO,House,5,Jessica Killin,DEM,DEM,1,40.0,0.0,-3.0,-13.795655716199235,0.0,-6.654989,-9.569667,-3.3185818
2026_CO_House-5,CO,House,5,Matt Cavanaugh,OTH,OTH,1,5.0,-35.0,-38.0,-0.0,0.0,-46.051743,-46.819706,-44.621128
2026_CT_Governor,CT,Governor,,Ryan Fazio,REP,REP,1,36.0,0.0,-13.666666666666664,-11.355723924048036,0.0,13.136643,11.815232,10.448239
2026_CT_Governor,CT,Governor,,Ned Lamont,DEM,DEM,3,49.666666666666664,13.666666666666664,37.888888888888886,11.355723924048036,1.0,-6.34588,-8.390597,-4.5267587
2026_FL_Governor,FL,Governor,,Byron Donalds,REP,REP,19,42.310526315789474,3.9205263157894734,6.208119214829128,19.403160228936898,1.0,6.3104944,9.169495,3.2341874
2026_FL_Governor,FL,Governor,,David W. Jolly,DEM,DEM,20,38.39,0.0,-4.4419036156529685,-19.403160228936898,0.0,-9.062883,-12.252536,-6.7214184
2026_FL_Governor,FL,Governor,,Desmond Meade,OTH,OTH,1,4.0,-34.39,-38.205263157894734,-0.0,0.0,-49.53589,-50.477943,-47.73948
2026_FL_House-13,FL,House,13,Anna Paulina Luna,REP,REP,1,41.0,2.0,2.0,10.0,1.0,4.1160455,7.6426888,-0.10642577
2026_FL_House-13,FL,House,13,Leela Gray,DEM,DEM,1,39.0,0.0,-2.0,-10.0,0.0,-8.537913,-10.647099,-4.7035866
2026_FL_House-14,FL,House,14,Kathy Castor,DEM,DEM,1,46.2,7.700000000000003,7.700000000000003,10.0,1.0,0.51477355,-2.3863692,4.0748587
2026_FL_House-14,FL,House,14,Kevin Steele,REP,REP,1,38.5,0.0,-7.700000000000003,-10.0,0.0,-13.48602,-11.2365055,-14.83395
2026_FL_House-14,FL,House,14,Mike Beltran,REP,REP,1,37.5,-1.0,-8.700000000000003,-10.0,0.0,-14.433743,-13.046064,-15.360222
2026_FL_House-25,FL,House,25,Oliver Larkin,DEM,DEM,1,43.0,2.8999999999999986,2.8999999999999986,10.0,1.0,-10.562057,-11.391075,-10.574871
2026_FL_House-25,FL,House,25,Jared Moskowitz,DEM,DEM,1,40.1,0.0,-0.6499999999999986,10.0,1.0,-15.6018,-16.06482,-10.662979
2026_FL_House-25,FL,House,25,George Moraitis,REP,REP,2,36.25,-3.8500000000000014,-4.175000000000001,-10.0,0.0,-19.540327,-18.811655,-21.927282
2026_FL_House-25,FL,House,25,Scott Singer,REP,REP,2,32.85,-7.25,-8.774999999999999,-10.0,0.0,-23.394894,-20.704128,-24.051868
2026_FL_House-27,FL,House,27,María Elvira Salazar,REP,REP,3,45.666666666666664,2.6666666666666643,31.388888888888886,12.0,1.0,-2.443991,0.61202973,-6.365711
2026_FL_House-27,FL,House,27,Eliott Rodriguez,DEM,DEM,1,43.0,0.0,-2.6666666666666643,-12.0,0.0,-16.478277,-18.022923,-15.056188
2026_FL_House-27,FL,House,27,Robin Peguero,DEM,DEM,1,40.0,-3.0,-5.666666666666664,-12.0,0.0,-16.69196,-17.325445,-14.982213
2026_FL_House-28,FL,House,28,Carlos A. Gimenez,REP,REP,1,46.0,6.0,6.0,20.0,1.0,13.124088,15.713139,10.337769
2026_FL_House-28,FL,House,28,Hector Mujica,DEM,DEM,1,40.0,0.0,-6.0,-20.0,0.0,-10.083776,-12.387687,-6.826902
2026_FL_House-7,FL,House,7,Cory Mills,REP,REP,1,39.0,0.0,-2.0,10.0,1.0,-1.1429659,3.0704315,-3.4036672
2026_FL_House-7,FL,House,7,Bale Dalton,DEM,DEM,1,41.0,2.0,2.0,-10.0,0.0,-2.5653484,-6.8778687,0.6368669
2026_FL_Senate,FL,Senate,,Ashley Moody,REP,REP,13,46.46153846153846,5.552447552447553,12.727305333555334,12.778416922706803,,6.353215,9.893801,3.5155709
2026_FL_Senate,FL,Senate,,Alexander Vindman,DEM,DEM,11,40.90909090909091,0.0,-6.222766400266401,-12.778416922706803,,-8.855095,-10.878651,-6.139333
2026_FL_Senate-S,FL,Senate,S,Ashley Moody,REP,REP,14,46.83571428571429,5.5523809523809575,12.305803832919217,,,-1.1753109,1.5658743,-4.880801
2026_FL_Senate-S,FL,Senate,S,Alexander Vindman,DEM,DEM,12,41.28333333333333,0.0,-6.3159499843590785,,,-14.388203,-15.593969,-12.00072
2026_FL_Senate-S,FL,Senate,S,Angie Nixon,DEM,DEM,4,38.475,-2.80833333333333,-9.003734321234326,,,-15.902334,-17.435507,-15.026466
2026_GA_Governor,GA,Governor,,Keisha Lance Bottoms,DEM,DEM,5,48.94,5.899999999999999,6.238333333333334,-7.535245540050518,0.0,5.1452055,1.872246,7.648961
2026_GA_Governor,GA,Governor,,Rick Jackson,REP,REP,5,43.04,0.0,-6.238333333333334,7.535245540050518,1.0,-4.798234,-2.0320323,-7.6663117
2026_GA_Senate,GA,Senate,,Jon Ossoff,DEM,DEM,20,47.63,5.711818181818181,8.159597768042318,0.9572085233353107,1.0,4.3749847,1.887038,7.590992
2026_GA_Senate,GA,Senate,,Mike Collins,REP,REP,11,41.91818181818182,0.0,-8.159597768042318,-0.9572085233353107,0.0,-5.7289867,-2.733503,-8.561843
2026_IA_Governor,IA,Governor,,Rob Sand,DEM,DEM,6,49.98333333333333,6.258333333333326,24.71333333333333,-18.516627055056873,0.0,4.1856775,1.6358771,7.991038
2026_IA_Governor,IA,Governor,,Zach Lahn,REP,REP,4,43.725,0.0,-7.6888888888888856,18.516627055056873,1.0,-3.9766803,-0.87101406,-6.9126525
2026_IA_House-1,IA,House,1,Christina Bohannan,DEM,DEM,1,43.0,4.0,4.0,-0.19295881452286778,0.0,0.6414891,-1.6811396,3.799545
2026_IA_House-1,IA,House,1,Mariannette Miller-Meeks,REP,REP,1,39.0,0.0,-4.0,0.19295881452286778,1.0,-3.1203117,-1.932692,-6.248078
2026_IA_House-2,IA,House,2,Lindsay James,DEM,DEM,1,36.0,3.0,3.0,-15.557653827525307,0.0,-1.6181083,-7.1757627,1.1557982
2026_IA_House-2,IA,House,2,Joe Mitchell,REP,REP,1,33.0,0.0,-3.0,15.557653827525307,1.0,-5.199007,-0.4446797,-7.3538365
2026_IA_House-3,IA,House,3,Sarah Trone Garriott,DEM,DEM,2,47.5,3.5,7.25,-3.8226710744602244,0.0,1.3050809,-1.3686016,3.8345912
2026_IA_House-3,IA,House,3,Zach Nunn,REP,REP,3,44.0,0.0,9.833333333333334,3.8226710744602244,1.0,-1.762856,-0.055928826,-3.9706175
2026_IA_Senate,IA,Senate,,Ashley Hinson,REP,REP,8,45.9375,0.8041666666666671,1.7152210884353747,12.178645226302457,1.0,3.0471344,5.433691,-1.0806444
2026_IA_Senate,IA,Senate,,Josh Turek,DEM,DEM,9,45.13333333333333,0.0,3.874181547619047,-12.178645226302457,0.0,-4.6063137,-5.6522927,0.19073343
2026_ID_Senate,ID,Senate,,James E. Risch,REP,REP,3,47.666666666666664,21.999999999999996,15.0,31.94012421939785,1.0,19.951017,22.230497,18.031858
2026_ID_Senate,ID,Senate,,Todd Achilles,OTH,OTH,3,25.666666666666668,0.0,-15.0,-0.0,0.0,-30.979889,-33.36526,-29.586596
2026_ID_Senate,ID,Senate,,David Roth,DEM,DEM,2,24.0,-1.6666666666666679,-17.333333333333332,-31.94012421939785,0.0,-37.88116,-38.37203,-33.896236
2026_ID_Senate,ID,Senate,,Natalie Fleming,OTH,OTH,1,5.0,-20.666666666666668,-42.666666666666664,-0.0,0.0,-52.13192,-52.13192,-51.163895
2026_ID_Senate,ID,Senate,,Matt Loesby,OTH,OTH,1,2.0,-23.666666666666668,-45.666666666666664,-0.0,0.0,-52.945812,-54.19804,-51.328247
2026_IL_Governor,IL,Governor,,J.B. Pritzker,DEM,DEM,1,54.3,20.299999999999997,20.299999999999997,12.538334702516856,1.0,18.907999,16.646282,20.576803
2026_IL_Governor,IL,Governor,,Darren Bailey,REP,REP,1,34.0,0.0,-20.299999999999997,-12.538334702516856,0.0,-22.189596,-17.727129,-24.712044
2026_KS_Senate,KS,Senate,,Roger Marshall,REP,REP,2,51.5,6.0,7.0,22.962398353758765,1.0,12.145023,14.6384735,9.256784
2026_KS_Senate,KS,Senate,,Patrick Schmidt,DEM,DEM,2,45.5,0.0,-7.0,-22.962398353758765,0.0,-13.634455,-14.403225,-11.734378
2026_KY_House-6,KY,House,6,Ralph Alvarado,REP,REP,2,39.5,1.0,0.0,26.074331183820235,1.0,4.057675,5.2795763,-0.2539882
2026_KY_House-6,KY,House,6,Zach Dembo,DEM,DEM,2,38.5,0.0,0.0,-26.074331183820235,0.0,-7.9334245,-9.38652,-3.7348788
2026_KY_Senate,KY,Senate,,Andy Barr,REP,REP,1,49.0,3.0,3.0,23.61672181509376,1.0,-8.070652,-6.869993,-8.201987
2026_KY_Senate,KY,Senate,,Daniel Cameron,REP,REP,1,46.0,0.0,-3.0,23.61672181509376,1.0,-14.069816,-12.92585,-14.1083145
2026_KY_Senate,KY,Senate,,Nate Morris,REP,REP,1,41.0,-5.0,-8.0,23.61672181509376,1.0,-15.096395,-13.82596,-15.096395
2026_KY_Senate,KY,Senate,,Charles Booker,DEM,DEM,1,36.0,-10.0,-13.0,-23.61672181509376,0.0,-24.012787,-27.76951,-23.421738
2026_KY_Senate,KY,Senate,,Amy McGrath,DEM,DEM,1,35.0,-11.0,-14.0,-23.61672181509376,0.0,-25.206526,-28.6917,-24.34245
2026_MA_Governor,MA,Governor,,Maura Healey,DEM,DEM,11,50.21818181818182,20.384848484848487,22.46528298861632,29.073053508232746,1.0,17.173347,13.616768,18.63509
2026_MA_Governor,MA,Governor,,Mike Minogue,REP,REP,6,29.833333333333332,0.0,-20.61320226070226,-29.073053508232746,0.0,-25.44701,-24.163958,-26.5241
2026_MA_Governor,MA,Governor,,Brian Shortsleeve,REP,REP,10,26.170000000000005,-3.663333333333327,-24.887324434824436,-29.073053508232746,0.0,-34.896515,-32.2507,-35.85119
2026_MA_Senate,MA,Senate,,Seth Moulton,DEM,DEM,5,54.160000000000004,6.250909090909097,8.520852573352574,19.811804149519574,1.0,5.143703,3.6194172,5.3037276
2026_MA_Senate,MA,Senate,,Edward J. Markey,DEM,DEM,11,47.90909090909091,0.0,3.1990612473945785,19.811804149519574,1.0,-5.6921477,-5.754289,-5.7020626
2026_MA_Senate,MA,Senate,,John Deaton,REP,REP,8,27.4,-20.509090909090908,-24.3330612244898,-19.811804149519574,0.0,-34.627712,-30.723742,-35.255108
2026_MD_Governor,MD,Governor,,Wes Moore,DEM,DEM,2,47.45,10.450000000000003,9.225000000000001,32.41255461362651,1.0,12.133741,9.607564,14.016818
2026_MD_Governor,MD,Governor,,Larry Hogan,REP,REP,1,37.0,0.0,-9.225000000000001,-32.41255461362651,0.0,-13.118247,-11.278576,-14.331605
2026_ME_Governor,ME,Governor,,Hannah Pingree,DEM,DEM,4,51.4,12.199999999999996,12.799999999999997,13.24283153989471,1.0,-2.099322,-3.2167823,0.31841403
2026_ME_Governor,ME,Governor,,Bobby Charles,REP,REP,2,39.2,0.0,-12.799999999999997,-13.24283153989471,0.0,-13.278459,-12.359781,-15.958949
2026_ME_Governor,ME,Governor,,Robert Charles,REP,REP,2,39.0,-0.20000000000000284,-13.099999999999998,-13.24283153989471,0.0,-13.828151,-12.986658,-17.066225
2026_ME_Governor,ME,Governor,,Rick Bennett,OTH,OTH,2,8.05,-31.150000000000002,-42.55,0.0,0.0,-50.801487,-50.615955,-51.11182
2026_ME_House-2,ME,House,2,Paul R. LePage,REP,REP,13,46.53846153846154,3.53846153846154,11.313092185592186,-0.4935046220850552,0.0,4.9098387,8.022027,1.7998631
2026_ME_House-2,ME,House,2,Matt Dunlap,DEM,DEM,4,43.0,0.0,-7.236769095102428,0.4935046220850552,1.0,-7.3326077,-9.585143,-4.588159
2026_ME_Senate,ME,Senate,,Susan M. Collins,REP,REP,28,43.81785714285714,-3.2101428571428556,-3.191051617892934,23.81229120521649,1.0,-13.500861,-12.804784,-16.148256
2026_ME_Senate,ME,Senate,,Troy Jackson,DEM,DEM,2,48.5,1.4720000000000013,1.1172499999999985,-23.81229120521649,0.0,-15.126594,-15.376771,-14.470029
2026_ME_Senate,ME,Senate,,Graham Platner,DEM,DEM,25,47.028,0.0,1.2277391335158363,-23.81229120521649,0.0,-16.631395,-16.67246,-16.393335
2026_ME_Senate,ME,Senate,,Shenna Bellows,DEM,DEM,1,47.0,-0.027999999999998693,-1.5,-23.81229120521649,0.0,-19.421776,-19.548983,-19.24017
2026_ME_Senate,ME,Senate,,Janet T. Mills,DEM,DEM,15,44.093333333333334,-2.934666666666665,-1.8780655224047251,-23.81229120521649,0.0,-19.741877,-19.938938,-19.478405
2026_ME_Senate,ME,Senate,,Nirav Shah,DEM,DEM,1,45.0,-2.0279999999999987,-3.5,-23.81229120521649,0.0,-19.879784,-19.776354,-19.511852
2026_ME_Senate,ME,Senate,,Jordan Wood,DEM,DEM,2,40.0,-7.027999999999999,-3.1840376823700227,-23.81229120521649,0.0,-20.5443,-20.600168,-20.075525
2026_MI_Governor,MI,Governor,,Jocelyn Benson,DEM,DEM,23,36.417391304347824,3.7219367588932784,2.971463574757255,10.530545686974278,1.0,-5.649304,-14.1707325,-3.269538
2026_MI_Governor,MI,Governor,,John James,REP,REP,22,32.695454545454545,0.0,-3.1751672784609593,-10.530545686974278,0.0,-21.005491,-18.253445,-22.718737
2026_MI_Governor,MI,Governor,,Mike Cox,REP,REP,9,31.333333333333332,-1.3621212121212132,-4.75410442486888,-10.530545686974278,0.0,-22.205359,-21.833256,-24.04723
2026_MI_Governor,MI,Governor,,Perry Johnson,REP,REP,4,31.5,-1.1954545454545453,-6.55313542007192,-10.530545686974278,0.0,-22.503113,-20.863077,-23.16703
2026_MI_House-10,MI,House,10,Christina Hines,DEM,DEM,1,44.0,1.0,1.0,-6.1307168334897,0.0,-15.195515,-17.395655,-13.988782
2026_MI_House-10,MI,House,10,Mike Bouchard,REP,REP,1,43.0,0.0,-1.0,6.1307168334897,1.0,-15.523505,-12.223195,-17.35663
2026_MI_House-10,MI,House,10,Tim Greimel,DEM,DEM,1,42.0,-1.0,-2.0,-6.1307168334897,0.0,-17.659021,-18.538824,-16.26322
2026_MI_House-10,MI,House,10,Eric Chung,DEM,DEM,1,41.0,-2.0,-3.0,-6.1307168334897,0.0,-18.428072,-18.67832,-17.76925
2026_MI_House-4,MI,House,4,Bill Huizenga,REP,REP,3,45.666666666666664,1.6666666666666643,2.555555555555555,11.70643727234939,1.0,2.609636,4.4738617,-1.5054169
2026_MI_House-4,MI,House,4,Sean McCann,DEM,DEM,3,44.0,0.0,-2.555555555555555,-11.70643727234939,0.0,-2.281567,-5.217417,2.4393585
2026_MI_House-7,MI,House,7,Tom Barrett,REP,REP,4,44.5,-1.0,-3.0,3.7175768220850145,1.0,-14.632669,-13.08121,-16.969154
2026_MI_House-7,MI,House,7,William Lawrence,DEM,DEM,1,48.0,2.5,2.5,-3.7175768220850145,0.0,-14.778609,-17.077377,-13.976225
2026_MI_House-7,MI,House,7,Bridget Brink,DEM,DEM,4,45.5,0.0,0.5833333333333321,-3.7175768220850145,0.0,-16.243729,-16.978123,-15.631194
2026_MI_House-7,MI,House,7,Matt Maasdam,DEM,DEM,4,44.75,-0.75,-2.020833333333332,-3.7175768220850145,0.0,-17.426613,-17.818293,-16.83527
2026_MI_Senate,MI,Senate,,Mike Rogers,REP,REP,23,43.98695652173914,0.4869565217391383,4.318473361363332,-0.3407811142068624,0.0,-13.347654,-10.96218,-16.02404
2026_MI_Senate,MI,Senate,,Haley Stevens,DEM,DEM,19,43.5,0.0,-1.8872070885023513,0.3407811142068624,1.0,-14.395928,-15.3031,-11.704094
2026_MI_Senate,MI,Senate,,Abdul El-Sayed,DEM,DEM,16,42.75,-0.75,-4.292365435965918,0.3407811142068624,1.0,-16.000725,-17.903091,-14.73761
2026_MI_Senate,MI,Senate,,Mallory McMorrow,DEM,DEM,17,42.45882352941177,-1.0411764705882334,-2.0739108095057777,0.3407811142068624,1.0,-16.455359,-17.328543,-15.317373
2026_MN_Governor,MN,Governor,,Amy Klobuchar,OTH,OTH,3,50.26666666666667,0.9333333333333371,1.1111111111111118,0.0,0.0,-14.878766,-18.051235,-13.3020735
2026_MN_Governor,MN,Governor,,Amy Klobuchar (DFL),OTH,OTH,3,49.333333333333336,0.0,-1.1111111111111118,0.0,0.0,-17.843102,-17.434504,-17.910263
2026_MN_Governor,MN,Governor,,Kendall Qualls,REP,REP,4,36.0,-13.333333333333336,-2.166666666666668,-7.663639177093209,0.0,-18.842865,-18.360966,-20.916937
2026_MN_Governor,MN,Governor,,Lisa Demuth,REP,REP,4,37.925,-11.408333333333339,-14.630555555555558,-7.663639177093209,0.0,-20.865887,-19.7698,-24.13358
2026_MN_Governor,MN,Governor,,Michael James Lindell,REP,REP,4,33.725,-15.608333333333334,-18.16388888888889,-7.663639177093209,0.0,-28.376617,-24.2483,-30.680933
2026_MN_House-1,MN,House,1,Brad Finstad,REP,REP,2,48.0,6.5,4.75,17.09582336911184,1.0,8.848986,11.423429,5.9013433
2026_MN_House-1,MN,House,1,Jake Johnson,DEM,DEM,2,41.5,0.0,-4.75,-17.09582336911184,0.0,-9.227662,-12.298542,-6.701688
2026_MN_Senate,MN,Senate,,Angie Craig,DEM,DEM,4,48.4,0.0,-0.05833333333333357,15.7001658345674,1.0,-11.976566,-13.099119,-11.309152
2026_MN_Senate,MN,Senate,,Peggy Flanagan,DEM,DEM,4,48.025,-0.375,-0.7770833333333336,15.7001658345674,1.0,-15.386367,-15.698129,-14.827233
2026_MN_Senate,MN,Senate,,Michele Tafoya,REP,REP,3,43.06666666666666,-5.333333333333336,-4.375,-15.7001658345674,0.0,-17.395609,-16.285215,-19.800192
2026_MN_Senate,MN,Senate,,Angie Craig (DFL),OTH,OTH,4,48.5,0.10000000000000142,0.05833333333333357,0.0,0.0,-18.007822,-16.658289,-19.270346
2026_MN_Senate,MN,Senate,,Peggy Flanagan (DFL),OTH,OTH,4,48.0,-0.3999999999999986,-0.7916666666666661,0.0,0.0,-18.830336,-18.117344,-19.22317
2026_MO_House-2,MO,House,2,Ann Wagner,REP,REP,2,45.0,4.0,25.0,8.0,1.0,3.7224157,8.311158,2.0706863
2026_MO_House-2,MO,House,2,Fred Wellman,DEM,DEM,1,41.0,0.0,-4.0,-8.0,0.0,-12.228306,-15.7589855,-10.425427
2026_MO_House-2,MO,House,2,Don't know/Someone else,OTH,OTH,1,15.0,-26.0,-30.0,-0.0,0.0,-46.306416,-46.58238,-45.15044
2026_MS_Senate,MS,Senate,,Generic Opponent,OTH,OTH,2,49.5,9.5,8.75,-0.0,0.0,-3.5198362,-3.7605612,-3.3028708
2026_MS_Senate,MS,Senate,,Cindy Hyde-Smith,REP,REP,2,40.0,0.0,-8.75,25.624382405477704,1.0,-7.8906937,-7.440544,-8.600042
2026_MS_Senate,MS,Senate,,Scott Colom,DEM,DEM,2,38.5,-1.5,-9.5,-25.624382405477704,0.0,-15.957836,-16.814157,-15.081625
2026_MS_Senate,MS,Senate,,Ty Pinkins,OTH,OTH,1,6.0,-34.0,-43.5,-0.0,0.0,-48.697132,-48.792892,-48.697132
2026_MT_House-1,MT,House,1,Aaron Flint,REP,REP,2,46.0,4.333333333333336,5.916666666666668,7.678749852606238,1.0,4.554689,7.428508,2.9412262
2026_MT_House-1,MT,House,1,Sam Forstag,DEM,DEM,3,41.666666666666664,0.0,8.722222222222221,-7.678749852606238,0.0,-7.7391596,-10.168272,-4.9019423
2026_MT_House-1,MT,House,1,Tim Sheehy,REP,REP,1,5.0,-36.666666666666664,-41.0,7.678749852606238,1.0,-44.107376,-44.431885,-44.23244
2026_MT_Senate,MT,Senate,,Kurt Alme,REP,REP,4,44.45,19.450000000000003,17.642916666666668,7.143045341220102,1.0,13.281132,15.107515,9.489826
2026_MT_Senate,MT,Senate,,Seth Bodnar,OTH,OTH,7,24.014285714285712,-0.9857142857142875,-5.537341269841271,-0.0,0.0,-26.402155,-26.176481,-24.394396
2026_MT_Senate,MT,Senate,,Alani Bankhead,DEM,DEM,2,25.0,0.0,-20.025000000000002,-7.143045341220102,0.0,-33.290386,-35.770035,-25.883213
2026_MT_Senate,MT,Senate,,Kyle Austin,OTH,OTH,2,4.0,-21.0,-41.025000000000006,-0.0,0.0,-45.46382,-45.946457,-45.420734
2026_NC_House-1,NC,House,1,Don Davis,DEM,DEM,3,42.666666666666664,2.3333333333333286,2.2777777777777763,-2.0,1.0,1.0183707,-4.827443,4.0773864
2026_NC_House-1,NC,House,1,Laurie Buckhout,REP,REP,3,40.333333333333336,0.0,-2.2777777777777763,2.0,0.0,-6.084012,-1.5024741,-9.374041
2026_NC_House-1,NC,House,1,Thomas Aaron Bailey,OTH,OTH,2,8.5,-31.833333333333336,-33.22222222222222,0.0,0.0,-46.545288,-46.602127,-46.92444
2026_NC_House-10,NC,House,10,Pat Harrigan,REP,REP,1,52.0,15.0,15.0,18.0,1.0,18.006102,20.19318,14.875593
2026_NC_House-10,NC,House,10,Ashley Bell,DEM,DEM,1,37.0,0.0,-15.0,-18.0,0.0,-18.572666,-22.106035,-17.61176
2026_NC_House-11,NC,House,11,Chuck Edwards,REP,REP,1,44.0,0.0,-1.0,10.0,1.0,0.92029583,4.8657255,-0.64999986
2026_NC_House-11,NC,House,11,Jamie Ager,DEM,DEM,1,45.0,1.0,1.0,-10.0,0.0,-0.29315096,-3.587918,1.7643728
2026_NC_House-14,NC,House,14,Tim Moore,REP,REP,1,48.0,8.0,8.0,16.0,1.0,13.83672,15.738542,11.038836
2026_NC_House-14,NC,House,14,LaKesha Womack,DEM,DEM,1,40.0,0.0,-8.0,-16.0,0.0,-17.65917,-18.19855,-15.578343
2026_NC_Senate,NC,Senate,,Roy A. Cooper,DEM,DEM,23,47.91304347826087,8.048043478260865,12.386164151172272,-3.22574063494654,0.0,5.39922,1.8938876,7.713843
2026_NC_Senate,NC,Senate,,Michael Whatley,REP,REP,20,39.865,0.0,-7.086611122409999,3.22574063494654,1.0,-8.029096,-4.4609637,-8.754081
2026_NE_Governor,NE,Governor,,Jim Pillen,REP,REP,4,46.0,6.0,8.458333333333332,23.242585040284396,1.0,8.569248,11.608689,5.9474716
2026_NE_Governor,NE,Governor,,Lynne Walz,DEM,DEM,4,40.0,0.0,-8.458333333333332,-23.242585040284396,0.0,-8.916714,-11.730258,-6.5349364
2026_NE_House-1,NE,House,1,Mike Flood,REP,REP,2,42.5,7.0,6.5,20.208167097677666,1.0,6.314049,8.852644,2.164521
2026_NE_House-1,NE,House,1,Chris Backemeyer,DEM,DEM,2,35.5,0.0,-6.5,-20.208167097677666,0.0,-18.825003,-20.409601,-16.380785
2026_NE_House-1,NE,House,1,Austin Ahlman,OTH,OTH,2,22.5,-13.0,-14.0,-0.0,0.0,-33.966843,-36.32029,-31.119156
2026_NE_House-2,NE,House,2,John Cavanaugh,DEM,DEM,1,46.0,2.0,2.0,-1.8530233622725873,0.0,-0.20443866,-0.286852,0.20290326
2026_NE_House-2,NE,House,2,Denise Powell,DEM,DEM,1,44.0,0.0,-2.0,-1.8530233622725873,0.0,-3.539849,-4.0078197,-3.5129955
2026_NE_Senate,NE,Senate,,Pete Ricketts,REP,REP,5,47.6,1.0,0.5666666666666658,16.05975443783806,1.0,4.396393,6.0924044,-0.24205397
2026_NE_Senate,NE,Senate,,Dan Osborn,DEM,IND,5,46.6,0.0,-0.5666666666666658,-16.05975443783806,0.0,-5.736107,-6.9697742,-1.6884648
2026_NH_Governor,NH,Governor,,Kelly Ayotte,REP,REP,10,45.9,7.699999999999996,23.583843537414964,9.338991092962132,1.0,8.431728,11.572538,5.3518834
2026_NH_Governor,NH,Governor,,Cinde Warmington,DEM,DEM,5,38.2,0.0,-7.3967261904761905,-9.338991092962132,0.0,-11.2393675,-12.615,-7.160364
2026_NH_House-2,NH,House,2,Maggie Goodlander,DEM,DEM,8,48.625,13.736111111111114,14.545502645502646,5.960137360782149,1.0,14.402648,11.272524,15.8617935
2026_NH_House-2,NH,House,2,Lily Tang Williams,REP,REP,9,34.888888888888886,0.0,-14.545502645502646,-5.960137360782149,0.0,-14.011419,-12.254863,-19.845266
2026_NH_Senate,NH,Senate,,Chris Pappas,DEM,DEM,20,46.855000000000004,5.2350000000000065,4.831604459124719,9.06075123797254,1.0,-3.6863952,-5.8718977,-0.56399286
2026_NH_Senate,NH,Senate,,John E. Sununu,REP,REP,15,41.62,0.0,-5.154707275896905,-9.06075123797254,0.0,-11.581809,-9.839513,-13.678254
2026_NH_Senate,NH,Senate,,Scott Brown,REP,REP,15,37.28,-4.339999999999996,-5.160229571220928,-9.06075123797254,0.0,-13.542068,-12.671843,-15.2940235
2026_NJ_House-2,NJ,House,2,Jeff Van Drew,REP,REP,1,46.0,0.0,46.0,16.9067865023411,1.0,19.889584,20.715498,19.249676
2026_NJ_House-7,NJ,House,7,Thomas H. Kean Jr.,REP,REP,1,43.0,-3.0,-4.0,5.402435801742243,1.0,-9.652576,-8.382545,-12.350214
2026_NJ_House-7,NJ,House,7,Rebecca Bennett,DEM,DEM,1,47.0,1.0,1.0,-5.402435801742243,0.0,-9.873252,-10.308827,-9.27386
2026_NJ_House-7,NJ,House,7,Tina Shah,DEM,DEM,1,46.0,0.0,-1.0,-5.402435801742243,0.0,-12.722223,-13.051501,-12.016537
2026_NJ_House-7,NJ,House,7,Don't know/Would not vote,OTH,OTH,1,10.0,-36.0,-37.0,-0.0,0.0,-48.88098,-46.439087,-49.57512
2026_NM_House-2,NM,House,2,Gabe Vasquez,DEM,DEM,1,43.0,2.0,2.0,4.157966546309773,1.0,5.208476,0.4618413,7.8495398
2026_NM_House-2,NM,House,2,Greg Cunningham,REP,REP,1,41.0,0.0,-2.0,-4.157966546309773,0.0,-6.7421813,-2.198159,-8.627463
2026_NV_Governor,NV,Governor,,Joe Lombardo,REP,REP,6,43.51666666666667,2.333333333333343,2.1722222222222243,1.5098064806083116,1.0,3.8052678,6.262717,-1.7016032
2026_NV_Governor,NV,Governor,,Aaron Ford,DEM,DEM,6,41.18333333333333,0.0,-2.1722222222222243,-1.5098064806083116,0.0,-4.4846125,-7.7565866,0.59297645
2026_NV_House-2,NV,House,2,David Flippo,REP,REP,1,46.0,0.0,-2.0,55.03698846800673,1.0,3.0398483,7.7652836,0.6462925
2026_NV_House-2,NV,House,2,Teresa Benitez-Thompson,DEM,DEM,1,48.0,2.0,2.0,-55.03698846800673,0.0,-8.861855,-13.274298,-5.6092515
2026_NY_Governor,NY,Governor,,Kathy C. Hochul,DEM,DEM,28,46.11071428571428,13.039285714285711,23.42534774215234,7.267882507713594,1.0,14.052374,11.444811,16.349516
2026_NY_Governor,NY,Governor,,Bruce Blakeman,REP,REP,14,33.07142857142857,0.0,-16.790766322223206,-7.267882507713594,0.0,-18.569153,-13.714377,-21.01721
2026_NY_House-1,NY,House,1,Nicholas J. LaLota,REP,REP,1,41.0,3.0,3.0,4.6708119970738835,1.0,0.3074725,4.2016606,-3.8344893
2026_NY_House-1,NY,House,1,Chris Gallant,DEM,DEM,1,38.0,0.0,-3.0,-4.6708119970738835,0.0,-4.606717,-8.065905,-2.74924
2026_NY_House-17,NY,House,17,Cait Conley,DEM,DEM,1,51.0,6.0,6.0,-1.8510808731304778,0.0,5.919042,2.9113135,8.129001
2026_NY_House-17,NY,House,17,Mike Lawler,REP,REP,1,45.0,0.0,-6.0,1.8510808731304778,1.0,-5.9161067,-3.106307,-7.622889
2026_NY_House-21,NY,House,21,Anthony Constantino,REP,REP,1,45.0,1.0,1.0,21.27552776502983,1.0,0.54483354,2.1783693,-3.662183
2026_NY_House-21,NY,House,21,Blake Gendebien,DEM,DEM,1,44.0,0.0,-1.0,-21.27552776502983,0.0,-5.092626,-6.4252334,-0.89607465
2026_OH_Governor,OH,Governor,,Vivek G. Ramaswamy,REP,REP,16,46.725,0.6062499999999957,2.2598880471380443,25.02940232563145,1.0,2.5499547,5.9569855,-0.32739654
2026_OH_Governor,OH,Governor,,Amy Acton,DEM,DEM,16,46.118750000000006,0.0,-2.2598880471380443,-25.02940232563145,0.0,-3.9951727,-6.341946,0.941898
2026_OH_House-7,OH,House,7,Max Miller,REP,REP,1,44.0,1.0,1.0,10.0,1.0,5.9211617,7.097523,0.97122455
2026_OH_House-7,OH,House,7,Brian Poindexter,DEM,DEM,1,43.0,0.0,-1.0,-10.0,0.0,-9.769682,-10.888064,-5.481735
2026_OH_House-9,OH,House,9,Derek Merrin,REP,REP,1,47.0,4.0,4.0,6.0,0.0,1.689308,4.283362,-0.44916224
2026_OH_House-9,OH,House,9,Marcy Kaptur,DEM,DEM,1,43.0,0.0,-4.0,-6.0,1.0,-2.4864223,-6.802183,-0.52071434
2026_OH_House-9,OH,House,9,David Gedert,OTH,OTH,1,3.0,-40.0,-44.0,0.0,0.0,-49.791515,-50.71227,-49.601963
2026_OH_Senate-S,OH,Senate,S,Jon Husted,REP,REP,14,47.25714285714285,0.5142857142857125,2.117136038564612,,,1.743264,5.433748,-2.0747538
2026_OH_Senate-S,OH,Senate,S,Sherrod Brown,DEM,DEM,14,46.74285714285714,0.0,-2.117136038564612,,,-2.2068498,-3.783282,2.5234308
2026_OR_Governor,OR,Governor,,Tina Kotek,DEM,DEM,3,44.666666666666664,0.3333333333333286,2.6111111111111094,3.41684576085715,1.0,0.51615435,-2.6069207,3.7237625
2026_OR_Governor,OR,Governor,,Christine Drazan,REP,REP,3,44.333333333333336,0.0,-2.6111111111111094,-3.41684576085715,0.0,-2.130561,2.4914267,-5.2939014
2026_PA_Governor,PA,Governor,,Josh Shapiro,DEM,DEM,10,52.90999999999999,19.599999999999987,18.962261904761903,14.771404382895163,1.0,16.958029,13.634837,18.195734
2026_PA_Governor,PA,Governor,,Stacy Garrity,REP,REP,10,33.31,0.0,-18.962261904761903,-14.771404382895163,0.0,-21.22149,-14.912425,-21.759306
2026_PA_House-1,PA,House,1,Brian Fitzpatrick,REP,REP,2,44.5,3.0,1.5,12.806193788948534,1.0,6.406213,9.511725,2.0907152
2026_PA_House-1,PA,House,1,Bob Harvie,DEM,DEM,2,41.5,0.0,-1.5,-12.806193788948534,0.0,-6.451362,-8.842538,-3.969532
2026_PA_House-10,PA,House,10,Janelle Stelson,DEM,DEM,4,49.0,4.75,3.75,-1.2642826002891638,0.0,3.1277895,0.7228133,5.675099
2026_PA_House-10,PA,House,10,Scott Perry,REP,REP,4,44.25,0.0,-3.75,1.2642826002891638,1.0,-3.2081885,-1.2882985,-5.817161
2026_PA_House-7,PA,House,7,Bob Brooks,DEM,DEM,1,47.0,4.0,4.0,-1.0071557149020407,0.0,1.0715393,-0.4815015,3.5770762
2026_PA_House-7,PA,House,7,Ryan E. Mackenzie,REP,REP,1,43.0,0.0,-4.0,1.0071557149020407,1.0,-1.3670691,0.043010153,-4.887133
2026_PA_House-8,PA,House,8,Paige Cognetti,DEM,DEM,3,46.0,1.6666666666666643,1.7222222222222214,-1.6235840383926217,0.0,-0.040603556,-4.326637,1.3019162
2026_PA_House-8,PA,House,8,Rob Bresnahan Jr.,REP,REP,3,44.333333333333336,0.0,-1.7222222222222214,1.6235840383926217,1.0,-1.2169333,3.3075633,-2.746772
2026_RI_Governor,RI,Governor,,Helena Foulkes,DEM,DEM,3,36.63333333333333,6.633333333333333,0.5277777777777786,19.05807028825454,1.0,-10.163747,-11.20228,-9.530277
2026_RI_Governor,RI,Governor,,Daniel McKee,DEM,DEM,3,29.2,-0.8000000000000007,-7.711111111111111,19.05807028825454,1.0,-23.087303,-23.132679,-22.560486
2026_RI_Governor,RI,Governor,,Undecided/Other,OTH,OTH,2,30.0,0.0,-0.5277777777777786,0.0,0.0,-26.307001,-26.20728,-26.980927
2026_RI_Governor,RI,Governor,,Republican nominee,OTH,OTH,2,21.5,-8.5,-15.566666666666666,0.0,0.0,-32.810513,-30.270756,-34.28928
2026_RI_Governor,RI,Governor,,Aaron Guckian,REP,REP,1,16.0,-14.0,-20.877777777777776,-19.05807028825454,0.0,-34.55194,-33.516693,-40.527065
2026_RI_Governor,RI,Governor,,Ken Block,OTH,OTH,4,18.725,-11.274999999999999,-18.425,0.0,0.0,-35.851273,-35.716583,-37.29918
2026_RI_Senate,RI,Senate,,Jack Reed,DEM,DEM,1,52.0,17.5,17.5,20.048053859350993,1.0,20.50436,18.526361,22.374594
2026_RI_Senate,RI,Senate,,Raymond McKay,REP,REP,2,34.5,0.0,8.25,-20.048053859350993,0.0,-18.573215,-15.056832,-21.407225
2026_SC_House-1,SC,House,1,Mark Smith,REP,REP,1,39.0,3.0,3.0,16.613055527833012,1.0,5.538611,8.498278,0.9372408
2026_SC_House-1,SC,House,1,Mac Deford,DEM,DEM,1,36.0,0.0,-3.0,-16.613055527833012,0.0,-7.5132484,-11.202176,-5.6557183
2026_SC_Senate,SC,Senate,,Lindsey Graham,REP,REP,3,45.666666666666664,4.666666666666664,5.388888888888888,25.868814213818233,1.0,7.3946843,10.574101,5.546428
2026_SC_Senate,SC,Senate,,Annie Andrews,DEM,DEM,3,41.0,0.0,-5.388888888888888,-25.868814213818233,0.0,-8.927343,-11.154557,-5.923936
2026_SD_Senate,SD,Senate,,Mike Rounds,REP,REP,4,44.25,15.0,13.458333333333332,43.47709901729786,1.0,14.067886,15.026388,12.18186
2026_SD_Senate,SD,Senate,,Brian L. Bengs,OTH,OTH,4,29.25,0.0,-13.583333333333332,-0.0,0.0,-20.743824,-21.492676,-20.445116
2026_SD_Senate,SD,Senate,,Julian Beaudion,DEM,DEM,3,26.666666666666668,-2.583333333333332,-14.583333333333334,-43.47709901729786,0.0,-31.591032,-35.064613,-25.127317
2026_TN_Governor,TN,Governor,,Marsha Blackburn,REP,REP,3,50.333333333333336,22.833333333333336,31.944444444444446,31.989065925160446,1.0,20.753828,25.043621,18.429457
2026_TN_Governor,TN,Governor,,Jerri Green,DEM,DEM,2,27.5,0.0,-22.416666666666668,-31.989065925160446,0.0,-28.438025,-36.57211,-28.012165
2026_TN_Governor,TN,Governor,,Don't know/Someone else,OTH,OTH,1,22.0,-5.5,-28.333333333333336,-0.0,0.0,-39.71171,-41.315495,-38.033848
2026_TN_House-5,TN,House,5,Andy Ogles,REP,REP,1,47.0,6.0,6.0,16.0,1.0,7.3065805,9.424923,5.171841
2026_TN_House-5,TN,House,5,Chaz Molder,DEM,DEM,1,41.0,0.0,-6.0,-16.0,0.0,-9.016897,-10.530049,-5.5059466
2026_TX_Governor,TX,Governor,,Greg Abbott,REP,REP,14,48.621428571428574,6.642857142857139,6.584122012247012,10.902789467682467,1.0,8.284724,11.002114,5.575931
2026_TX_Governor,TX,Governor,,Gina Hinojosa,DEM,DEM,14,41.978571428571435,0.0,-6.584122012247012,-10.902789467682467,0.0,-9.107772,-11.668278,-5.606134
2026_TX_House-15,TX,House,15,Monica De La Cruz,REP,REP,2,43.5,0.5,1.75,14.0,1.0,2.5705864,5.513275,-1.3872007
2026_TX_House-15,TX,House,15,Bobby Pulido,DEM,DEM,2,43.0,0.0,-1.75,-14.0,0.0,-4.513989,-6.2922907,0.5335746
2026_TX_House-23,TX,House,23,Brandon Herrera,REP,REP,1,42.0,2.0,2.0,14.0,1.0,3.8316596,6.9566817,-1.0214924
2026_TX_House-23,TX,House,23,Katy Padilla Stout,DEM,DEM,1,40.0,0.0,-2.0,-14.0,0.0,-11.652282,-12.859843,-8.753292
2026_TX_House-28,TX,House,28,Tano Tijerina,REP,REP,2,44.0,8.5,8.5,4.0,0.0,7.4668336,8.811557,4.18836
2026_TX_House-28,TX,House,28,Henry Cuellar,DEM,DEM,2,35.5,0.0,-8.5,-4.0,1.0,-9.231699,-12.885682,-7.911416
2026_TX_House-28,TX,House,28,Other named candidates,OTH,OTH,1,9.0,-26.5,-35.0,0.0,0.0,-47.423103,-48.820312,-47.15985
2026_TX_House-34,TX,House,34,Eric Flores,REP,REP,2,42.5,2.0,1.5,-0.0,0.0,1.7649678,4.4045434,-3.4789112
2026_TX_House-34,TX,House,34,Vicente Gonzalez,DEM,DEM,2,40.5,0.0,-1.5,0.0,1.0,-3.2328017,-5.0973268,1.526537
2026_TX_Senate,TX,Senate,,Ken Paxton,REP,REP,23,44.469565217391306,0.0,8.378487104559134,8.497205153378701,1.0,0.25232217,5.1376147,-1.3226886
2026_TX_Senate,TX,Senate,,James Talarico,DEM,DEM,18,44.53333333333333,0.06376811594202536,-1.8906423627263957,-8.497205153378701,0.0,-3.38415,-5.200073,0.5879894
2026_VA_House-1,VA,House,1,Robert J. Wittman,REP,REP,2,43.5,2.5,1.75,6.0,1.0,4.540943,7.1686306,-0.062733285
2026_VA_House-1,VA,House,1,Shannon Taylor,DEM,DEM,2,41.0,0.0,-1.75,-6.0,0.0,-6.0867515,-7.8440104,-2.3428712
2026_VA_Senate,VA,Senate,,Mark R. Warner,DEM,DEM,4,48.75,10.75,9.25,8.922881002294432,1.0,11.317438,9.560203,13.539295
2026_VA_Senate,VA,Senate,,Glenn Youngkin,REP,REP,2,38.0,0.0,-9.25,-8.922881002294432,0.0,-10.751937,-9.789346,-12.314776
2026_VA_Senate,VA,Senate,,Mark Moran,OTH,OTH,2,2.5,-35.5,-46.125,0.0,0.0,-51.189034,-49.94673,-52.714943
2026_VT_Governor,VT,Governor,,Phil Scott,REP,REP,1,41.0,14.0,14.0,51.598909715274736,1.0,9.906407,13.877063,4.1280446
2026_VT_Governor,VT,Governor,,Amanda Janoo,DEM,DEM,1,27.0,0.0,-14.0,-51.598909715274736,0.0,-24.978113,-33.438385,-23.571087
2026_VT_Governor,VT,Governor,,Aly Richards,DEM,DEM,1,25.0,-2.0,-16.0,-51.598909715274736,0.0,-33.703167,-35.77557,-30.096071
2026_VT_Governor,VT,Governor,,June Goodband,OTH,OTH,1,6.0,-21.0,-35.0,-0.0,0.0,-47.75127,-49.1273,-47.518208
2026_VT_Governor,VT,Governor,,Dean Roy,OTH,OTH,1,1.0,-26.0,-40.0,-0.0,0.0,-50.917145,-50.917145,-50.611134
2026_VT_House-1,VT,House,1,Becca Balint,DEM,DEM,1,57.0,31.0,31.0,32.49908732060145,1.0,23.87756,21.689238,24.971844
2026_VT_House-1,VT,House,1,Mark Coester,REP,REP,1,26.0,0.0,-31.0,-32.49908732060145,0.0,-36.23576,-34.466824,-37.02608
2026_VT_House-1,VT,House,1,Gerald Malloy,REP,REP,1,26.0,0.0,-31.0,-32.49908732060145,0.0,-36.23576,-34.466824,-37.02608
2026_VT_House-1,VT,House,1,Adam Ortiz,OTH,OTH,1,1.0,-25.0,-56.0,0.0,0.0,-59.949974,-58.611446,-61.588898
2026_WA_House-3,WA,House,3,John Braun,REP,REP,4,41.25,6.0,7.166666666666666,-3.8766157574824973,0.0,1.3302643,4.825704,-2.4201758
2026_WA_House-3,WA,House,3,Marie Gluesenkamp Perez,DEM,DEM,4,35.25,0.0,-7.166666666666666,3.8766157574824973,1.0,-8.940242,-11.751117,-5.476159
2026_WA_House-3,WA,House,3,Brent Hennrich,DEM,DEM,2,12.5,-22.75,-27.305555555555554,3.8766157574824973,1.0,-40.76281,-41.313755,-39.21659
2026_WA_House-4,WA,House,4,Amanda McKinney,REP,REP,1,20.0,0.0,-5.0,52.01693260848936,1.0,-14.015746,-13.530277,-16.004145
2026_WA_House-4,WA,House,4,John Duresky,DEM,DEM,1,25.0,5.0,5.0,-52.01693260848936,0.0,-17.301554,-19.654728,-12.958861
2026_WA_House-4,WA,House,4,Jerrod Sessler,REP,REP,1,14.0,-6.0,-11.0,52.01693260848936,1.0,-27.282885,-24.123684,-29.606192
2026_WA_House-4,WA,House,4,Matt Boehnke,REP,REP,1,7.0,-13.0,-18.0,52.01693260848936,1.0,-35.067398,-30.949083,-37.10451
2026_WA_House-4,WA,House,4,Wesley Meier,REP,REP,1,1.0,-19.0,-24.0,52.01693260848936,1.0,-37.186134,-34.8867,-38.835438
2026_WA_House-4,WA,House,4,Devin Pooré (C),OTH,OTH,1,5.0,-15.0,-20.0,-0.0,0.0,-41.175236,-39.214607,-41.49549
2026_WA_House-5,WA,House,5,Michael Baumgartner,REP,REP,2,46.0,17.5,23.75,21.28063913654143,1.0,4.0569954,5.575066,3.0077665
2026_WA_House-5,WA,House,5,Carmela Conroy,DEM,DEM,2,28.0,-0.5,-24.0,-21.28063913654143,0.0,-30.44038,-32.228256,-27.058777
2026_WA_House-5,WA,House,5,Nate Powell,OTH,OTH,2,28.5,0.0,-26.25,-0.0,0.0,-33.611607,-33.801197,-33.941357
2026_WA_House-5,WA,House,5,Bajun Mavalwalla,DEM,DEM,2,24.0,-4.5,-29.5,-21.28063913654143,0.0,-34.51046,-35.7387,-33.046707
2026_WA_House-5,WA,House,5,David Womack,DEM,DEM,2,24.0,-4.5,-29.5,-21.28063913654143,0.0,-34.51046,-35.7387,-33.046707
2026_WI_Governor,WI,Governor,,Mandela Barnes,DEM,DEM,3,47.333333333333336,1.9333333333333371,4.4250000000000025,3.396926018919693,1.0,-12.485498,-14.187058,-11.839975
2026_WI_Governor,WI,Governor,,Sara Rodriguez,DEM,DEM,2,45.4,0.0,-2.56666666666667,3.396926018919693,1.0,-15.480338,-16.588825,-15.10171
2026_WI_Governor,WI,Governor,,Tom Tiffany,REP,REP,4,43.675,-1.7250000000000014,-4.856250000000003,-3.396926018919693,0.0,-17.003431,-15.227639,-19.50073
2026_WI_Governor,WI,Governor,,Francesca Hong,DEM,DEM,3,43.1,-2.299999999999997,-6.361111111111112,3.396926018919693,1.0,-18.030695,-18.729206,-17.33747
2026_WI_House-1,WI,House,1,Bryan Steil,REP,REP,1,50.0,9.0,9.0,10.194082232720788,1.0,12.142928,14.357307,9.792056
2026_WI_House-1,WI,House,1,Mitchell Berman,DEM,DEM,1,41.0,0.0,-9.0,-10.194082232720788,0.0,-13.678585,-14.5531025,-12.476418
2026_WI_House-3,WI,House,3,Rebecca Cooke,DEM,DEM,4,48.25,2.75,2.145833333333332,-2.7242298169567363,0.0,1.130054,-3.4253497,4.1437817
2026_WI_House-3,WI,House,3,Derrick Van Orden,REP,REP,4,45.5,0.0,-2.145833333333332,2.7242298169567363,1.0,-1.653414,1.0160434,-3.6221116
2026_WI_House-6,WI,House,6,Glenn Grothman,REP,REP,2,51.35,10.0,7.0,22.57134452739644,1.0,5.9053907,10.048223,4.3795238
2026_WI_House-6,WI,House,6,Michael Thurow,OTH,OTH,2,41.35,0.0,-7.0,-0.0,0.0,-18.838999,-18.953232,-18.727715
2026_WI_House-6,WI,House,6,Brad Smith,DEM,DEM,1,39.0,-2.3500000000000014,-12.350000000000001,-22.57134452739644,0.0,-22.132093,-24.105747,-22.12154
