race_id,state,office,district,party,candidate,election_date,n_polls,n_surveys,poll_avg,poll_lead,pred_margin,margin_pick,n_polled_cands,uncontested_field
2026_AL_Governor_REP,AL,Governor,,REP,Tommy Tuberville,2026-06-16,2,2,64.0,58.5,57.93465,1,3,0
2026_AL_Governor_REP,AL,Governor,,REP,Ken McFeeters,2026-06-16,2,2,5.5,-58.5,-55.547092,0,3,0
2026_AL_Governor_REP,AL,Governor,,REP,Will Santivasci,2026-06-16,1,2,3.0,-61.0,-66.530464,0,3,0
2026_AL_House-1_REP,AL,House,1,REP,Jerry Carl,2026-06-16,8,8,27.0,12.5,11.849329,1,7,0
2026_AL_House-1_REP,AL,House,1,REP,Rhett Marques,2026-06-16,8,8,14.5,-12.5,-16.955704,0,7,0
2026_AL_House-1_REP,AL,House,1,REP,Joshua McKee,2026-06-16,6,8,5.666666666666667,-21.333333333333332,-32.888264,0,7,0
2026_AL_House-1_REP,AL,House,1,REP,Austin Sidwell,2026-06-16,2,8,2.5,-24.5,-41.369137,0,7,0
2026_AL_House-1_REP,AL,House,1,REP,Jimmy Dees,2026-06-16,2,8,1.5,-25.5,-41.6356,0,7,0
2026_AL_House-1_REP,AL,House,1,REP,John Mills,2026-06-16,2,8,0.5,-26.5,-41.6356,0,7,0
2026_AL_House-1_REP,AL,House,1,REP,James Richardson,2026-06-16,2,8,0.5,-26.5,-41.901306,0,7,0
2026_AL_House-2_REP,AL,House,2,REP,Rhett Marques,2026-06-16,1,1,30.0,20.0,16.457825,1,6,0
2026_AL_House-2_REP,AL,House,2,REP,Joshua McKee,2026-06-16,1,1,10.0,-20.0,-32.073788,0,6,0
2026_AL_House-2_REP,AL,House,2,REP,Hampton Harris,2026-06-16,1,1,4.0,-26.0,-43.015347,0,6,0
2026_AL_House-2_REP,AL,House,2,REP,David Matthews,2026-06-16,1,1,4.0,-26.0,-43.28105,0,6,0
2026_AL_House-2_REP,AL,House,2,REP,James Richardson,2026-06-16,1,1,2.0,-28.0,-43.694122,0,6,0
2026_AL_House-2_REP,AL,House,2,REP,Christian Horn,2026-06-16,1,1,1.0,-29.0,-43.959827,0,6,0
2026_AL_Senate_REP,AL,Senate,,REP,Steve Marshall,2026-06-16,16,16,26.418750000000003,5.206250000000004,8.650129,1,8,0
2026_AL_Senate_REP,AL,Senate,,REP,Jared Hudson,2026-06-16,15,16,15.639999999999999,-10.778750000000004,6.9693465,0,8,0
2026_AL_Senate_REP,AL,Senate,,REP,Barry Moore,2026-06-16,16,16,21.2125,-5.206250000000004,4.0559306,0,8,0
2026_AL_Senate_REP,AL,Senate,,REP,Seth Burton,2026-06-16,4,16,1.375,-25.043750000000003,-41.59456,0,8,0
2026_AL_Senate_REP,AL,Senate,,REP,Dale Deas Jr.,2026-06-16,3,16,0.6666666666666666,-25.752083333333335,-41.59456,0,8,0
2026_AL_Senate_REP,AL,Senate,,REP,Rodney Walker,2026-06-16,10,16,2.01,-24.408750000000005,-42.645237,0,8,0
2026_AL_Senate_REP,AL,Senate,,REP,Morgan Murphy,2026-06-16,7,16,1.042857142857143,-25.37589285714286,-43.37092,0,8,0
2026_AL_Senate_REP,AL,Senate,,REP,Dale Shelton,2026-06-16,1,16,1.6,-24.81875,-43.82431,0,8,0
2026_AZ_Governor_REP,AZ,Governor,,REP,Andy Biggs,2026-08-04,25,25,48.28799999999999,36.995142857142845,57.82556,1,4,0
2026_AZ_Governor_REP,AZ,Governor,,REP,David Schweikert,2026-08-04,14,25,11.292857142857144,-36.995142857142845,-50.52093,0,4,0
2026_AZ_Governor_REP,AZ,Governor,,REP,Scott Neely,2026-08-04,5,25,2.3600000000000003,-45.92799999999999,-59.826435,0,4,0
2026_AZ_Governor_REP,AZ,Governor,,REP,Ken Miceli,2026-08-04,5,25,1.3800000000000001,-46.90799999999999,-60.376667,0,4,0
2026_AZ_House-1_DEM,AZ,House,1,DEM,Amish Shah,2026-07-21,1,1,32.5,21.5,23.112965,1,5,0
2026_AZ_House-1_DEM,AZ,House,1,DEM,Marlene Galan-Woods,2026-07-21,1,1,11.0,-21.5,-29.175508,0,5,0
2026_AZ_House-1_DEM,AZ,House,1,DEM,Mark Gordon,2026-07-21,1,1,1.8,-30.7,-42.164307,0,5,0
2026_AZ_House-1_DEM,AZ,House,1,DEM,Rick McCartney,2026-07-21,1,1,1.5,-31.0,-43.69585,0,5,0
2026_AZ_House-1_DEM,AZ,House,1,DEM,Jonathan Treble,2026-07-21,1,1,1.5,-31.0,-43.69585,0,5,0
2026_AZ_House-1_REP,AZ,House,1,REP,Joseph Chaplik,2026-07-21,3,3,25.366666666666664,9.033333333333331,0.3603739,1,3,0
2026_AZ_House-1_REP,AZ,House,1,REP,Jay Feely,2026-07-21,3,3,16.333333333333332,-9.033333333333331,-17.949234,0,3,0
2026_AZ_House-1_REP,AZ,House,1,REP,John Trobough,2026-07-21,3,3,5.566666666666666,-19.799999999999997,-38.625095,0,3,0
2026_AZ_House-4_DEM,AZ,House,4,DEM,Greg Stanton,2026-07-21,2,2,51.0,20.5,39.24501,1,2,0
2026_AZ_House-4_DEM,AZ,House,4,DEM,Kai Newkirk,2026-07-21,2,2,30.5,-20.5,-4.8819304,0,2,0
2026_AZ_House-5_REP,AZ,House,5,REP,Mark Lamb,2026-07-21,8,8,50.525,28.053571428571427,40.611732,1,2,0
2026_AZ_House-5_REP,AZ,House,5,REP,Daniel Keenan,2026-07-21,7,8,22.47142857142857,-28.053571428571427,-12.758148,0,2,0
2026_CO_Governor_DEM,CO,Governor,,DEM,Michael Bennet,2026-06-30,6,8,40.166666666666664,14.804166666666664,17.388176,1,2,0
2026_CO_Governor_DEM,CO,Governor,,DEM,Phil Weiser,2026-06-30,8,8,25.3625,-14.804166666666664,4.251191,0,2,0
2026_CO_Governor_REP,CO,Governor,,REP,Victor Marx,2026-06-30,2,2,50.6,36.55,46.432907,1,3,0
2026_CO_Governor_REP,CO,Governor,,REP,Barbara Kirkmeyer,2026-06-30,2,2,14.05,-36.55,-45.090252,0,3,0
2026_CO_Governor_REP,CO,Governor,,REP,Scott Bottoms,2026-06-30,2,2,6.65,-43.95,-51.681393,0,3,0
2026_CO_House-1_DEM,CO,House,1,DEM,Melat Kiros,2026-06-30,1,1,41.0,5.0,25.742014,1,3,0
2026_CO_House-1_DEM,CO,House,1,DEM,Diana DeGette,2026-06-30,1,1,36.0,-5.0,8.575283,0,3,0
2026_CO_House-1_DEM,CO,House,1,DEM,Wanda James,2026-06-30,1,1,6.0,-35.0,-49.74829,0,3,0
2026_CO_House-3_REP,CO,House,3,REP,Jeff Hurd,2026-06-30,2,2,36.0,9.0,30.448465,1,2,0
2026_CO_House-3_REP,CO,House,3,REP,Hope Scheppelman,2026-06-30,2,2,27.0,-9.0,10.566136,0,2,0
2026_CO_House-8_DEM,CO,House,8,DEM,Manny Rutinel,2026-06-30,5,5,28.0,5.600000000000001,29.193394,1,3,0
2026_CO_House-8_DEM,CO,House,8,DEM,Shannon Bird,2026-06-30,5,5,22.4,-5.600000000000001,0.7917477,0,3,0
2026_CO_House-8_DEM,CO,House,8,DEM,Evan Munsing,2026-06-30,4,5,5.0,-23.0,-38.574894,0,3,0
2026_CO_Senate_DEM,CO,Senate,,DEM,John Hickenlooper,2026-06-30,2,2,43.0,19.5,41.13757,1,2,0
2026_CO_Senate_DEM,CO,Senate,,DEM,Julie Gonzales,2026-06-30,2,2,23.5,-19.5,-25.58565,0,2,0
2026_CT_Governor_DEM,CT,Governor,,DEM,Ned Lamont,2026-08-11,8,8,54.7125,35.7,40.234585,1,2,0
2026_CT_Governor_DEM,CT,Governor,,DEM,Josh Elliott,2026-08-11,8,8,19.0125,-35.7,-35.436146,0,2,0
2026_CT_Governor_REP,CT,Governor,,REP,Ryan Fazio,2026-08-11,1,1,13.0,0.0,22.386341,1,1,1
2026_CT_House-1_DEM,CT,House,1,DEM,John Larson,2026-08-11,2,2,39.5,7.5,19.838028,1,4,0
2026_CT_House-1_DEM,CT,House,1,DEM,Luke Bronin,2026-08-11,2,2,32.0,-7.5,9.185507,0,4,0
2026_CT_House-1_DEM,CT,House,1,DEM,Jillian Gilchrest,2026-08-11,2,2,9.5,-30.0,-36.100716,0,4,0
2026_CT_House-1_DEM,CT,House,1,DEM,Ruth Fortune,2026-08-11,1,2,4.0,-35.5,-48.120354,0,4,0
2026_FL_Governor_DEM,FL,Governor,,DEM,David Jolly,2026-08-18,10,10,27.0,20.575,35.390675,1,5,0
2026_FL_Governor_DEM,FL,Governor,,DEM,Dayna Marie Foster,2026-08-18,4,10,6.425,-20.575,-37.034634,0,5,0
2026_FL_Governor_DEM,FL,Governor,,DEM,Stephann Norman,2026-08-18,1,10,0.0,-27.0,-43.092396,0,5,0
2026_FL_Governor_DEM,FL,Governor,,DEM,Evelyn Castillo-Bach,2026-08-18,2,10,2.8,-24.2,-43.96909,0,5,0
2026_FL_Governor_DEM,FL,Governor,,DEM,Thomas Fernandez,2026-08-18,2,10,2.8,-24.2,-43.96909,0,5,0
2026_FL_Governor_REP,FL,Governor,,REP,Byron Donalds,2026-08-18,42,42,37.86904761904761,28.98238095238095,28.423567,1,5,0
2026_FL_Governor_REP,FL,Governor,,REP,Jay Collins,2026-08-18,30,42,8.886666666666665,-28.98238095238095,-37.04913,0,5,0
2026_FL_Governor_REP,FL,Governor,,REP,James Fishback,2026-08-18,28,42,7.978571428571429,-29.890476190476186,-40.536884,0,5,0
2026_FL_Governor_REP,FL,Governor,,REP,Paul Renner,2026-08-18,30,42,4.896666666666666,-32.972380952380945,-49.224995,0,5,0
2026_FL_Governor_REP,FL,Governor,,REP,Bobby Williams,2026-08-18,4,42,1.675,-36.194047619047616,-51.67433,0,5,0
2026_FL_House-11_DEM,FL,House,11,DEM,James Pericola,2026-08-18,2,2,32.95,25.900000000000002,14.328347,1,3,0
2026_FL_House-11_DEM,FL,House,11,DEM,Royal Webster,2026-08-18,2,2,7.05,-25.900000000000002,-36.99381,0,3,0
2026_FL_House-11_DEM,FL,House,11,DEM,Dan Williams,2026-08-18,2,2,4.8,-28.150000000000002,-45.92249,0,3,0
2026_FL_House-14_REP,FL,House,14,REP,Mike Beltran,2026-08-18,4,4,32.725,3.625,12.900938,1,8,0
2026_FL_House-14_REP,FL,House,14,REP,Kevin Steele,2026-08-18,4,4,29.1,-3.625,0.52685696,0,8,0
2026_FL_House-14_REP,FL,House,14,REP,Bea Valenti,2026-08-18,4,4,8.35,-24.375,-37.233418,0,8,0
2026_FL_House-14_REP,FL,House,14,REP,Rocky Rochford,2026-08-18,4,4,3.975,-28.75,-42.130783,0,8,0
2026_FL_House-14_REP,FL,House,14,REP,Ergin Tek,2026-08-18,3,4,1.7,-31.025000000000002,-44.684658,0,8,0
2026_FL_House-14_REP,FL,House,14,REP,Gavriel Soriano,2026-08-18,3,4,0.9333333333333332,-31.791666666666668,-45.797073,0,8,0
2026_FL_House-14_REP,FL,House,14,REP,Michael Marcel,2026-08-18,2,4,1.15,-31.575000000000003,-46.9149,0,8,0
2026_FL_House-14_REP,FL,House,14,REP,John Peters,2026-08-18,3,4,1.9333333333333333,-30.791666666666668,-49.321438,0,8,0
2026_FL_House-16_REP,FL,House,16,REP,Sydney Gruters,2026-08-18,1,1,49.0,36.0,48.821293,1,3,0
2026_FL_House-16_REP,FL,House,16,REP,Eddie Speir,2026-08-18,1,1,13.0,-36.0,-45.97864,0,3,0
2026_FL_House-16_REP,FL,House,16,REP,Ed Pope,2026-08-18,1,1,7.0,-42.0,-51.024277,0,3,0
2026_FL_House-19_DEM,FL,House,19,DEM,Jim Pederson,2026-08-18,1,1,0.4,0.0,19.430027,1,1,1
2026_FL_House-19_REP,FL,House,19,REP,Jim Schwartzel,2026-08-18,5,5,12.379999999999999,2.26,-5.330623,1,7,0
2026_FL_House-19_REP,FL,House,19,REP,James D. Oberweis,2026-08-18,5,5,10.12,-2.26,-13.53773,0,7,0
2026_FL_House-19_REP,FL,House,19,REP,Catalina Lauf,2026-08-18,5,5,9.76,-2.619999999999999,-14.17111,0,7,0
2026_FL_House-19_REP,FL,House,19,REP,Chris Collins,2026-08-18,4,5,7.125,-5.254999999999999,-22.085255,0,7,0
2026_FL_House-19_REP,FL,House,19,REP,Ola Hawatmeh,2026-08-18,4,5,4.2749999999999995,-8.105,-25.357538,0,7,0
2026_FL_House-19_REP,FL,House,19,REP,Madison Cawthorn,2026-08-18,4,5,4.449999999999999,-7.93,-28.055107,0,7,0
2026_FL_House-19_REP,FL,House,19,REP,John Strand,2026-08-18,2,5,3.25,-9.129999999999999,-33.695812,0,7,0
2026_FL_House-20_DEM,FL,House,20,DEM,Debbie Wasserman Schultz,2026-08-18,3,7,43.0,2.3333333333333357,22.596684,1,6,0
2026_FL_House-20_DEM,FL,House,20,DEM,Elijah Manley,2026-08-18,6,7,40.666666666666664,-2.3333333333333357,9.839009,0,6,0
2026_FL_House-20_DEM,FL,House,20,DEM,Dale Holness,2026-08-18,6,7,27.666666666666668,-15.333333333333332,-13.732688,0,6,0
2026_FL_House-20_DEM,FL,House,20,DEM,Sheila Cherfilus-McCormick,2026-08-18,5,7,30.4,-12.600000000000001,-19.296799,0,6,0
2026_FL_House-20_DEM,FL,House,20,DEM,Luther Campbell,2026-08-18,4,7,16.75,-26.25,-38.29736,0,6,0
2026_FL_House-20_DEM,FL,House,20,DEM,Maisha Williams,2026-08-18,1,7,1.0,-42.0,-52.531815,0,6,0
2026_FL_House-22_REP,FL,House,22,REP,Belinda Keiser,2026-08-18,1,1,13.6,0.5,-9.4711275,1,7,0
2026_FL_House-22_REP,FL,House,22,REP,Casey Askar,2026-08-18,1,1,13.1,-0.5,-11.264664,0,7,0
2026_FL_House-22_REP,FL,House,22,REP,Michale Carbonara,2026-08-18,1,1,11.4,-2.1999999999999993,-11.998877,0,7,0
2026_FL_House-22_REP,FL,House,22,REP,David Burck,2026-08-18,1,1,8.7,-4.9,-23.658205,0,7,0
2026_FL_House-22_REP,FL,House,22,REP,Terri Hasdorff,2026-08-18,1,1,5.6,-8.0,-28.914116,0,7,0
2026_FL_House-22_REP,FL,House,22,REP,Richard Evans,2026-08-18,1,1,2.9,-10.7,-32.552166,0,7,0
2026_FL_House-22_REP,FL,House,22,REP,Michael Thompson,2026-08-18,1,1,3.1,-10.5,-32.817875,0,7,0
2026_FL_House-23_DEM,FL,House,23,DEM,Oliver Larkin,2026-08-18,1,1,11.0,0.0,1.6874931,1,1,1
2026_FL_House-24_DEM,FL,House,24,DEM,Shevrin Jones,2026-08-18,4,4,32.724999999999994,7.574999999999996,21.086727,1,3,0
2026_FL_House-24_DEM,FL,House,24,DEM,Oliver Gilbert III,2026-08-18,4,4,25.15,-7.574999999999996,-21.167038,0,3,0
2026_FL_House-24_DEM,FL,House,24,DEM,Kendrick Meek Jr.,2026-08-18,4,4,14.15,-18.574999999999996,-25.10562,0,3,0
2026_FL_House-25_DEM,FL,House,25,DEM,Jared Moskowitz,2026-08-18,5,5,44.28,24.82,41.203316,1,2,0
2026_FL_House-25_DEM,FL,House,25,DEM,Oliver Larkin,2026-08-18,5,5,19.46,-24.82,-16.511702,0,2,0
2026_FL_House-25_REP,FL,House,25,REP,Scott Singer,2026-08-18,6,6,19.333333333333332,4.666666666666666,-4.4779553,1,5,0
2026_FL_House-25_REP,FL,House,25,REP,Dan Franzese,2026-08-18,6,6,14.666666666666666,-4.666666666666666,-12.881317,0,5,0
2026_FL_House-25_REP,FL,House,25,REP,George Moraitis,2026-08-18,6,6,13.666666666666666,-5.666666666666666,-17.566717,0,5,0
2026_FL_House-25_REP,FL,House,25,REP,Joseph Kaufman,2026-08-18,6,6,5.0,-14.333333333333332,-29.941868,0,5,0
2026_FL_House-25_REP,FL,House,25,REP,Raven Harrison,2026-08-18,6,6,0.8333333333333334,-18.5,-36.51922,0,5,0
2026_FL_House-27_DEM,FL,House,27,DEM,Eliott Rodriguez,2026-08-18,2,2,48.5,26.5,45.69945,1,2,0
2026_FL_House-27_DEM,FL,House,27,DEM,Robin Peguero,2026-08-18,2,2,22.0,-26.5,-30.515963,0,2,0
2026_FL_House-2_REP,FL,House,2,REP,Austin Rogers,2026-08-18,8,9,19.05,-4.305555555555554,-4.312214,1,8,0
2026_FL_House-2_REP,FL,House,2,REP,Keith Gross,2026-08-18,9,9,23.355555555555554,4.305555555555554,-9.361817,0,8,0
2026_FL_House-2_REP,FL,House,2,REP,Evan Power,2026-08-18,9,9,11.61111111111111,-11.744444444444444,-20.401773,0,8,0
2026_FL_House-2_REP,FL,House,2,REP,Luke Murphy,2026-08-18,8,9,5.9875,-17.368055555555554,-20.639952,0,8,0
2026_FL_House-2_REP,FL,House,2,REP,Jim Norton,2026-08-18,8,9,8.6125,-14.743055555555554,-26.362307,0,8,0
2026_FL_House-2_REP,FL,House,2,REP,Audie Rowell,2026-08-18,7,9,2.2857142857142856,-21.06984126984127,-32.807404,0,8,0
2026_FL_House-2_REP,FL,House,2,REP,Lee Jones,2026-08-18,7,9,0.6285714285714287,-22.726984126984124,-35.598995,0,8,0
2026_FL_House-2_REP,FL,House,2,REP,Nicholas Lewis,2026-08-18,5,9,1.0,-22.355555555555554,-35.711643,0,8,0
2026_FL_House-4_DEM,FL,House,4,DEM,"Lashonda ""L.J."" Holloway",2026-08-18,2,2,33.0,21.0,26.185392,1,3,0
2026_FL_House-4_DEM,FL,House,4,DEM,Michael Kirwan,2026-08-18,2,2,12.0,-21.0,-36.680447,0,3,0
2026_FL_House-4_DEM,FL,House,4,DEM,Brit Robinson,2026-08-18,2,2,7.5,-25.5,-42.397053,0,3,0
2026_FL_House-7_REP,FL,House,7,REP,Ryan Elijah,2026-08-18,3,3,26.633333333333336,-1.6333333333333293,13.504302,1,4,0
2026_FL_House-7_REP,FL,House,7,REP,Cory Mills,2026-08-18,3,3,28.266666666666666,1.6333333333333293,2.4117231,0,4,0
2026_FL_House-7_REP,FL,House,7,REP,Sarah Ulrich,2026-08-18,2,3,6.5,-21.766666666666666,-33.56619,0,4,0
2026_FL_House-7_REP,FL,House,7,REP,Mike Johnson,2026-08-18,2,3,5.25,-23.016666666666666,-43.130978,0,4,0
2026_FL_House-9_REP,FL,House,9,REP,Jorge Martinez,2026-08-18,1,1,14.2,0.3999999999999986,-8.290711,1,7,0
2026_FL_House-9_REP,FL,House,9,REP,Ben Butler,2026-08-18,1,1,13.8,-0.3999999999999986,-10.669333,0,7,0
2026_FL_House-9_REP,FL,House,9,REP,Thomas Chalifoux,2026-08-18,1,1,13.8,-0.3999999999999986,-10.669333,0,7,0
2026_FL_House-9_REP,FL,House,9,REP,Dan Green,2026-08-18,1,1,11.6,-2.5999999999999996,-20.329018,0,7,0
2026_FL_House-9_REP,FL,House,9,REP,Marcus Carter,2026-08-18,1,1,1.8,-12.399999999999999,-32.552166,0,7,0
2026_FL_House-9_REP,FL,House,9,REP,Steve Rance,2026-08-18,1,1,1.4,-12.799999999999999,-32.817875,0,7,0
2026_FL_House-9_REP,FL,House,9,REP,Justin Story,2026-08-18,1,1,2.5,-11.7,-32.817875,0,7,0
2026_FL_Senate-S_DEM,FL,Senate,S,DEM,Alexander Vindman,2026-08-18,1,1,39.0,15.0,31.338076,1,2,0
2026_FL_Senate-S_DEM,FL,Senate,S,DEM,Angie Nixon,2026-08-18,1,1,24.0,-15.0,-15.268265,0,2,0
2026_GA_Governor_DEM,GA,Governor,,DEM,Keisha Lance Bottoms,2026-06-16,8,8,42.3125,28.0125,38.604115,1,7,0
2026_GA_Governor_DEM,GA,Governor,,DEM,Michael Thurmond,2026-06-16,8,8,14.3,-28.0125,-38.927113,0,7,0
2026_GA_Governor_DEM,GA,Governor,,DEM,Jason Esteves,2026-06-16,8,8,8.0,-34.3125,-42.643124,0,7,0
2026_GA_Governor_DEM,GA,Governor,,DEM,Geoff Duncan,2026-06-16,8,8,10.875,-31.4375,-43.320015,0,7,0
2026_GA_Governor_DEM,GA,Governor,,DEM,Derrick Jackson,2026-06-16,7,8,1.757142857142857,-40.55535714285714,-49.882996,0,7,0
2026_GA_Governor_DEM,GA,Governor,,DEM,Olu Brown,2026-06-16,6,8,1.0333333333333334,-41.27916666666667,-53.094746,0,7,0
2026_GA_Governor_DEM,GA,Governor,,DEM,Amanda Duffy,2026-06-16,1,8,0.3,-42.0125,-58.61788,0,7,0
2026_GA_Governor_REP,GA,Governor,,REP,Rick Jackson,2026-06-16,13,18,27.969230769230766,5.0803418803418765,14.91455,1,8,0
2026_GA_Governor_REP,GA,Governor,,REP,Burt Jones,2026-06-16,18,18,22.88888888888889,-5.0803418803418765,-5.915068,0,8,0
2026_GA_Governor_REP,GA,Governor,,REP,Brad Raffensperger,2026-06-16,17,18,12.788235294117646,-15.18099547511312,-25.33929,0,8,0
2026_GA_Governor_REP,GA,Governor,,REP,Chris Carr,2026-06-16,17,18,7.229411764705882,-20.739819004524882,-34.98685,0,8,0
2026_GA_Governor_REP,GA,Governor,,REP,Gregg Kirkpatrick,2026-06-16,6,18,1.25,-26.719230769230766,-44.196,0,8,0
2026_GA_Governor_REP,GA,Governor,,REP,Leland Olinger II,2026-06-16,3,18,1.5333333333333332,-26.43589743589743,-46.41919,0,8,0
2026_GA_Governor_REP,GA,Governor,,REP,Clark Dean,2026-06-16,13,18,1.0461538461538462,-26.92307692307692,-46.58729,0,8,0
2026_GA_Governor_REP,GA,Governor,,REP,Ken Yasger,2026-06-16,6,18,0.3833333333333333,-27.585897435897433,-46.94889,0,8,0
2026_GA_House-13_DEM,GA,House,13,DEM,David Scott,2026-06-16,1,1,31.0,1.0,11.600467,1,7,0
2026_GA_House-13_DEM,GA,House,13,DEM,Jasmine Clark,2026-06-16,1,1,30.0,-1.0,8.360605,0,7,0
2026_GA_House-13_DEM,GA,House,13,DEM,Heavenly Kimes,2026-06-16,1,1,10.0,-21.0,-31.012953,0,7,0
2026_GA_House-13_DEM,GA,House,13,DEM,Emanuel Jones,2026-06-16,1,1,8.0,-23.0,-35.89885,0,7,0
2026_GA_House-13_DEM,GA,House,13,DEM,Everton Blair,2026-06-16,1,1,6.0,-25.0,-42.082603,0,7,0
2026_GA_House-13_DEM,GA,House,13,DEM,Jeffree Fauntleroy,2026-06-16,1,1,1.0,-30.0,-42.969208,0,7,0
2026_GA_House-13_DEM,GA,House,13,DEM,Joe Lester,2026-06-16,1,1,1.0,-30.0,-42.969208,0,7,0
2026_GA_Senate_REP,GA,Senate,,REP,Mike Collins,2026-06-16,14,14,31.22142857142858,13.221428571428582,16.733635,1,5,0
2026_GA_Senate_REP,GA,Senate,,REP,Derek Dooley,2026-06-16,13,14,14.761538461538462,-16.459890109890118,-14.260138,0,5,0
2026_GA_Senate_REP,GA,Senate,,REP,Buddy Carter,2026-06-16,14,14,17.999999999999996,-13.221428571428582,-22.796192,0,5,0
2026_GA_Senate_REP,GA,Senate,,REP,Jonathan McColumn,2026-06-16,5,14,1.44,-29.781428571428577,-44.240257,0,5,0
2026_GA_Senate_REP,GA,Senate,,REP,John Coyne,2026-06-16,4,14,0.425,-30.796428571428578,-44.374825,0,5,0
2026_HI_House-1_DEM,HI,House,1,DEM,Ed Case,2026-08-08,3,3,38.266666666666666,5.833333333333336,23.031664,1,2,0
2026_HI_House-1_DEM,HI,House,1,DEM,Jarrett Keohokalole,2026-08-08,3,3,32.43333333333333,-5.833333333333336,21.28802,0,2,0
2026_IA_Governor_REP,IA,Governor,,REP,Randy Feenstra,2026-06-02,3,3,29.066666666666666,9.333333333333332,-0.8330408,1,5,0
2026_IA_Governor_REP,IA,Governor,,REP,Zach Lahn,2026-06-02,3,3,19.733333333333334,-9.333333333333332,-1.2744576,0,5,0
2026_IA_Governor_REP,IA,Governor,,REP,Adam Steen,2026-06-02,3,3,13.266666666666666,-15.8,-14.363046,0,5,0
2026_IA_Governor_REP,IA,Governor,,REP,Brad Sherman,2026-06-02,3,3,7.266666666666667,-21.8,-28.064913,0,5,0
2026_IA_Governor_REP,IA,Governor,,REP,Eddie Andrews,2026-06-02,2,3,4.3,-24.766666666666666,-41.959362,0,5,0
2026_IA_Senate_DEM,IA,Senate,,DEM,Josh Turek,2026-06-02,8,8,38.0,4.125,47.47213,1,2,0
2026_IA_Senate_DEM,IA,Senate,,DEM,Zach Wahls,2026-06-02,8,8,33.875,-4.125,1.9401107,0,2,0
2026_IA_Senate_REP,IA,Senate,,REP,Ashley Hinson,2026-06-02,2,2,59.5,39.0,58.451576,1,2,0
2026_IA_Senate_REP,IA,Senate,,REP,Jim Carlin,2026-06-02,2,2,20.5,-39.0,-38.19888,0,2,0
2026_IL_Governor_REP,IL,Governor,,REP,Darren Bailey,2026-03-17,4,4,40.1,32.300000000000004,31.989857,1,4,0
2026_IL_Governor_REP,IL,Governor,,REP,Ted Dabrowski,2026-03-17,4,4,7.8,-32.300000000000004,-44.72372,0,4,0
2026_IL_Governor_REP,IL,Governor,,REP,Jim Mendrick,2026-03-17,4,4,5.85,-34.25,-51.058155,0,4,0
2026_IL_Governor_REP,IL,Governor,,REP,Rick Heidner,2026-03-17,3,4,3.6999999999999997,-36.4,-51.070164,0,4,0
2026_IL_House-2_DEM,IL,House,2,DEM,Jesse Jackson Jr.,2026-03-17,3,3,22.0,11.666666666666666,7.158502,1,5,0
2026_IL_House-2_DEM,IL,House,2,DEM,Yumeka Brown,2026-03-17,3,3,10.333333333333334,-11.666666666666666,-26.787916,0,5,0
2026_IL_House-2_DEM,IL,House,2,DEM,Donna Miller,2026-03-17,3,3,9.666666666666666,-12.333333333333334,-26.863533,0,5,0
2026_IL_House-2_DEM,IL,House,2,DEM,Robert Peters,2026-03-17,3,3,4.333333333333333,-17.666666666666668,-29.198084,0,5,0
2026_IL_House-2_DEM,IL,House,2,DEM,Willie Preston,2026-03-17,3,3,4.0,-18.0,-32.360146,0,5,0
2026_IL_House-7_DEM,IL,House,7,DEM,La Shawn Ford,2026-03-17,1,1,23.0,8.0,-0.12529449,1,8,0
2026_IL_House-7_DEM,IL,House,7,DEM,Melissa Conyears-Ervin,2026-03-17,1,1,15.0,-8.0,-18.841799,0,8,0
2026_IL_House-7_DEM,IL,House,7,DEM,Kina Collins,2026-03-17,1,1,12.0,-11.0,-25.371618,0,8,0
2026_IL_House-7_DEM,IL,House,7,DEM,Jason Friedman,2026-03-17,1,1,10.0,-13.0,-25.712942,0,8,0
2026_IL_House-7_DEM,IL,House,7,DEM,Richard Boykin,2026-03-17,1,1,4.0,-19.0,-34.770092,0,8,0
2026_IL_House-7_DEM,IL,House,7,DEM,Thomas Fisher,2026-03-17,1,1,4.0,-19.0,-34.770092,0,8,0
2026_IL_House-7_DEM,IL,House,7,DEM,Anthony Driver Jr.,2026-03-17,1,1,1.0,-22.0,-35.345413,0,8,0
2026_IL_House-7_DEM,IL,House,7,DEM,Reed Showalter,2026-03-17,1,1,1.0,-22.0,-35.345413,0,8,0
2026_IL_House-8_DEM,IL,House,8,DEM,Melissa Bean,2026-03-17,2,2,19.0,3.5,10.20157,1,4,0
2026_IL_House-8_DEM,IL,House,8,DEM,Junaid Ahmed,2026-03-17,2,2,15.5,-3.5,-10.344967,0,4,0
2026_IL_House-8_DEM,IL,House,8,DEM,Neil Khot,2026-03-17,2,2,9.5,-9.5,-18.281322,0,4,0
2026_IL_House-8_DEM,IL,House,8,DEM,Kevin Morrison,2026-03-17,2,2,9.5,-9.5,-22.111336,0,4,0
2026_IL_House-9_DEM,IL,House,9,DEM,Daniel Biss,2026-03-17,10,11,23.5,8.327272727272726,8.6404,1,14,0
2026_IL_House-9_DEM,IL,House,9,DEM,Kat Abughazaleh,2026-03-17,11,11,15.172727272727274,-8.327272727272726,-12.016199,0,14,0
2026_IL_House-9_DEM,IL,House,9,DEM,Laura Fine,2026-03-17,11,11,13.354545454545455,-10.145454545454545,-18.677328,0,14,0
2026_IL_House-9_DEM,IL,House,9,DEM,Mike Simmons,2026-03-17,11,11,7.0181818181818185,-16.48181818181818,-21.904215,0,14,0
2026_IL_House-9_DEM,IL,House,9,DEM,Phil Andrew,2026-03-17,11,11,3.4272727272727277,-20.07272727272727,-33.07002,0,14,0
2026_IL_House-9_DEM,IL,House,9,DEM,Bushra Amiwala,2026-03-17,11,11,4.5,-19.0,-33.883987,0,14,0
2026_IL_House-9_DEM,IL,House,9,DEM,Hoan Huynh,2026-03-17,11,11,2.7818181818181817,-20.71818181818182,-37.20455,0,14,0
2026_IL_House-9_DEM,IL,House,9,DEM,Justin Ford,2026-03-17,1,11,1.0,-22.5,-37.842175,0,14,0
2026_IL_House-9_DEM,IL,House,9,DEM,Jeff Cohen,2026-03-17,3,11,0.5333333333333333,-22.966666666666665,-38.95848,0,14,0
2026_IL_House-9_DEM,IL,House,9,DEM,Patricia Brown,2026-03-17,1,11,0.0,-23.5,-40.81082,0,14,0
2026_IL_House-9_DEM,IL,House,9,DEM,Mark Arnold Fredrickson,2026-03-17,1,11,0.0,-23.5,-40.81082,0,14,0
2026_IL_House-9_DEM,IL,House,9,DEM,Bethany Johnson,2026-03-17,1,11,0.0,-23.5,-40.81082,0,14,0
2026_IL_House-9_DEM,IL,House,9,DEM,Nick Pyati,2026-03-17,1,11,0.0,-23.5,-40.81082,0,14,0
2026_IL_House-9_DEM,IL,House,9,DEM,Sam Polan,2026-03-17,3,11,0.3666666666666667,-23.133333333333333,-42.774105,0,14,0
2026_IL_Senate_DEM,IL,Senate,,DEM,Raja Krishnamoorthi,2026-03-17,25,25,34.472,11.484000000000005,19.053417,1,10,0
2026_IL_Senate_DEM,IL,Senate,,DEM,Juliana Stratton,2026-03-17,25,25,22.987999999999996,-11.484000000000005,2.1993558,0,10,0
2026_IL_Senate_DEM,IL,Senate,,DEM,Robin Kelly,2026-03-17,25,25,11.712,-22.76,-30.190674,0,10,0
2026_IL_Senate_DEM,IL,Senate,,DEM,Kevin Ryan,2026-03-17,5,25,1.52,-32.952,-45.574738,0,10,0
2026_IL_Senate_DEM,IL,Senate,,DEM,Christopher Swann,2026-03-17,4,25,0.7999999999999999,-33.672000000000004,-46.656536,0,10,0
2026_IL_Senate_DEM,IL,Senate,,DEM,Sean Brown,2026-03-17,5,25,0.38,-34.092,-47.567875,0,10,0
2026_IL_Senate_DEM,IL,Senate,,DEM,Jonathan Dean,2026-03-17,5,25,0.44000000000000006,-34.032000000000004,-48.2581,0,10,0
2026_IL_Senate_DEM,IL,Senate,,DEM,Steve Botsford,2026-03-17,4,25,0.475,-33.997,-48.942772,0,10,0
2026_IL_Senate_DEM,IL,Senate,,DEM,Awisi Bustos,2026-03-17,5,25,1.2200000000000002,-33.252,-48.942772,0,10,0
2026_IL_Senate_DEM,IL,Senate,,DEM,Bryan Maxwell,2026-03-17,4,25,0.675,-33.797000000000004,-49.359432,0,10,0
2026_IL_Senate_REP,IL,Senate,,REP,Don Tracy,2026-03-17,2,2,5.8,2.65,-10.968685,1,6,0
2026_IL_Senate_REP,IL,Senate,,REP,Jeannie Evans,2026-03-17,2,2,2.75,-3.05,-15.005396,0,6,0
2026_IL_Senate_REP,IL,Senate,,REP,Jimmy Lee Tillman,2026-03-17,2,2,3.15,-2.65,-15.271101,0,6,0
2026_IL_Senate_REP,IL,Senate,,REP,R. Cary Capparelli,2026-03-17,1,2,1.7,-4.1,-15.410068,0,6,0
2026_IL_Senate_REP,IL,Senate,,REP,Casey Chlebek,2026-03-17,1,2,1.3,-4.5,-15.410068,0,6,0
2026_IL_Senate_REP,IL,Senate,,REP,Pamelia Denise Long,2026-03-17,1,2,1.9,-3.9,-15.410068,0,6,0
2026_KS_Governor_DEM,KS,Governor,,DEM,Cindy Holscher,2026-08-04,2,2,35.0,25.5,28.648655,1,3,0
2026_KS_Governor_DEM,KS,Governor,,DEM,Ethan Corson,2026-08-04,2,2,9.5,-25.5,-39.200413,0,3,0
2026_KS_Governor_DEM,KS,Governor,,DEM,Curt Skoog,2026-08-04,1,2,7.0,-28.0,-45.281437,0,3,0
2026_KS_Senate_DEM,KS,Senate,,DEM,Adam Hamilton,2026-08-04,2,2,24.0,12.5,18.96173,1,10,0
2026_KS_Senate_DEM,KS,Senate,,DEM,Christy Davis,2026-08-04,2,2,11.5,-12.5,-30.336796,0,10,0
2026_KS_Senate_DEM,KS,Senate,,DEM,Noah Taylor,2026-08-04,2,2,7.0,-17.0,-30.798391,0,10,0
2026_KS_Senate_DEM,KS,Senate,,DEM,Patrick Schmidt,2026-08-04,2,2,5.5,-18.5,-38.111156,0,10,0
2026_KS_Senate_DEM,KS,Senate,,DEM,Jason Hart,2026-08-04,1,2,1.0,-23.0,-38.28278,0,10,0
2026_KS_Senate_DEM,KS,Senate,,DEM,Kevin Latz,2026-08-04,1,2,1.0,-23.0,-38.548485,0,10,0
2026_KS_Senate_DEM,KS,Senate,,DEM,Erik Murray,2026-08-04,2,2,2.0,-22.0,-38.686485,0,10,0
2026_KS_Senate_DEM,KS,Senate,,DEM,Anne Parelkar,2026-08-04,2,2,2.0,-22.0,-38.686485,0,10,0
2026_KS_Senate_DEM,KS,Senate,,DEM,Damon Anderson,2026-08-04,1,2,0.0,-24.0,-40.238346,0,10,0
2026_KS_Senate_DEM,KS,Senate,,DEM,Sandy Spidel Neumann,2026-08-04,2,2,1.0,-23.0,-41.731243,0,10,0
2026_KY_House-4_REP,KY,House,4,REP,Ed Gallrein,2026-05-19,10,12,47.55,4.80833333333333,39.62099,1,2,0
2026_KY_House-4_REP,KY,House,4,REP,Thomas Massie,2026-05-19,12,12,42.74166666666667,-4.80833333333333,27.58333,0,2,0
2026_KY_House-6_DEM,KY,House,6,DEM,Cherlynn Stevenson,2026-05-19,1,1,27.0,14.0,14.6734085,1,7,0
2026_KY_House-6_DEM,KY,House,6,DEM,Zach Dembo,2026-05-19,1,1,13.0,-14.0,-26.985691,0,7,0
2026_KY_House-6_DEM,KY,House,6,DEM,Erin Petrey,2026-05-19,1,1,6.0,-21.0,-34.73891,0,7,0
2026_KY_House-6_DEM,KY,House,6,DEM,Corey Edwards,2026-05-19,1,1,4.0,-23.0,-38.358994,0,7,0
2026_KY_House-6_DEM,KY,House,6,DEM,Jimmy Ausbrooks,2026-05-19,1,1,2.0,-25.0,-41.56171,0,7,0
2026_KY_House-6_DEM,KY,House,6,DEM,David Kloiber,2026-05-19,1,1,2.0,-25.0,-41.827415,0,7,0
2026_KY_House-6_DEM,KY,House,6,DEM,Harvey Carroll,2026-05-19,1,1,1.0,-26.0,-42.035244,0,7,0
2026_KY_House-6_REP,KY,House,6,REP,Ralph Alvarado,2026-05-19,3,3,30.333333333333332,17.333333333333332,25.179333,1,5,0
2026_KY_House-6_REP,KY,House,6,REP,Ryan Dotson,2026-05-19,3,3,13.0,-17.333333333333332,-27.902802,0,5,0
2026_KY_House-6_REP,KY,House,6,REP,Greg Plucinski,2026-05-19,3,3,5.0,-25.333333333333332,-42.23728,0,5,0
2026_KY_House-6_REP,KY,House,6,REP,Steve Shannon,2026-05-19,3,3,2.0,-28.333333333333332,-46.77181,0,5,0
2026_KY_House-6_REP,KY,House,6,REP,Adam Perez Arquette,2026-05-19,3,3,0.6666666666666666,-29.666666666666664,-48.58039,0,5,0
2026_KY_Senate_DEM,KY,Senate,,DEM,Charles Booker,2026-05-19,3,3,33.06666666666667,10.86666666666667,23.910795,1,6,0
2026_KY_Senate_DEM,KY,Senate,,DEM,Amy McGrath,2026-05-19,3,3,22.2,-10.86666666666667,-23.421263,0,6,0
2026_KY_Senate_DEM,KY,Senate,,DEM,Pamela Stevenson,2026-05-19,3,3,3.466666666666667,-29.6,-39.969204,0,6,0
2026_KY_Senate_DEM,KY,Senate,,DEM,Logan Forsythe,2026-05-19,3,3,1.4666666666666668,-31.6,-46.244865,0,6,0
2026_KY_Senate_DEM,KY,Senate,,DEM,Vincent Thompson,2026-05-19,2,3,1.65,-31.41666666666667,-46.533463,0,6,0
2026_KY_Senate_DEM,KY,Senate,,DEM,Dale Romans,2026-05-19,2,3,1.3,-31.76666666666667,-46.72271,0,6,0
2026_KY_Senate_REP,KY,Senate,,REP,Andy Barr,2026-05-19,22,22,25.30909090909091,-10.013636363636362,6.150005,1,4,0
2026_KY_Senate_REP,KY,Senate,,REP,Daniel Cameron,2026-05-19,22,22,35.32272727272727,10.013636363636362,4.3830624,0,4,0
2026_KY_Senate_REP,KY,Senate,,REP,Nate Morris,2026-05-19,22,22,9.522727272727273,-25.799999999999997,-39.531265,0,4,0
2026_KY_Senate_REP,KY,Senate,,REP,Michael Faris,2026-05-19,4,22,2.875,-32.44772727272727,-48.225643,0,4,0
2026_MA_Governor_DEM,MA,Governor,,DEM,Maura Healey,2026-09-01,1,1,63.2,52.6,59.855614,1,3,0
2026_MA_Governor_DEM,MA,Governor,,DEM,Diana DiZoglio,2026-09-01,1,1,10.6,-52.6,-50.166763,0,3,0
2026_MA_Governor_DEM,MA,Governor,,DEM,Kim Driscoll,2026-09-01,1,1,9.6,-53.6,-50.50809,0,3,0
2026_MA_Governor_REP,MA,Governor,,REP,Mike Minogue,2026-09-01,8,9,33.75,14.961111111111112,39.534527,1,2,0
2026_MA_Governor_REP,MA,Governor,,REP,Brian Shortsleeve,2026-09-01,9,9,18.788888888888888,-14.961111111111112,-30.03387,0,2,0
2026_MA_House-4_DEM,MA,House,4,DEM,Jake Auchincloss,2026-09-01,1,1,64.0,47.0,55.256203,1,2,0
2026_MA_House-4_DEM,MA,House,4,DEM,Jason Poulos,2026-09-01,1,1,17.0,-47.0,-47.530052,0,2,0
2026_MA_House-6_DEM,MA,House,6,DEM,Dan Koh,2026-09-01,5,5,21.2,3.599999999999998,8.801617,1,6,0
2026_MA_House-6_DEM,MA,House,6,DEM,Tram Nguyen,2026-09-01,5,5,17.6,-3.599999999999998,-17.149721,0,6,0
2026_MA_House-6_DEM,MA,House,6,DEM,John Beccia,2026-09-01,5,5,9.6,-11.6,-28.176987,0,6,0
2026_MA_House-6_DEM,MA,House,6,DEM,Jamie Belsito,2026-09-01,5,5,8.2,-13.0,-30.505753,0,6,0
2026_MA_House-6_DEM,MA,House,6,DEM,Mariah Lancaster,2026-09-01,5,5,5.4,-15.799999999999999,-34.184322,0,6,0
2026_MA_House-6_DEM,MA,House,6,DEM,Beth Andres-Beck,2026-09-01,5,5,5.8,-15.399999999999999,-34.32663,0,6,0
2026_MA_House-8_DEM,MA,House,8,DEM,Stephen Lynch,2026-09-01,3,3,55.333333333333336,18.333333333333336,42.978706,1,2,0
2026_MA_House-8_DEM,MA,House,8,DEM,Patrick Roath,2026-09-01,3,3,37.0,-18.333333333333336,7.637077,0,2,0
2026_MA_Senate_DEM,MA,Senate,,DEM,Ed Markey,2026-09-01,16,16,46.7125,16.58125,51.14942,1,2,0
2026_MA_Senate_DEM,MA,Senate,,DEM,Seth Moulton,2026-09-01,16,16,30.131249999999998,-16.58125,-5.8912287,0,2,0
2026_MD_House-5_DEM,MD,House,5,DEM,Rushern Baker,2026-06-23,2,3,16.0,6.0,-10.239498,1,7,0
2026_MD_House-5_DEM,MD,House,5,DEM,Adrian Boafo,2026-06-23,2,3,10.0,-6.0,-19.980213,0,7,0
2026_MD_House-5_DEM,MD,House,5,DEM,Quincy Bareebe,2026-06-23,2,3,8.0,-8.0,-22.20586,0,7,0
2026_MD_House-5_DEM,MD,House,5,DEM,Harry Dunn,2026-06-23,2,3,10.0,-6.0,-23.35759,0,7,0
2026_MD_House-5_DEM,MD,House,5,DEM,Wala Blegay,2026-06-23,2,3,8.0,-8.0,-24.021442,0,7,0
2026_MD_House-5_DEM,MD,House,5,DEM,Arthur Ellis,2026-06-23,2,3,3.5,-12.5,-30.184776,0,7,0
2026_MD_House-5_DEM,MD,House,5,DEM,Harry Jarin,2026-06-23,2,3,1.0,-15.0,-33.093357,0,7,0
2026_MD_House-6_DEM,MD,House,6,DEM,April McClain Delaney,2026-06-23,9,9,44.77777777777778,4.666666666666664,33.409645,1,2,0
2026_MD_House-6_DEM,MD,House,6,DEM,David Trone,2026-06-23,9,9,40.111111111111114,-4.666666666666664,13.852709,0,2,0
2026_ME_Governor_DEM,ME,Governor,,DEM,Nirav Shah,2026-07-25,12,13,31.833333333333332,13.679487179487179,16.978153,1,5,0
2026_ME_Governor_DEM,ME,Governor,,DEM,Hannah Pingree,2026-07-25,13,13,18.153846153846153,-13.679487179487179,-16.71583,0,5,0
2026_ME_Governor_DEM,ME,Governor,,DEM,Troy Jackson,2026-07-25,13,13,15.461538461538462,-16.37179487179487,-22.65497,0,5,0
2026_ME_Governor_DEM,ME,Governor,,DEM,Shenna Bellows,2026-07-25,13,13,18.153846153846153,-13.679487179487179,-28.94088,0,5,0
2026_ME_Governor_DEM,ME,Governor,,DEM,Angus King III,2026-07-25,13,13,15.923076923076923,-15.910256410256409,-31.126488,0,5,0
2026_ME_Governor_REP,ME,Governor,,REP,Robert Charles,2026-07-25,9,10,31.444444444444443,19.555555555555554,21.652367,1,8,0
2026_ME_Governor_REP,ME,Governor,,REP,Jonathan Bush,2026-07-25,9,10,11.88888888888889,-19.555555555555554,-27.322927,0,8,0
2026_ME_Governor_REP,ME,Governor,,REP,Garrett Mason,2026-07-25,8,10,9.625,-21.819444444444443,-32.33937,0,8,0
2026_ME_Governor_REP,ME,Governor,,REP,Ben Midgley,2026-07-25,7,10,7.328571428571428,-24.115873015873014,-35.72055,0,8,0
2026_ME_Governor_REP,ME,Governor,,REP,David Jones,2026-07-25,9,10,6.111111111111111,-25.333333333333332,-44.003174,0,8,0
2026_ME_Governor_REP,ME,Governor,,REP,James Libby,2026-07-25,5,10,2.8,-28.644444444444442,-44.04559,0,8,0
2026_ME_Governor_REP,ME,Governor,,REP,Owen McCarthy,2026-07-25,8,10,3.375,-28.069444444444443,-44.085133,0,8,0
2026_ME_Governor_REP,ME,Governor,,REP,Robert Wessels,2026-07-25,6,10,3.0,-28.444444444444443,-46.85367,0,8,0
2026_ME_House-1_REP,ME,House,1,REP,Ronald Russell,2026-07-25,1,1,24.0,17.0,8.404942,1,2,0
2026_ME_House-1_REP,ME,House,1,REP,Joshua Pietrowicz,2026-07-25,1,1,7.0,-17.0,-28.553064,0,2,0
2026_ME_House-2_DEM,ME,House,2,DEM,Joe Baldacci,2026-07-25,6,6,34.833333333333336,12.000000000000004,9.942212,1,4,0
2026_ME_House-2_DEM,ME,House,2,DEM,Matt Dunlap,2026-07-25,6,6,22.833333333333332,-12.000000000000004,-17.849064,0,4,0
2026_ME_House-2_DEM,ME,House,2,DEM,Jordan Wood,2026-07-25,6,6,15.333333333333334,-19.5,-23.235023,0,4,0
2026_ME_House-2_DEM,ME,House,2,DEM,Paige Loud,2026-07-25,3,6,9.333333333333334,-25.5,-36.229908,0,4,0
2026_ME_Senate_DEM,ME,Senate,,DEM,Troy Jackson,2026-07-25,2,15,45.5,21.0,46.309628,1,7,0
2026_ME_Senate_DEM,ME,Senate,,DEM,Nirav Shah,2026-07-25,2,15,24.5,-21.0,-29.5316,0,7,0
2026_ME_Senate_DEM,ME,Senate,,DEM,Shenna Bellows,2026-07-25,2,15,12.5,-33.0,-49.22396,0,7,0
2026_ME_Senate_DEM,ME,Senate,,DEM,David Costello,2026-07-25,12,15,1.5666666666666667,-43.93333333333333,-51.658913,0,7,0
2026_ME_Senate_DEM,ME,Senate,,DEM,Jordan Wood,2026-07-25,8,15,4.1375,-41.3625,-55.242764,0,7,0
2026_ME_Senate_DEM,ME,Senate,,DEM,Dan Kleban,2026-07-25,2,15,1.0,-44.5,-57.49177,0,7,0
2026_ME_Senate_DEM,ME,Senate,,DEM,Paige Loud,2026-07-25,2,15,1.0,-44.5,-57.757477,0,7,0
2026_ME_Senate_REP,ME,Senate,,REP,Susan Collins,2026-07-25,2,2,66.5,63.0,61.777958,1,3,0
2026_ME_Senate_REP,ME,Senate,,REP,Dan Smeriglio,2026-07-25,2,2,3.5,-63.0,-60.08089,0,3,0
2026_ME_Senate_REP,ME,Senate,,REP,Carmen Calabrese,2026-07-25,2,2,1.0,-65.5,-62.909718,0,3,0
2026_MI_Governor_DEM,MI,Governor,,DEM,Jocelyn Benson,2026-08-04,9,9,57.15555555555555,50.199999999999996,52.678974,1,2,0
2026_MI_Governor_DEM,MI,Governor,,DEM,Chris Swanson,2026-08-04,9,9,6.955555555555556,-50.199999999999996,-51.702534,0,2,0
2026_MI_Governor_REP,MI,Governor,,REP,John James,2026-08-04,26,26,36.31923076923077,17.71013986013986,32.227535,1,4,0
2026_MI_Governor_REP,MI,Governor,,REP,Perry Johnson,2026-08-04,22,26,18.60909090909091,-17.71013986013986,-13.289904,0,4,0
2026_MI_Governor_REP,MI,Governor,,REP,Mike Cox,2026-08-04,26,26,12.315384615384612,-24.00384615384616,-37.99445,0,4,0
2026_MI_Governor_REP,MI,Governor,,REP,Aric Nesbitt,2026-08-04,24,26,5.841666666666666,-30.477564102564106,-47.40905,0,4,0
2026_MI_House-10_DEM,MI,House,10,DEM,Christina Hines,2026-08-04,2,2,36.0,20.0,33.141266,1,3,0
2026_MI_House-10_DEM,MI,House,10,DEM,Eric Chung,2026-08-04,2,2,16.0,-20.0,-28.898857,0,3,0
2026_MI_House-10_DEM,MI,House,10,DEM,Tim Greimel,2026-08-04,2,2,11.5,-24.5,-35.804672,0,3,0
2026_MI_House-10_REP,MI,House,10,REP,Mike Bouchard,2026-08-04,3,3,35.06666666666667,26.200000000000003,22.317156,1,4,0
2026_MI_House-10_REP,MI,House,10,REP,Robert Lulgjuraj,2026-08-04,3,3,8.866666666666667,-26.200000000000003,-37.902252,0,4,0
2026_MI_House-10_REP,MI,House,10,REP,Justin Kirk,2026-08-04,3,3,2.2333333333333334,-32.833333333333336,-46.39237,0,4,0
2026_MI_House-10_REP,MI,House,10,REP,Steffan Demetropoulos,2026-08-04,1,3,0.5,-34.56666666666667,-48.84702,0,4,0
2026_MI_House-13_DEM,MI,House,13,DEM,Shri Thanedar,2026-08-04,1,1,46.0,4.0,40.867237,1,2,0
2026_MI_House-13_DEM,MI,House,13,DEM,Donavan McKinney,2026-08-04,1,1,42.0,-4.0,17.067265,0,2,0
2026_MI_House-7_DEM,MI,House,7,DEM,William Lawrence,2026-08-04,6,6,19.666666666666668,-0.8333333333333321,12.689084,1,3,0
2026_MI_House-7_DEM,MI,House,7,DEM,Bridget Brink,2026-08-04,6,6,20.5,0.8333333333333321,-3.4208531,0,3,0
2026_MI_House-7_DEM,MI,House,7,DEM,Matt Maasdam,2026-08-04,6,6,13.0,-7.5,-6.272575,0,3,0
2026_MI_Senate_DEM,MI,Senate,,DEM,Abdul El-Sayed,2026-08-04,33,36,35.55757575757576,7.0881313131313135,36.860573,1,3,0
2026_MI_Senate_DEM,MI,Senate,,DEM,Haley Stevens,2026-08-04,36,36,28.46944444444445,-7.0881313131313135,-2.9990914,0,3,0
2026_MI_Senate_DEM,MI,Senate,,DEM,Mallory McMorrow,2026-08-04,29,36,14.279310344827586,-21.278265412748176,-37.692192,0,3,0
2026_MI_Senate_REP,MI,Senate,,REP,Mike Rogers,2026-08-04,6,6,43.53333333333333,41.43333333333333,46.983963,1,6,0
2026_MI_Senate_REP,MI,Senate,,REP,Kent Benham,2026-08-04,1,6,2.1,-41.43333333333333,-52.90857,0,6,0
2026_MI_Senate_REP,MI,Senate,,REP,Frederick Heurtebise,2026-08-04,1,6,0.9,-42.63333333333333,-53.395584,0,6,0
2026_MI_Senate_REP,MI,Senate,,REP,Genevieve Scott,2026-08-04,1,6,1.4,-42.13333333333333,-53.395584,0,6,0
2026_MI_Senate_REP,MI,Senate,,REP,Andrew Kamal,2026-08-04,1,6,1.7,-41.83333333333333,-53.66129,0,6,0
2026_MI_Senate_REP,MI,Senate,,REP,Bernadette Smith,2026-08-04,1,6,0.9,-42.63333333333333,-53.66129,0,6,0
2026_MN_Governor_REP,MN,Governor,,REP,Mike Lindell,2026-08-11,7,7,26.571428571428573,2.7142857142857153,18.036072,1,3,0
2026_MN_Governor_REP,MN,Governor,,REP,Lisa Demuth,2026-08-11,7,7,23.857142857142858,-2.7142857142857153,3.0825226,0,3,0
2026_MN_Governor_REP,MN,Governor,,REP,Kendall Qualls,2026-08-11,7,7,14.642857142857142,-11.92857142857143,-22.897173,0,3,0
2026_MN_House-2_DEM,MN,House,2,DEM,Matt Little,2026-08-11,2,2,33.5,18.5,15.089681,1,3,0
2026_MN_House-2_DEM,MN,House,2,DEM,Matt Klein,2026-08-11,2,2,15.0,-18.5,-24.45858,0,3,0
2026_MN_House-2_DEM,MN,House,2,DEM,Kaela Berg,2026-08-11,2,2,14.5,-19.0,-24.604382,0,3,0
2026_MN_Senate_DEM,MN,Senate,,DEM,Peggy Flanagan,2026-08-11,14,14,43.0,7.357142857142854,23.475962,1,2,0
2026_MN_Senate_DEM,MN,Senate,,DEM,Angie Craig,2026-08-11,14,14,35.642857142857146,-7.357142857142854,17.652689,0,2,0
2026_MN_Senate_REP,MN,Senate,,REP,Michele Tafoya,2026-08-11,7,7,45.25714285714286,33.55714285714286,47.437305,1,4,0
2026_MN_Senate_REP,MN,Senate,,REP,Royce White,2026-08-11,7,7,11.700000000000001,-33.55714285714286,-43.90588,0,4,0
2026_MN_Senate_REP,MN,Senate,,REP,Adam Schwarze,2026-08-11,7,7,6.728571428571429,-38.52857142857143,-47.175835,0,4,0
2026_MN_Senate_REP,MN,Senate,,REP,Tom Weiler,2026-08-11,6,7,3.6,-41.65714285714286,-53.862095,0,4,0
2026_MO_House-1_DEM,MO,House,1,DEM,Wesley Bell,2026-08-04,1,1,44.0,4.0,45.18134,1,2,0
2026_MO_House-1_DEM,MO,House,1,DEM,Cori Bush,2026-08-04,1,1,40.0,-4.0,26.970335,0,2,0
2026_MT_House-1_DEM,MT,House,1,DEM,Ryan Busse,2026-06-02,1,1,35.0,15.0,19.585245,1,4,0
2026_MT_House-1_DEM,MT,House,1,DEM,Russell Cleveland,2026-06-02,1,1,20.0,-15.0,-20.72329,0,4,0
2026_MT_House-1_DEM,MT,House,1,DEM,Sam Forstag,2026-06-02,1,1,13.0,-22.0,-32.16751,0,4,0
2026_MT_House-1_DEM,MT,House,1,DEM,Matt Rains,2026-06-02,1,1,5.0,-30.0,-42.623928,0,4,0
2026_MT_Senate_REP,MT,Senate,,REP,Kurt Alme,2026-06-02,1,1,73.0,58.0,61.621784,1,3,0
2026_MT_Senate_REP,MT,Senate,,REP,Charles Walking Child,2026-06-02,1,1,15.0,-58.0,-46.452507,0,3,0
2026_MT_Senate_REP,MT,Senate,,REP,Lee Calhoun,2026-06-02,1,1,12.0,-61.0,-52.741917,0,3,0
2026_NC_House-1_REP,NC,House,1,REP,Laurie Buckhout,2026-05-12,1,1,26.0,3.8999999999999986,13.585105,1,5,0
2026_NC_House-1_REP,NC,House,1,REP,Asa Buck,2026-05-12,1,1,22.1,-3.8999999999999986,-6.7523766,0,5,0
2026_NC_House-1_REP,NC,House,1,REP,Bobby Hanig,2026-05-12,1,1,10.7,-15.3,-25.62459,0,5,0
2026_NC_House-1_REP,NC,House,1,REP,Eric Rouse,2026-05-12,1,1,5.1,-20.9,-34.94739,0,5,0
2026_NC_House-1_REP,NC,House,1,REP,Ashley-Nicole Russell,2026-05-12,1,1,0.5,-25.5,-43.842735,0,5,0
2026_NC_Senate_DEM,NC,Senate,,DEM,Roy Cooper,2026-05-12,2,2,58.5,55.5,70.86524,1,6,0
2026_NC_Senate_DEM,NC,Senate,,DEM,Justin Dues,2026-05-12,1,2,3.0,-55.5,-54.75038,0,6,0
2026_NC_Senate_DEM,NC,Senate,,DEM,Marcus Williams,2026-05-12,1,2,2.0,-56.5,-54.75038,0,6,0
2026_NC_Senate_DEM,NC,Senate,,DEM,Robert Colon,2026-05-12,1,2,3.0,-55.5,-55.016087,0,6,0
2026_NC_Senate_DEM,NC,Senate,,DEM,Daryl Farrow,2026-05-12,1,2,2.0,-56.5,-55.016087,0,6,0
2026_NC_Senate_DEM,NC,Senate,,DEM,Orrick Quick,2026-05-12,1,2,0.0,-58.5,-55.016087,0,6,0
2026_NC_Senate_REP,NC,Senate,,REP,Michael Whatley,2026-05-12,3,3,37.43333333333333,28.93333333333333,29.701223,1,7,0
2026_NC_Senate_REP,NC,Senate,,REP,Don Brown,2026-05-12,3,3,8.5,-28.93333333333333,-37.254906,0,7,0
2026_NC_Senate_REP,NC,Senate,,REP,Michele Morrow,2026-05-12,3,3,2.533333333333333,-34.9,-50.672695,0,7,0
2026_NC_Senate_REP,NC,Senate,,REP,Richard Dansie,2026-05-12,2,3,2.7,-34.73333333333333,-52.143967,0,7,0
2026_NC_Senate_REP,NC,Senate,,REP,Margot Dupre,2026-05-12,2,3,1.8,-35.63333333333333,-52.240345,0,7,0
2026_NC_Senate_REP,NC,Senate,,REP,Thomas Johnson,2026-05-12,2,3,1.5,-35.93333333333333,-52.50605,0,7,0
2026_NC_Senate_REP,NC,Senate,,REP,Elizabeth Temple,2026-05-12,2,3,1.8,-35.63333333333333,-52.50605,0,7,0
2026_NE_House-2_DEM,NE,House,2,DEM,John Cavanaugh,2026-05-12,2,2,39.5,24.5,31.878496,1,5,0
2026_NE_House-2_DEM,NE,House,2,DEM,Crystal Rhoades,2026-05-12,2,2,15.0,-24.5,-34.55179,0,5,0
2026_NE_House-2_DEM,NE,House,2,DEM,Denise Powell,2026-05-12,2,2,9.5,-30.0,-40.527393,0,5,0
2026_NE_House-2_DEM,NE,House,2,DEM,Kishla Askins,2026-05-12,2,2,4.0,-35.5,-48.626617,0,5,0
2026_NE_House-2_DEM,NE,House,2,DEM,James Leuschen,2026-05-12,1,2,3.0,-36.5,-48.8127,0,5,0
2026_NH_Governor_DEM,NH,Governor,,DEM,Cinde Warmington,2026-09-08,1,1,40.0,27.0,27.144623,1,2,0
2026_NH_Governor_DEM,NH,Governor,,DEM,Jon Kiper,2026-09-08,1,1,13.0,-27.0,-34.314293,0,2,0
2026_NH_House-1_DEM,NH,House,1,DEM,Stefany Shaheen,2026-09-08,8,9,25.375,9.25,-1.9180005,1,9,0
2026_NH_House-1_DEM,NH,House,1,DEM,Maura Sullivan,2026-09-08,8,9,16.125,-9.25,-8.4207325,0,9,0
2026_NH_House-1_DEM,NH,House,1,DEM,Carleigh Beriont,2026-09-08,8,9,5.75,-19.625,-30.420765,0,9,0
2026_NH_House-1_DEM,NH,House,1,DEM,Heath Howard,2026-09-08,8,9,6.25,-19.125,-30.748821,0,9,0
2026_NH_House-1_DEM,NH,House,1,DEM,Christian Urrutia,2026-09-08,8,9,3.0,-22.375,-38.143543,0,9,0
2026_NH_House-1_DEM,NH,House,1,DEM,Bill Conlin,2026-09-08,2,9,0.0,-25.375,-42.29773,0,9,0
2026_NH_House-1_DEM,NH,House,1,DEM,Sarah Chadzynski,2026-09-08,8,9,1.125,-24.25,-43.47658,0,9,0
2026_NH_House-1_DEM,NH,House,1,DEM,Matthew Emerson,2026-09-08,2,9,0.0,-25.375,-45.343235,0,9,0
2026_NH_House-1_DEM,NH,House,1,DEM,Sarah Bella Spinosa,2026-09-08,1,9,0.0,-25.375,-48.84147,0,9,0
2026_NH_House-1_REP,NH,House,1,REP,Anthony DiLorenzo,2026-09-08,5,7,16.4,1.2333333333333325,9.614527,1,5,0
2026_NH_House-1_REP,NH,House,1,REP,Hollie Noveletsky,2026-09-08,6,7,15.166666666666666,-1.2333333333333325,-4.923309,0,5,0
2026_NH_House-1_REP,NH,House,1,REP,Brian Cole,2026-09-08,7,7,6.0,-10.399999999999999,-29.994846,0,5,0
2026_NH_House-1_REP,NH,House,1,REP,Melissa Bailey,2026-09-08,6,7,2.0,-14.399999999999999,-37.53047,0,5,0
2026_NH_House-1_REP,NH,House,1,REP,Lindsey Anderson,2026-09-08,2,7,0.5,-15.899999999999999,-38.778477,0,5,0
2026_NH_House-2_DEM,NH,House,2,DEM,Maggie Goodlander,2026-09-08,5,5,65.8,53.199999999999996,49.996986,1,2,0
2026_NH_House-2_DEM,NH,House,2,DEM,Paige Beauchemin,2026-09-08,5,5,12.6,-53.199999999999996,-46.923164,0,2,0
2026_NH_House-2_REP,NH,House,2,REP,Lily Tang Williams,2026-09-08,3,3,55.666666666666664,50.33333333333333,45.823734,1,4,0
2026_NH_House-2_REP,NH,House,2,REP,Victor Orlando,2026-09-08,3,3,5.333333333333333,-50.33333333333333,-57.27144,0,4,0
2026_NH_House-2_REP,NH,House,2,REP,Michael Callis,2026-09-08,1,3,1.0,-54.666666666666664,-57.380714,0,4,0
2026_NH_House-2_REP,NH,House,2,REP,Dan Nicholson,2026-09-08,2,3,0.5,-55.166666666666664,-61.253723,0,4,0
2026_NH_Senate_DEM,NH,Senate,,DEM,Chris Pappas,2026-09-08,11,11,61.36363636363637,43.727272727272734,55.146152,1,5,0
2026_NH_Senate_DEM,NH,Senate,,DEM,Karishma Manzur,2026-09-08,11,11,17.636363636363637,-43.727272727272734,-42.063484,0,5,0
2026_NH_Senate_DEM,NH,Senate,,DEM,David Jarvis,2026-09-08,2,11,0.0,-61.36363636363637,-66.131966,0,5,0
2026_NH_Senate_DEM,NH,Senate,,DEM,John Vail,2026-09-08,2,11,0.0,-61.36363636363637,-66.397675,0,5,0
2026_NH_Senate_DEM,NH,Senate,,DEM,Maxwell Saal,2026-09-08,2,11,0.5,-60.86363636363637,-67.298744,0,5,0
2026_NH_Senate_REP,NH,Senate,,REP,John E. Sununu,2026-09-08,15,16,52.559999999999995,27.128749999999997,48.36008,1,7,0
2026_NH_Senate_REP,NH,Senate,,REP,Scott Brown,2026-09-08,16,16,25.43125,-27.128749999999997,-35.676315,0,7,0
2026_NH_Senate_REP,NH,Senate,,REP,Andy Martin,2026-09-08,1,16,0.0,-52.559999999999995,-57.226818,0,7,0
2026_NH_Senate_REP,NH,Senate,,REP,Mary Maxwell,2026-09-08,2,16,0.5,-52.059999999999995,-57.422924,0,7,0
2026_NH_Senate_REP,NH,Senate,,REP,Sabrina Smith,2026-09-08,1,16,0.0,-52.559999999999995,-57.492523,0,7,0
2026_NH_Senate_REP,NH,Senate,,REP,Tom Alciere,2026-09-08,2,16,0.0,-52.559999999999995,-58.524334,0,7,0
2026_NH_Senate_REP,NH,Senate,,REP,Sky Danley,2026-09-08,2,16,0.0,-52.559999999999995,-58.79004,0,7,0
2026_NJ_House-12_DEM,NJ,House,12,DEM,Adam Hamawy,2026-06-02,2,2,12.0,-1.0,-6.8735437,1,4,0
2026_NJ_House-12_DEM,NJ,House,12,DEM,Sue Altman,2026-06-02,2,2,12.0,-1.0,-9.150837,0,4,0
2026_NJ_House-12_DEM,NJ,House,12,DEM,Brad Cohen,2026-06-02,2,2,11.0,-2.0,-9.416542,0,4,0
2026_NJ_House-12_DEM,NJ,House,12,DEM,Verlina Reynolds-Jackson,2026-06-02,2,2,13.0,1.0,-10.976546,0,4,0
2026_NJ_House-7_DEM,NJ,House,7,DEM,Rebecca Bennett,2026-06-02,5,5,28.0,11.8,16.079119,1,4,0
2026_NJ_House-7_DEM,NJ,House,7,DEM,Tina Shah,2026-06-02,5,5,16.2,-11.8,-23.23588,0,4,0
2026_NJ_House-7_DEM,NJ,House,7,DEM,Brian Varela,2026-06-02,5,5,12.4,-15.6,-25.148684,0,4,0
2026_NJ_House-7_DEM,NJ,House,7,DEM,Michael Roth,2026-06-02,5,5,10.6,-17.4,-31.257183,0,4,0
2026_NJ_House-8_DEM,NJ,House,8,DEM,Bob Menendez,2026-06-02,1,1,42.0,15.0,33.433285,1,2,0
2026_NJ_House-8_DEM,NJ,House,8,DEM,Mussab Ali,2026-06-02,1,1,27.0,-15.0,-7.328234,0,2,0
2026_NM_Governor_DEM,NM,Governor,,DEM,Deb Haaland,2026-06-02,9,9,51.82222222222222,29.5,39.205208,1,2,0
2026_NM_Governor_DEM,NM,Governor,,DEM,Sam Bregman,2026-06-02,9,9,22.322222222222223,-29.5,-30.188473,0,2,0
2026_NM_Governor_REP,NM,Governor,,REP,Gregg Hull,2026-06-02,3,3,28.0,8.133333333333333,10.994368,1,3,0
2026_NM_Governor_REP,NM,Governor,,REP,Doug Turner,2026-06-02,3,3,19.866666666666667,-8.133333333333333,-5.620691,0,3,0
2026_NM_Governor_REP,NM,Governor,,REP,Duke Rodriguez,2026-06-02,3,3,10.233333333333333,-17.766666666666666,-31.42013,0,3,0
2026_NM_Senate_DEM,NM,Senate,,DEM,Ben Luján,2026-06-02,1,1,69.0,60.0,56.666695,1,2,0
2026_NM_Senate_DEM,NM,Senate,,DEM,Matt Dodson,2026-06-02,1,1,9.0,-60.0,-61.592014,0,2,0
2026_NV_Governor_DEM,NV,Governor,,DEM,Aaron Ford,2026-06-09,1,1,48.0,35.0,50.923397,1,2,0
2026_NV_Governor_DEM,NV,Governor,,DEM,Alexis Hill,2026-06-09,1,1,13.0,-35.0,-42.702194,0,2,0
2026_NV_Governor_REP,NV,Governor,,REP,Joe Lombardo,2026-06-09,1,1,60.0,53.0,46.25812,1,4,0
2026_NV_Governor_REP,NV,Governor,,REP,Matthew Winterhawk,2026-06-09,1,1,7.0,-53.0,-48.525074,0,4,0
2026_NV_Governor_REP,NV,Governor,,REP,Irina Hansen,2026-06-09,1,1,4.0,-56.0,-52.149094,0,4,0
2026_NV_Governor_REP,NV,Governor,,REP,Jose Zalaya,2026-06-09,1,1,4.0,-56.0,-52.149094,0,4,0
2026_NY_Governor_DEM,NY,Governor,,DEM,Kathy Hochul,2026-06-23,21,21,50.285714285714285,37.80952380952381,66.38481,1,2,0
2026_NY_Governor_DEM,NY,Governor,,DEM,Antonio Delgado,2026-06-23,21,21,12.476190476190476,-37.80952380952381,-32.297577,0,2,0
2026_NY_Governor_REP,NY,Governor,,REP,Elise Stefanik,2026-06-23,10,15,47.4,29.4,53.220394,1,3,0
2026_NY_Governor_REP,NY,Governor,,REP,Mike Lawler,2026-06-23,11,15,18.0,-29.4,-10.629757,0,3,0
2026_NY_Governor_REP,NY,Governor,,REP,Bruce Blakeman,2026-06-23,15,15,14.0,-33.4,-24.666286,0,3,0
2026_NY_House-10_DEM,NY,House,10,DEM,Brad Lander,2026-06-23,3,4,51.86666666666667,16.09166666666667,44.197395,1,3,0
2026_NY_House-10_DEM,NY,House,10,DEM,Daniel Goldman,2026-06-23,4,4,35.775,-16.09166666666667,-6.7628317,0,3,0
2026_NY_House-10_DEM,NY,House,10,DEM,Nickie Kane,2026-06-23,1,4,3.0,-48.86666666666667,-59.112602,0,3,0
2026_NY_House-12_DEM,NY,House,12,DEM,Alex Bores,2026-06-23,11,11,16.945454545454545,-2.4454545454545453,-6.9157877,1,9,0
2026_NY_House-12_DEM,NY,House,12,DEM,Micah Lasher,2026-06-23,11,11,16.327272727272728,-3.0636363636363626,-7.065536,0,9,0
2026_NY_House-12_DEM,NY,House,12,DEM,Jack Schlossberg,2026-06-23,11,11,19.39090909090909,2.4454545454545453,-13.294837,0,9,0
2026_NY_House-12_DEM,NY,House,12,DEM,George Conway,2026-06-23,11,11,12.227272727272727,-7.163636363636364,-22.21414,0,9,0
2026_NY_House-12_DEM,NY,House,12,DEM,Laura Dunn,2026-06-23,4,11,2.4,-16.990909090909092,-29.089241,0,9,0
2026_NY_House-12_DEM,NY,House,12,DEM,Nina Schwalbe,2026-06-23,6,11,2.6999999999999997,-16.69090909090909,-29.089241,0,9,0
2026_NY_House-12_DEM,NY,House,12,DEM,Patrick Timmins,2026-06-23,2,11,0.05,-19.34090909090909,-33.73136,0,9,0
2026_NY_House-12_DEM,NY,House,12,DEM,Matthew Shurka,2026-06-23,3,11,1.3333333333333333,-18.05757575757576,-34.669292,0,9,0
2026_NY_House-12_DEM,NY,House,12,DEM,Chris Diep,2026-06-23,4,11,0.475,-18.91590909090909,-34.934998,0,9,0
2026_NY_House-13_DEM,NY,House,13,DEM,Adriano Espaillat,2026-06-23,3,3,37.333333333333336,6.0000000000000036,9.510847,1,4,0
2026_NY_House-13_DEM,NY,House,13,DEM,Darializa Avila Chevalier,2026-06-23,3,3,31.333333333333332,-6.0000000000000036,2.5747266,0,4,0
2026_NY_House-13_DEM,NY,House,13,DEM,Oscar Romero,2026-06-23,2,3,3.0,-34.333333333333336,-47.077335,0,4,0
2026_NY_House-13_DEM,NY,House,13,DEM,Theo Chino-Tavarez,2026-06-23,1,3,2.0,-35.333333333333336,-47.343987,0,4,0
2026_NY_House-15_DEM,NY,House,15,DEM,Ritchie Torres,2026-06-23,1,1,60.0,45.0,51.823845,1,3,0
2026_NY_House-15_DEM,NY,House,15,DEM,Michael Blake,2026-06-23,1,1,15.0,-45.0,-48.87424,0,3,0
2026_NY_House-15_DEM,NY,House,15,DEM,Jose Vega,2026-06-23,1,1,7.0,-53.0,-54.521587,0,3,0
2026_NY_House-17_DEM,NY,House,17,DEM,Cait Conley,2026-06-23,6,6,24.5,3.0,14.178396,1,5,0
2026_NY_House-17_DEM,NY,House,17,DEM,Beth Davidson,2026-06-23,6,6,21.5,-3.0,-11.107795,0,5,0
2026_NY_House-17_DEM,NY,House,17,DEM,Effie Phillips-Staley,2026-06-23,6,6,8.333333333333334,-16.166666666666664,-29.192469,0,5,0
2026_NY_House-17_DEM,NY,House,17,DEM,Mike Sacks,2026-06-23,5,6,2.6,-21.9,-36.207058,0,5,0
2026_NY_House-17_DEM,NY,House,17,DEM,John Cappello,2026-06-23,5,6,1.0,-23.5,-41.31664,0,5,0
2026_NY_House-21_REP,NY,House,21,REP,Anthony Constantino,2026-06-23,4,4,39.75,14.5,22.223852,1,2,0
2026_NY_House-21_REP,NY,House,21,REP,Robert Smullen,2026-06-23,4,4,25.25,-14.5,-8.499387,0,2,0
2026_NY_House-7_DEM,NY,House,7,DEM,Antonio Reynoso,2026-06-23,2,2,24.55,1.1000000000000014,0.6291698,1,4,0
2026_NY_House-7_DEM,NY,House,7,DEM,Claire Valdez,2026-06-23,2,2,23.45,-1.1000000000000014,-0.79441255,0,4,0
2026_NY_House-7_DEM,NY,House,7,DEM,Julie Won,2026-06-23,1,2,12.8,-11.75,-27.395832,0,4,0
2026_NY_House-7_DEM,NY,House,7,DEM,Vichal Kumar,2026-06-23,1,2,0.5,-24.05,-41.303143,0,4,0
2026_NY_House-8_DEM,NY,House,8,DEM,Hakeem Jeffries,2026-06-23,1,1,72.0,51.0,65.17654,1,2,0
2026_NY_House-8_DEM,NY,House,8,DEM,Chi Ossé,2026-06-23,1,1,21.0,-51.0,-27.023815,0,2,0
2026_OH_Governor_DEM,OH,Governor,,DEM,Amy Acton,2026-05-05,5,5,37.6,6.200000000000003,32.66415,1,2,0
2026_OH_Governor_DEM,OH,Governor,,DEM,Tim Ryan,2026-05-05,5,5,31.4,-6.200000000000003,15.1655245,0,2,0
2026_OH_Governor_REP,OH,Governor,,REP,Vivek Ramaswamy,2026-05-05,9,9,62.666666666666664,50.666666666666664,64.010155,1,3,0
2026_OH_Governor_REP,OH,Governor,,REP,Casey Putsch,2026-05-05,1,9,12.0,-50.666666666666664,-49.421955,0,3,0
2026_OH_Governor_REP,OH,Governor,,REP,Heather Hill,2026-05-05,6,9,8.333333333333334,-54.33333333333333,-53.475388,0,3,0
2026_OH_House-9_REP,OH,House,9,REP,Derek Merrin,2026-05-05,1,1,33.0,19.0,16.510654,1,4,0
2026_OH_House-9_REP,OH,House,9,REP,Josh Williams,2026-05-05,1,1,14.0,-19.0,-31.258821,0,4,0
2026_OH_House-9_REP,OH,House,9,REP,Madison Sheahan,2026-05-05,1,1,10.0,-23.0,-36.433643,0,4,0
2026_OH_House-9_REP,OH,House,9,REP,Alea Nadeem,2026-05-05,1,1,4.0,-29.0,-46.27657,0,4,0
2026_OK_Governor_REP,OK,Governor,,REP,Genter Drummond,2026-06-16,13,13,32.0,14.26153846153846,-4.3318133,1,9,0
2026_OK_Governor_REP,OK,Governor,,REP,Mike Mazzei,2026-06-16,11,13,9.672727272727274,-22.327272727272728,-25.543205,0,9,0
2026_OK_Governor_REP,OK,Governor,,REP,Charles McCall,2026-06-16,13,13,17.73846153846154,-14.26153846153846,-25.625036,0,9,0
2026_OK_Governor_REP,OK,Governor,,REP,Chip Keating,2026-06-16,13,13,9.63076923076923,-22.369230769230768,-31.541727,0,9,0
2026_OK_Governor_REP,OK,Governor,,REP,Jake Merrick,2026-06-16,8,13,4.775,-27.225,-40.409286,0,9,0
2026_OK_Governor_REP,OK,Governor,,REP,Jennifer Domenico,2026-06-16,2,13,2.3,-29.7,-44.23463,0,9,0
2026_OK_Governor_REP,OK,Governor,,REP,Leisa Mitchell Haynes,2026-06-16,1,13,2.4,-29.6,-44.453175,0,9,0
2026_OK_Governor_REP,OK,Governor,,REP,Kenneth Sturgell,2026-06-16,2,13,2.05,-29.95,-44.65008,0,9,0
2026_OK_Governor_REP,OK,Governor,,REP,Calup Anthony Taylor,2026-06-16,1,13,1.1,-30.9,-47.038307,0,9,0
2026_OK_Senate_REP,OK,Senate,,REP,Kevin Hern,2026-06-16,2,2,45.0,37.0,30.935911,1,5,0
2026_OK_Senate_REP,OK,Senate,,REP,Gary Ty England,2026-06-16,1,2,8.0,-37.0,-48.11467,0,5,0
2026_OK_Senate_REP,OK,Senate,,REP,Brian Ragain,2026-06-16,1,2,4.0,-41.0,-54.929333,0,5,0
2026_OK_Senate_REP,OK,Senate,,REP,Sean Buckner,2026-06-16,1,2,2.0,-43.0,-55.416355,0,5,0
2026_OK_Senate_REP,OK,Senate,,REP,Nick Hankins,2026-06-16,1,2,1.0,-44.0,-55.416355,0,5,0
2026_OR_Governor_REP,OR,Governor,,REP,Christine Drazan,2026-05-19,3,3,35.03333333333334,12.93333333333334,7.9279313,1,5,0
2026_OR_Governor_REP,OR,Governor,,REP,Ed Diehl,2026-05-19,3,3,22.099999999999998,-12.93333333333334,-6.6377378,0,5,0
2026_OR_Governor_REP,OR,Governor,,REP,Chris Dudley,2026-05-19,3,3,15.433333333333332,-19.60000000000001,-32.23009,0,5,0
2026_OR_Governor_REP,OR,Governor,,REP,Danielle Bethell,2026-05-19,2,3,1.7,-33.333333333333336,-46.81037,0,5,0
2026_OR_Governor_REP,OR,Governor,,REP,David Medina,2026-05-19,2,3,4.6,-30.433333333333337,-48.22533,0,5,0
2026_PA_Governor_REP,PA,Governor,,REP,Doug Mastriano,2026-05-19,3,3,28.0,13.0,26.639719,1,2,0
2026_PA_Governor_REP,PA,Governor,,REP,Stacy Garrity,2026-05-19,3,3,15.0,-13.0,-12.589418,0,2,0
2026_PA_House-3_DEM,PA,House,3,DEM,Sharif Street,2026-05-19,4,4,18.75,3.0,-5.559272,1,3,0
2026_PA_House-3_DEM,PA,House,3,DEM,Chris Rabb,2026-05-19,4,4,15.75,-3.0,-5.995126,0,3,0
2026_PA_House-3_DEM,PA,House,3,DEM,Ala Stanford,2026-05-19,4,4,14.25,-4.5,-11.579894,0,3,0
2026_PA_House-7_DEM,PA,House,7,DEM,Bob Brooks,2026-05-19,5,5,15.4,-3.200000000000001,-4.4654865,1,4,0
2026_PA_House-7_DEM,PA,House,7,DEM,Lamont McClure,2026-05-19,5,5,18.6,3.200000000000001,-8.5402975,0,4,0
2026_PA_House-7_DEM,PA,House,7,DEM,Ryan Crosswell,2026-05-19,5,5,8.2,-10.400000000000002,-14.966984,0,4,0
2026_PA_House-7_DEM,PA,House,7,DEM,Carol Obando- Derstine,2026-05-19,5,5,10.0,-8.600000000000001,-24.266506,0,4,0
2026_RI_Governor_DEM,RI,Governor,,DEM,Helena Foulkes,2026-09-08,16,16,37.625,16.0375,42.303593,1,2,0
2026_RI_Governor_DEM,RI,Governor,,DEM,Dan McKee,2026-09-08,16,16,21.5875,-16.0375,-15.541371,0,2,0
2026_RI_Governor_REP,RI,Governor,,REP,Elaine Pelino,2026-09-08,3,3,39.03333333333333,21.366666666666664,27.84274,1,2,0
2026_RI_Governor_REP,RI,Governor,,REP,Aaron Guckian,2026-09-08,3,3,17.666666666666668,-21.366666666666664,-29.599642,0,2,0
2026_RI_House-2_REP,RI,House,2,REP,Stephen Skoly,2026-09-09,1,1,28.8,6.800000000000001,13.105865,1,2,0
2026_RI_House-2_REP,RI,House,2,REP,Victor Mellor,2026-09-09,1,1,22.0,-6.800000000000001,-12.236847,0,2,0
2026_RI_Senate_DEM,RI,Senate,,DEM,Jack Reed,2026-09-09,4,4,58.325,40.775000000000006,46.592567,1,2,0
2026_RI_Senate_DEM,RI,Senate,,DEM,Connor Burbridge,2026-09-09,4,4,17.55,-40.775000000000006,-44.19463,0,2,0
2026_SC_Governor_DEM,SC,Governor,,DEM,Jermaine Johnson,2026-06-23,5,5,23.48,8.113333333333333,13.637298,1,3,0
2026_SC_Governor_DEM,SC,Governor,,DEM,Billy Webster,2026-06-23,3,5,15.366666666666667,-8.113333333333333,-20.422073,0,3,0
2026_SC_Governor_DEM,SC,Governor,,DEM,Mullins McLeod,2026-06-23,4,5,6.525,-16.955,-35.24086,0,3,0
2026_SC_Governor_REP,SC,Governor,,REP,Alan Wilson,2026-06-23,37,37,19.01081081081081,2.091891891891894,-6.5137463,1,7,0
2026_SC_Governor_REP,SC,Governor,,REP,Pamela Evette,2026-06-23,37,37,16.918918918918916,-2.091891891891894,-7.4029064,0,7,0
2026_SC_Governor_REP,SC,Governor,,REP,Nancy Mace,2026-06-23,37,37,16.654054054054054,-2.3567567567567558,-13.481359,0,7,0
2026_SC_Governor_REP,SC,Governor,,REP,Rom Reddy,2026-06-23,18,37,12.377777777777776,-6.633033033033033,-14.9914055,0,7,0
2026_SC_Governor_REP,SC,Governor,,REP,Ralph W. Norman,2026-06-23,37,37,11.97027027027027,-7.04054054054054,-16.174547,0,7,0
2026_SC_Governor_REP,SC,Governor,,REP,Josh Kimbrell,2026-06-23,30,37,2.413333333333333,-16.597477477477476,-33.68278,0,7,0
2026_SC_Governor_REP,SC,Governor,,REP,Jacqueline Dubose,2026-06-23,5,37,1.7400000000000002,-17.270810810810808,-39.687767,0,7,0
2026_SC_House-1_REP,SC,House,1,REP,Jenny Costa Honeycutt,2026-06-23,2,2,27.5,5.5,16.835552,1,2,0
2026_SC_House-1_REP,SC,House,1,REP,Mark Smith,2026-06-23,2,2,22.0,-5.5,-1.9285094,0,2,0
2026_SC_Senate_DEM,SC,Senate,,DEM,Annie Andrews,2026-06-23,1,1,45.0,31.0,45.454803,1,3,0
2026_SC_Senate_DEM,SC,Senate,,DEM,Brandon Brown,2026-06-23,1,1,14.0,-31.0,-42.51367,0,3,0
2026_SC_Senate_DEM,SC,Senate,,DEM,Kyle Freeman,2026-06-23,1,1,5.0,-40.0,-50.53515,0,3,0
2026_SC_Senate_REP,SC,Senate,,REP,Lindsey Graham,2026-06-23,12,12,49.225,27.825,51.04083,1,6,0
2026_SC_Senate_REP,SC,Senate,,REP,Mark Lynch,2026-06-23,12,12,21.400000000000002,-27.825,-19.681103,0,6,0
2026_SC_Senate_REP,SC,Senate,,REP,Darius Mitchell,2026-06-23,3,12,3.0666666666666664,-46.15833333333333,-55.976734,0,6,0
2026_SC_Senate_REP,SC,Senate,,REP,Thomas Dismukes,2026-06-23,3,12,2.6333333333333333,-46.59166666666667,-56.526966,0,6,0
2026_SC_Senate_REP,SC,Senate,,REP,Pat Herrmann,2026-06-23,3,12,2.033333333333333,-47.19166666666667,-56.967834,0,6,0
2026_SC_Senate_REP,SC,Senate,,REP,Calvin Cowen,2026-06-23,3,12,2.033333333333333,-47.19166666666667,-62.49761,0,6,0
2026_SD_Governor_REP,SD,Governor,,REP,Dusty Johnson,2026-07-28,7,7,28.485714285714288,3.1142857142857174,5.4315014,1,4,0
2026_SD_Governor_REP,SD,Governor,,REP,Larry R. Rhoden,2026-07-28,7,7,25.37142857142857,-3.1142857142857174,-8.175306,0,4,0
2026_SD_Governor_REP,SD,Governor,,REP,Toby Doeden,2026-07-28,7,7,16.84285714285714,-11.642857142857146,-17.725996,0,4,0
2026_SD_Governor_REP,SD,Governor,,REP,Jon Hansen,2026-07-28,7,7,12.885714285714286,-15.600000000000001,-19.191454,0,4,0
2026_SD_House-1_REP,SD,House,1,REP,Marty Jackley,2026-07-28,2,2,59.65,50.099999999999994,61.485138,1,2,0
2026_SD_House-1_REP,SD,House,1,REP,James Bialota,2026-07-28,2,2,9.55,-50.099999999999994,-54.410915,0,2,0
2026_SD_Senate_REP,SD,Senate,,REP,Mike Rounds,2026-07-28,2,2,46.0,28.0,41.262054,1,2,0
2026_SD_Senate_REP,SD,Senate,,REP,Justin McNeal,2026-07-28,1,2,18.0,-28.0,-32.30116,0,2,0
2026_TN_Governor_DEM,TN,Governor,,DEM,Jerri Green,2026-08-06,1,1,14.0,3.0,-2.1290896,1,5,0
2026_TN_Governor_DEM,TN,Governor,,DEM,Kevin Lee McCants,2026-08-06,1,1,11.0,-3.0,-10.898735,0,5,0
2026_TN_Governor_DEM,TN,Governor,,DEM,Carnita Atwater,2026-08-06,1,1,8.0,-6.0,-11.505764,0,5,0
2026_TN_Governor_DEM,TN,Governor,,DEM,Tim Cyr,2026-08-06,1,1,3.0,-11.0,-27.435314,0,5,0
2026_TN_Governor_DEM,TN,Governor,,DEM,Adam Kurtz,2026-08-06,1,1,2.0,-12.0,-27.435314,0,5,0
2026_TN_Governor_REP,TN,Governor,,REP,Marsha Blackburn,2026-08-06,14,14,53.300000000000004,37.09285714285714,34.489304,1,3,0
2026_TN_Governor_REP,TN,Governor,,REP,John Rose,2026-08-06,14,14,16.20714285714286,-37.09285714285714,-14.692593,0,3,0
2026_TN_Governor_REP,TN,Governor,,REP,Monty Fritts,2026-08-06,10,14,12.120000000000001,-41.18000000000001,-40.3378,0,3,0
2026_TN_House-5_REP,TN,House,5,REP,Andy Ogles,2026-08-06,1,1,37.0,4.0,23.070229,1,2,0
2026_TN_House-5_REP,TN,House,5,REP,Charlie Hatcher,2026-08-06,1,1,33.0,-4.0,0.76643986,0,2,0
2026_TN_House-9_DEM,TN,House,9,DEM,Steve Cohen,2026-08-06,1,1,45.0,1.0,48.56649,1,3,0
2026_TN_House-9_DEM,TN,House,9,DEM,Justin Pearson,2026-08-06,1,1,44.0,-1.0,41.633747,0,3,0
2026_TN_House-9_DEM,TN,House,9,DEM,Marion Alexandra-Williams,2026-08-06,1,1,2.0,-43.0,-49.14289,0,3,0
2026_TX_Governor_DEM,TX,Governor,,DEM,Gina Hinojosa,2026-05-26,9,9,54.98888888888889,45.93333333333333,55.325924,1,10,0
2026_TX_Governor_DEM,TX,Governor,,DEM,Chris Bell,2026-05-26,9,9,9.055555555555555,-45.93333333333333,-52.363976,0,10,0
2026_TX_Governor_DEM,TX,Governor,,DEM,Angela Villescaz,2026-05-26,6,9,2.533333333333333,-52.455555555555556,-58.7895,0,10,0
2026_TX_Governor_DEM,TX,Governor,,DEM,Patricia Abrego,2026-05-26,4,9,2.225,-52.763888888888886,-59.70148,0,10,0
2026_TX_Governor_DEM,TX,Governor,,DEM,Carlton Hart,2026-05-26,4,9,1.4,-53.58888888888889,-59.70148,0,10,0
2026_TX_Governor_DEM,TX,Governor,,DEM,Bobby Cole,2026-05-26,7,9,5.3999999999999995,-49.58888888888889,-59.753593,0,10,0
2026_TX_Governor_DEM,TX,Governor,,DEM,Faizan Syed,2026-05-26,1,9,1.0,-53.98888888888889,-60.0175,0,10,0
2026_TX_Governor_DEM,TX,Governor,,DEM,Andrew White,2026-05-26,2,9,3.45,-51.538888888888884,-61.172646,0,10,0
2026_TX_Governor_DEM,TX,Governor,,DEM,Jose Navarro Balbuena,2026-05-26,4,9,0.525,-54.46388888888889,-63.193157,0,10,0
2026_TX_Governor_DEM,TX,Governor,,DEM,Zach Vance,2026-05-26,4,9,0.625,-54.36388888888889,-63.193157,0,10,0
2026_TX_Governor_REP,TX,Governor,,REP,Greg Abbott,2026-05-26,2,2,81.5,73.5,59.542213,1,11,0
2026_TX_Governor_REP,TX,Governor,,REP,Pete Chambers,2026-05-26,2,2,8.0,-73.5,-63.778805,0,11,0
2026_TX_Governor_REP,TX,Governor,,REP,Evelyn Brooks,2026-05-26,2,2,1.5,-80.0,-66.99353,0,11,0
2026_TX_Governor_REP,TX,Governor,,REP,Bob Achgill,2026-05-26,2,2,0.0,-81.5,-67.40304,0,11,0
2026_TX_Governor_REP,TX,Governor,,REP,Charles Crouch,2026-05-26,2,2,0.0,-81.5,-67.40304,0,11,0
2026_TX_Governor_REP,TX,Governor,,REP,Arturo Espinosa,2026-05-26,2,2,0.5,-81.0,-67.40304,0,11,0
2026_TX_Governor_REP,TX,Governor,,REP,Mark Goloby,2026-05-26,2,2,0.5,-81.0,-67.40304,0,11,0
2026_TX_Governor_REP,TX,Governor,,REP,Kenneth Hyde,2026-05-26,2,2,0.0,-81.5,-67.40304,0,11,0
2026_TX_Governor_REP,TX,Governor,,REP,Stephen Samuelson,2026-05-26,2,2,0.0,-81.5,-67.40304,0,11,0
2026_TX_Governor_REP,TX,Governor,,REP,Ronnie Tullos,2026-05-26,2,2,0.0,-81.5,-67.40304,0,11,0
2026_TX_Governor_REP,TX,Governor,,REP,Nathaniel Welch,2026-05-26,2,2,0.0,-81.5,-67.40304,0,11,0
2026_TX_House-15_DEM,TX,House,15,DEM,Bobby Pulido,2026-05-26,1,1,68.0,49.0,57.29276,1,3,0
2026_TX_House-15_DEM,TX,House,15,DEM,Henry Cuellar,2026-05-26,1,1,19.0,-49.0,-46.964584,0,3,0
2026_TX_House-15_DEM,TX,House,15,DEM,Ada Cuellar,2026-05-26,1,1,19.0,-49.0,-47.205463,0,3,0
2026_TX_House-18_DEM,TX,House,18,DEM,Christian Menefee,2026-05-26,3,3,49.333333333333336,16.333333333333336,51.716316,1,4,0
2026_TX_House-18_DEM,TX,House,18,DEM,Al Green,2026-05-26,3,3,33.0,-16.333333333333336,-12.395878,0,4,0
2026_TX_House-18_DEM,TX,House,18,DEM,Amanda Edwards,2026-05-26,2,3,11.0,-38.333333333333336,-46.51408,0,4,0
2026_TX_House-18_DEM,TX,House,18,DEM,Gretchen Brown,2026-05-26,1,3,1.0,-48.333333333333336,-58.31456,0,4,0
2026_TX_House-19_REP,TX,House,19,REP,Tom Sell,2026-05-26,1,1,29.0,20.0,18.746082,1,8,0
2026_TX_House-19_REP,TX,House,19,REP,Abraham Enriquez,2026-05-26,1,1,8.0,-21.0,-31.210487,0,8,0
2026_TX_House-19_REP,TX,House,19,REP,Matt Smith,2026-05-26,1,1,9.0,-20.0,-31.210487,0,8,0
2026_TX_House-19_REP,TX,House,19,REP,Jason Corley,2026-05-26,1,1,2.0,-27.0,-43.698303,0,8,0
2026_TX_House-19_REP,TX,House,19,REP,Christopher Adams,2026-05-26,1,1,0.0,-29.0,-44.111374,0,8,0
2026_TX_House-19_REP,TX,House,19,REP,James Barbee,2026-05-26,1,1,0.0,-29.0,-44.37708,0,8,0
2026_TX_House-19_REP,TX,House,19,REP,Donald May,2026-05-26,1,1,1.0,-28.0,-44.37708,0,8,0
2026_TX_House-19_REP,TX,House,19,REP,Ryan Zink,2026-05-26,1,1,1.0,-28.0,-44.37708,0,8,0
2026_TX_House-21_REP,TX,House,21,REP,Mark Teixeira,2026-05-26,1,1,38.0,31.0,31.578064,1,4,0
2026_TX_House-21_REP,TX,House,21,REP,Jason Cahill,2026-05-26,1,1,7.0,-31.0,-43.37984,0,4,0
2026_TX_House-21_REP,TX,House,21,REP,Michael Wheeler,2026-05-26,1,1,5.0,-33.0,-48.84702,0,4,0
2026_TX_House-21_REP,TX,House,21,REP,Trey Trainor,2026-05-26,1,1,3.0,-35.0,-49.39015,0,4,0
2026_TX_House-23_REP,TX,House,23,REP,Brandon Herrera,2026-05-26,3,3,41.06666666666667,9.26666666666667,31.689947,1,4,0
2026_TX_House-23_REP,TX,House,23,REP,Tony Gonzales,2026-05-26,3,3,31.8,-9.26666666666667,-4.3792787,0,4,0
2026_TX_House-23_REP,TX,House,23,REP,Francisco Canseco,2026-05-26,1,3,4.0,-37.06666666666667,-50.17887,0,4,0
2026_TX_House-23_REP,TX,House,23,REP,Keith Barton,2026-05-26,1,3,4.0,-37.06666666666667,-50.444576,0,4,0
2026_TX_House-29_DEM,TX,House,29,DEM,Sylvia Garcia,2026-05-26,1,1,46.0,19.0,47.773087,1,3,0
2026_TX_House-29_DEM,TX,House,29,DEM,Jarvis Johnson,2026-05-26,1,1,27.0,-19.0,-12.944928,0,3,0
2026_TX_House-29_DEM,TX,House,29,DEM,Robert Slater,2026-05-26,1,1,2.0,-44.0,-52.491127,0,3,0
2026_TX_House-2_REP,TX,House,2,REP,Dan Crenshaw,2026-05-26,1,1,47.0,28.0,50.62793,1,6,0
2026_TX_House-2_REP,TX,House,2,REP,Steve Toth,2026-05-26,1,1,19.0,-28.0,-32.309624,0,6,0
2026_TX_House-2_REP,TX,House,2,REP,Thomas Manning,2026-05-26,1,1,2.0,-45.0,-52.513203,0,6,0
2026_TX_House-2_REP,TX,House,2,REP,Ava Zolari,2026-05-26,1,1,2.0,-45.0,-52.513203,0,6,0
2026_TX_House-2_REP,TX,House,2,REP,Martin Etwop,2026-05-26,1,1,1.0,-46.0,-53.44201,0,6,0
2026_TX_House-2_REP,TX,House,2,REP,Nicholas Plumb,2026-05-26,1,1,1.0,-46.0,-53.44201,0,6,0
2026_TX_House-33_DEM,TX,House,33,DEM,Colin Allred,2026-05-26,1,1,58.0,28.0,59.09808,1,2,0
2026_TX_House-33_DEM,TX,House,33,DEM,Julie Johnson,2026-05-26,1,1,30.0,-28.0,-13.028046,0,2,0
2026_TX_House-34_REP,TX,House,34,REP,Mayra Flores,2026-05-26,1,1,38.0,33.0,53.870415,1,5,0
2026_TX_House-34_REP,TX,House,34,REP,Eric Flores,2026-05-26,1,1,5.0,-33.0,-25.35496,0,5,0
2026_TX_House-34_REP,TX,House,34,REP,Bam Morales,2026-05-26,1,1,4.0,-34.0,-25.496338,0,5,0
2026_TX_House-34_REP,TX,House,34,REP,Keith Allen,2026-05-26,1,1,2.0,-36.0,-26.401552,0,5,0
2026_TX_House-34_REP,TX,House,34,REP,Josh Cortez,2026-05-26,1,1,1.0,-37.0,-26.401552,0,5,0
2026_TX_House-38_REP,TX,House,38,REP,Jon Bonck,2026-05-26,1,1,22.0,12.0,3.1328182,1,5,0
2026_TX_House-38_REP,TX,House,38,REP,Shelly deZevallos,2026-05-26,1,1,10.0,-12.0,-28.758188,0,5,0
2026_TX_House-38_REP,TX,House,38,REP,Michael Pratt,2026-05-26,1,1,8.0,-14.0,-28.758188,0,5,0
2026_TX_House-38_REP,TX,House,38,REP,Carmen Maria Montiel,2026-05-26,1,1,3.0,-19.0,-34.4046,0,5,0
2026_TX_House-38_REP,TX,House,38,REP,Larry Rubin,2026-05-26,1,1,3.0,-19.0,-34.670303,0,5,0
2026_TX_House-9_DEM,TX,House,9,DEM,Leticia Gutierrez,2026-05-26,1,1,24.0,19.0,8.141995,1,6,0
2026_TX_House-9_DEM,TX,House,9,DEM,Terry Virts,2026-05-26,1,1,5.0,-19.0,-33.38298,0,6,0
2026_TX_House-9_DEM,TX,House,9,DEM,Earnest Clayton,2026-05-26,1,1,5.0,-19.0,-33.648685,0,6,0
2026_TX_House-9_DEM,TX,House,9,DEM,Todd Ivey,2026-05-26,1,1,2.0,-22.0,-34.224014,0,6,0
2026_TX_House-9_DEM,TX,House,9,DEM,Marty Rocha,2026-05-26,1,1,2.0,-22.0,-34.224014,0,6,0
2026_TX_House-9_DEM,TX,House,9,DEM,Peter Filler,2026-05-26,1,1,1.0,-23.0,-37.003067,0,6,0
2026_TX_House-9_REP,TX,House,9,REP,Alex Mealer,2026-05-26,3,3,26.333333333333332,-3.0,11.0089035,1,5,0
2026_TX_House-9_REP,TX,House,9,REP,Briscoe Cain,2026-05-26,3,3,29.333333333333332,3.0,9.991129,0,5,0
2026_TX_House-9_REP,TX,House,9,REP,Dan Mims,2026-05-26,3,3,6.333333333333333,-23.0,-33.152878,0,5,0
2026_TX_House-9_REP,TX,House,9,REP,Steve Stockman,2026-05-26,2,3,5.0,-24.333333333333332,-39.34662,0,5,0
2026_TX_House-9_REP,TX,House,9,REP,Dwayne Stovall,2026-05-26,3,3,3.3333333333333335,-26.0,-39.553825,0,5,0
2026_TX_Senate_DEM,TX,Senate,,DEM,Jasmine Crockett,2026-05-26,20,24,43.005,3.8231818181818227,42.682514,1,3,0
2026_TX_Senate_DEM,TX,Senate,,DEM,James Talarico,2026-05-26,22,24,39.18181818181818,-3.8231818181818227,27.692438,0,3,0
2026_TX_Senate_DEM,TX,Senate,,DEM,Ahmad Hassan,2026-05-26,8,24,1.0,-42.005,-54.72364,0,3,0
2026_TX_Senate_REP,TX,Senate,,REP,Ken Paxton,2026-05-26,54,55,39.525925925925925,5.844107744107738,28.6852,1,8,0
2026_TX_Senate_REP,TX,Senate,,REP,John Cornyn,2026-05-26,55,55,33.68181818181819,-5.844107744107738,12.983713,0,8,0
2026_TX_Senate_REP,TX,Senate,,REP,Wesley Hunt,2026-05-26,45,55,24.082222222222224,-15.4437037037037,-17.188658,0,8,0
2026_TX_Senate_REP,TX,Senate,,REP,Gulrez Khan,2026-05-26,6,55,0.3666666666666667,-39.15925925925926,-48.101604,0,8,0
2026_TX_Senate_REP,TX,Senate,,REP,Virgil Bierschwale,2026-05-26,6,55,0.3833333333333333,-39.14259259259259,-49.788166,0,8,0
2026_TX_Senate_REP,TX,Senate,,REP,Anna Bender,2026-05-26,5,55,0.72,-38.805925925925926,-50.779163,0,8,0
2026_TX_Senate_REP,TX,Senate,,REP,Sara Canady,2026-05-26,6,55,0.5333333333333333,-38.992592592592594,-51.7167,0,8,0
2026_TX_Senate_REP,TX,Senate,,REP,John Adefope,2026-05-26,5,55,0.38,-39.14592592592592,-52.570877,0,8,0
2026_UT_House-1_DEM,UT,House,1,DEM,Ben McAdams,2026-06-23,2,2,36.5,11.5,21.510323,1,4,0
2026_UT_House-1_DEM,UT,House,1,DEM,Nate Blouin,2026-06-23,2,2,25.0,-11.5,-9.753191,0,4,0
2026_UT_House-1_DEM,UT,House,1,DEM,Liban Mohamed,2026-06-23,2,2,7.5,-29.0,-38.271473,0,4,0
2026_UT_House-1_DEM,UT,House,1,DEM,Michael Farrell,2026-06-23,2,2,3.5,-33.0,-45.4604,0,4,0
2026_UT_House-2_REP,UT,House,2,REP,Blake Moore,2026-06-23,2,2,62.0,40.5,47.7805,1,2,0
2026_UT_House-2_REP,UT,House,2,REP,Karianne Lisonbee,2026-06-23,2,2,21.5,-40.5,-37.51416,0,2,0
2026_VA_House-6_DEM,VA,House,6,DEM,Tom Perriello,2026-08-04,1,1,34.4,18.9,22.909124,1,3,0
2026_VA_House-6_DEM,VA,House,6,DEM,Sam Rasoul,2026-08-04,1,1,15.5,-18.9,-30.44017,0,3,0
2026_VA_House-6_DEM,VA,House,6,DEM,Beth Macy,2026-08-04,1,1,12.6,-21.799999999999997,-34.969166,0,3,0
2026_VA_House-7_DEM,VA,House,7,DEM,Elizabeth Guzman,2026-08-04,1,1,14.0,9.0,-0.8315162,1,6,0
2026_VA_House-7_DEM,VA,House,7,DEM,Dan Helmer,2026-08-04,1,1,4.0,-10.0,-17.88936,0,6,0
2026_VA_House-7_DEM,VA,House,7,DEM,Alfonso Lopez,2026-08-04,1,1,4.0,-10.0,-17.88936,0,6,0
2026_VA_House-7_DEM,VA,House,7,DEM,Adele McClure,2026-08-04,1,1,4.0,-10.0,-17.88936,0,6,0
2026_VA_House-7_DEM,VA,House,7,DEM,Saddam Salim,2026-08-04,1,1,5.0,-9.0,-17.88936,0,6,0
2026_VA_House-7_DEM,VA,House,7,DEM,J.P. Cooney,2026-08-04,1,1,5.0,-9.0,-18.395947,0,6,0
2026_VA_Senate_REP,VA,Senate,,REP,Kim Farington,2026-08-04,2,2,22.5,2.5,6.288787,1,3,0
2026_VA_Senate_REP,VA,Senate,,REP,Bert Mizusawa,2026-08-04,2,2,20.0,-2.5,-10.862102,0,3,0
2026_VA_Senate_REP,VA,Senate,,REP,David Williams,2026-08-04,2,2,12.5,-10.0,-20.115261,0,3,0
2026_VT_Governor_DEM,VT,Governor,,DEM,Amanda Janoo,2026-08-11,2,2,23.0,7.5,8.841598,1,2,0
2026_VT_Governor_DEM,VT,Governor,,DEM,Aly Richards,2026-08-11,2,2,15.5,-7.5,-12.715052,0,2,0
2026_VT_House-1_REP,VT,House,1,REP,Gerald Malloy,2026-08-11,2,2,53.0,40.5,48.98175,1,2,0
2026_VT_House-1_REP,VT,House,1,REP,Mark Coester,2026-08-11,2,2,12.5,-40.5,-52.349686,0,2,0
2026_WI_Governor_DEM,WI,Governor,,DEM,Francesca Hong,2026-08-11,18,20,25.944444444444443,15.888194444444443,24.79326,1,4,0
2026_WI_Governor_DEM,WI,Governor,,DEM,David Crowley,2026-08-11,16,20,10.05625,-15.888194444444443,-24.706179,0,4,0
2026_WI_Governor_DEM,WI,Governor,,DEM,Kelda Roys,2026-08-11,14,20,3.2642857142857147,-22.680158730158727,-39.21133,0,4,0
2026_WI_Governor_DEM,WI,Governor,,DEM,Joel Brennan,2026-08-11,13,20,2.8461538461538463,-23.098290598290596,-41.461155,0,4,0
2026_WI_Governor_REP,WI,Governor,,REP,Tom Tiffany,2026-08-11,10,10,41.95,38.80714285714286,51.249767,1,2,0
2026_WI_Governor_REP,WI,Governor,,REP,Andy Manske,2026-08-11,7,10,3.142857142857143,-38.80714285714286,-52.382153,0,2,0
2026_WI_House-3_DEM,WI,House,3,DEM,Rebecca Cooke,2026-08-11,1,1,65.0,43.0,63.088913,1,3,0
2026_WI_House-3_DEM,WI,House,3,DEM,Emily Berge,2026-08-11,1,1,22.0,-43.0,-38.273613,0,3,0
2026_WI_House-3_DEM,WI,House,3,DEM,Rodney Rave,2026-08-11,1,1,1.0,-64.0,-61.493843,0,3,0
2026_WI_House-7_REP,WI,House,7,REP,Michael Alfonso,2026-08-11,2,2,33.15,17.549999999999997,12.799751,1,2,0
2026_WI_House-7_REP,WI,House,7,REP,Kevin Hermening,2026-08-11,2,2,15.6,-17.549999999999997,-30.586084,0,2,0
2026_WY_Governor_REP,WY,Governor,,REP,Eric Barlow,2026-08-18,1,1,42.0,23.0,33.025543,1,3,0
2026_WY_Governor_REP,WY,Governor,,REP,Megan Degenfelder,2026-08-18,1,1,19.0,-23.0,-31.503897,0,3,0
2026_WY_Governor_REP,WY,Governor,,REP,Brent Bien,2026-08-18,1,1,14.0,-28.0,-39.536335,0,3,0
2026_WY_House-1_DEM,WY,House,1,DEM,Frank Church,2026-08-18,1,1,1.0,0.0,-3.2703085,1,1,1
2026_WY_House-1_REP,WY,House,1,REP,Chuck Gray,2026-08-18,2,2,21.0,2.0,0.65005165,1,8,0
2026_WY_House-1_REP,WY,House,1,REP,Reid Rasner,2026-08-18,2,2,19.0,-2.0,-10.846752,0,8,0
2026_WY_House-1_REP,WY,House,1,REP,Jillian Balow,2026-08-18,2,2,7.0,-14.0,-22.379814,0,8,0
2026_WY_House-1_REP,WY,House,1,REP,Steve Friess,2026-08-18,1,2,10.0,-11.0,-25.231035,0,8,0
2026_WY_House-1_REP,WY,House,1,REP,Bo Biteman,2026-08-18,2,2,6.0,-15.0,-25.94965,0,8,0
2026_WY_House-1_REP,WY,House,1,REP,Kevin Christensen,2026-08-18,2,2,4.0,-17.0,-27.821575,0,8,0
2026_WY_House-1_REP,WY,House,1,REP,David Giralt,2026-08-18,2,2,1.0,-20.0,-32.143295,0,8,0
2026_WY_House-1_REP,WY,House,1,REP,Frank Chapman,2026-08-18,1,2,1.0,-20.0,-34.7712,0,8,0
