race_id,state,office,district,candidate,party,display_party,n_polls,poll_avg,poll_lead,avg_margin_over_time,prior_margin_cand,is_incumbent,pred_margin,pred_margin_R3,pred_margin_D3
2026_AK_Governor,AK,Governor,,Jonathan Kreiss-Tomkins,DEM,DEM,3,53.53333333333333,7.066666666666663,7.888888888888886,-26.07790651824441,0,4.917459,2.0508013,9.038738
2026_AK_Governor,AK,Governor,,Bernadette Wilson,REP,REP,3,46.46666666666667,-7.066666666666663,-7.888888888888886,26.07790651824441,1,-4.393919,-0.9187656,-7.906242
2026_AK_House-1,AK,House,1,Nick Begich,REP,REP,7,49.15714285714286,13.657142857142858,20.70863945578231,2.072578173132662,1,12.695,14.871251,11.01179
2026_AK_House-1,AK,House,1,Bill Hill,OTH,OTH,7,35.5,-13.657142857142858,-20.70863945578231,,0,-11.569439,-14.050752,-9.539533
2026_AK_Senate,AK,Senate,,Mary Peltola,DEM,DEM,22,48.29545454545455,2.1136363636363598,1.2552737178270825,-32.65254137407947,0,1.1671033,-1.2124364,4.8426557
2026_AK_Senate,AK,Senate,,Dan Sullivan,REP,REP,22,46.18181818181819,-2.1136363636363598,-1.2552737178270825,32.65254137407947,1,0.07461529,3.0319335,-3.7959435
2026_AL_Governor,AL,Governor,,Tommy Tuberville,REP,REP,4,51.15,14.625,16.180555555555554,37.72892064696602,1,15.434469,19.331213,12.60881
2026_AL_Governor,AL,Governor,,Doug Jones,DEM,DEM,4,36.525,-14.625,-16.180555555555554,-37.72892064696602,0,-17.002514,-18.194347,-12.814226
2026_AL_House-2,AL,House,2,Rhett Marques,REP,REP,3,46.0,0.3333333333333357,0.6111111111111119,14.0,0,2.662148,6.1060915,-1.0183237
2026_AL_House-2,AL,House,2,Shomari Figures,DEM,DEM,3,45.666666666666664,-0.3333333333333357,-0.6111111111111119,-14.0,1,-1.1901648,-4.264628,2.0560248
2026_AL_Senate,AL,Senate,,Barry Moore,REP,REP,2,50.5,18.0,16.5,35.737124868657176,1,24.190245,26.420603,22.982088
2026_AL_Senate,AL,Senate,,Everett Wess,DEM,DEM,2,32.5,-18.0,-16.5,-35.737124868657176,0,-24.64469,-28.891989,-23.189924
2026_AR_Governor,AR,Governor,,Sarah Huckabee Sanders,REP,REP,1,45.0,5.0,5.0,27.767665486633945,1,8.594261,10.833185,5.778181
2026_AR_Governor,AR,Governor,,Fred Love,DEM,DEM,1,40.0,-5.0,-5.0,-27.767665486633945,0,-12.112414,-14.096217,-7.4432034
2026_AR_Governor,AR,Governor,,Colt Shelby,OTH,OTH,1,7.0,-38.0,-38.0,,0,-48.19515,-49.750004,-48.06216
2026_AR_House-2,AR,House,2,French Hill,REP,REP,3,43.0,-4.666666666666664,-5.222222222222221,17.869572882861114,1,-0.041572943,2.2725785,-3.3320413
2026_AR_House-2,AR,House,2,Chris Jones,DEM,DEM,3,47.666666666666664,4.666666666666664,5.222222222222221,-17.869572882861114,0,-1.8952144,-3.5742507,1.5289234
2026_AR_Senate,AR,Senate,,Tom Cotton,REP,REP,4,49.75,9.399999999999999,12.775,34.644171901662695,1,12.421356,14.863541,8.458461
2026_AR_Senate,AR,Senate,,Hallie Shoffner,DEM,DEM,4,40.35,-9.399999999999999,-12.775,-34.644171901662695,0,-12.796038,-15.881569,-10.061646
2026_AR_Senate,AR,Senate,,Jeff Wadlin,OTH,OTH,2,3.45,-46.3,-46.36666666666667,,0,-49.20441,-51.56541,-48.932236
2026_AZ_Governor,AZ,Governor,,Katie Hobbs,DEM,DEM,23,45.013043478260876,5.86304347826087,3.730101394255747,0.6687673496816728,1,7.575383,6.128887,11.049682
2026_AZ_Governor,AZ,Governor,,Andy Biggs,REP,REP,22,39.150000000000006,-5.86304347826087,-3.730101394255747,-0.6687673496816728,0,-7.8840985,-5.696986,-10.623873
2026_AZ_House-1,AZ,House,1,Amish Shah,DEM,DEM,1,44.4,2.6000000000000014,2.6000000000000014,-3.8140040137720277,0,3.1220224,-0.70135117,4.993812
2026_AZ_House-1,AZ,House,1,Jay Feely,REP,REP,2,41.8,-2.6000000000000014,19.7,3.8140040137720277,1,0.30032277,4.6407814,-3.0503285
2026_AZ_House-2,AZ,House,2,Eli Crane,REP,REP,3,47.666666666666664,5.333333333333329,5.11111111111111,8.968311964392484,1,7.213637,10.114356,4.4200644
2026_AZ_House-2,AZ,House,2,Jonathan Nez,DEM,DEM,3,42.333333333333336,-5.333333333333329,-5.11111111111111,-8.968311964392484,0,-9.235239,-11.441811,-6.519086
2026_AZ_House-6,AZ,House,6,Juan Ciscomani,REP,REP,3,43.333333333333336,-2.0,-1.6666666666666667,2.5096238578915546,1,-0.18997367,3.5903294,-3.7963302
2026_AZ_House-6,AZ,House,6,JoAnna Mendoza,DEM,DEM,3,45.333333333333336,2.0,1.6666666666666667,-2.5096238578915546,0,-1.224038,-5.3430476,2.2606034
2026_CA_Governor,CA,Governor,,Xavier Becerra,DEM,DEM,14,54.07142857142857,18.686813186813183,19.657094572094575,18.358980588052205,1,21.856672,18.610188,24.308712
2026_CA_Governor,CA,Governor,,Steve Hilton,REP,REP,13,35.38461538461539,-18.686813186813183,-19.657094572094575,-18.358980588052205,0,-19.898514,-17.959211,-24.078062
2026_CA_House-11,CA,House,11,Scott Wiener,DEM,DEM,2,49.0,5.5,5.25,72.0,1,13.425183,13.418405,13.515361
2026_CA_House-11,CA,House,11,Connie Chan,DEM,DEM,2,43.5,-5.5,-5.25,72.0,1,-1.4975537,-1.5023965,-1.0899163
2026_CA_House-22,CA,House,22,Randy Villegas,DEM,DEM,1,48.0,5.0,5.0,2.0,0,0.73123705,-0.7394866,4.821763
2026_CA_House-22,CA,House,22,David G. Valadao,REP,REP,2,43.0,-5.0,18.5,-2.0,1,-1.4963405,0.6635146,-5.052655
2026_CA_House-3,CA,House,3,Heidi Hall,DEM,DEM,1,45.0,-2.0,-2.0,12.0,0,4.2307086,0.6151622,8.095182
2026_CA_House-3,CA,House,3,Kevin Kiley,REP,REP,1,47.0,2.0,2.0,-12.0,1,2.7004929,5.8567796,-1.6821941
2026_CA_House-34,CA,House,34,Jimmy Gomez,DEM,DEM,1,38.0,-3.0,-3.0,56.0,1,10.323036,9.725227,10.318569
2026_CA_House-34,CA,House,34,Angela Gonzales-Torres,DEM,DEM,1,41.0,3.0,3.0,56.0,1,7.7316914,7.264758,7.9202485
2026_CA_House-40,CA,House,40,Young Kim,REP,REP,3,36.333333333333336,2.3333333333333357,0.1111111111111119,12.0,1,7.6708674,8.302079,7.262111
2026_CA_House-40,CA,House,40,Ken Calvert,REP,REP,3,34.0,-2.3333333333333357,-0.1111111111111119,12.0,1,-3.682624,-2.9589505,-3.5535197
2026_CA_House-48,CA,House,48,Marni von Wilpert,DEM,DEM,2,46.5,2.5,2.25,4.0,0,3.6367295,-0.2094083,6.1057935
2026_CA_House-48,CA,House,48,Jim Desmond,REP,REP,2,44.0,-2.5,-2.25,-4.0,1,-4.174962,0.5201665,-6.9279246
2026_CA_House-6,CA,House,6,Richard Pan,DEM,DEM,2,37.85,2.1000000000000014,3.0500000000000007,10.0,1,3.6315596,0.81161046,4.9319134
2026_CA_House-6,CA,House,6,Kevin Kiley,OTH,OTH,2,35.75,-2.1000000000000014,-3.0500000000000007,,0,-4.2221603,-1.8020198,-5.1396713
2026_CA_House-7,CA,House,7,Doris Matsui,DEM,DEM,1,28.0,-4.0,-4.0,14.0,1,2.2942588,2.2855186,3.9063408
2026_CA_House-7,CA,House,7,Mai Vang,DEM,DEM,1,32.0,4.0,4.0,14.0,1,0.70805436,0.72498006,2.274448
2026_CO_House-3,CO,House,3,Jeff Hurd,REP,REP,1,46.0,1.0,1.0,4.981474168224111,1,8.21551,9.133633,4.8043847
2026_CO_House-3,CO,House,3,Dwayne Romero,DEM,DEM,1,45.0,-1.0,-1.0,-4.981474168224111,0,-7.3678017,-8.67606,-2.80438
2026_CO_House-5,CO,House,5,Jeff Crank,REP,REP,2,44.0,2.0,2.5,13.795655716199235,1,2.2930632,2.9680974,-1.7024367
2026_CO_House-5,CO,House,5,Jessica Killin,DEM,DEM,2,42.0,-2.0,-2.5,-13.795655716199235,0,-1.6635544,-3.8370771,2.1112363
2026_CO_House-8,CO,House,8,Gabe Evans,REP,REP,1,48.0,1.7000000000000028,1.7000000000000028,0.734077502278069,1,3.306878,5.6361723,-0.89747846
2026_CO_House-8,CO,House,8,Manny Rutinel,DEM,DEM,1,46.3,-1.7000000000000028,-1.7000000000000028,-0.734077502278069,0,-3.2652678,-6.6925406,1.646849
2026_CT_Governor,CT,Governor,,Ned Lamont,DEM,DEM,8,52.0,15.850000000000001,16.388673469387754,12.85147974451317,1,17.562952,13.316822,21.091465
2026_CT_Governor,CT,Governor,,Ryan Fazio,REP,REP,8,36.15,-15.850000000000001,-16.388673469387754,-12.85147974451317,0,-15.985632,-12.950223,-18.781563
2026_FL_Governor,FL,Governor,,Byron Donalds,REP,REP,25,43.416000000000004,3.568000000000005,4.191564295041791,19.403160228936898,1,4.63812,7.1376996,2.6070461
2026_FL_Governor,FL,Governor,,David Jolly,DEM,DEM,25,39.848,-3.568000000000005,-4.191564295041791,-19.403160228936898,0,-4.0817275,-6.2102923,-1.2176603
2026_FL_House-11,FL,House,11,Joe Strada,REP,REP,2,42.05,0.14999999999999858,0.07499999999999929,14.0,1,8.48397,11.035408,3.5811906
2026_FL_House-11,FL,House,11,James Pericola,DEM,DEM,2,41.9,-0.14999999999999858,-0.07499999999999929,-14.0,0,-8.53144,-11.6927395,-4.684071
2026_FL_House-13,FL,House,13,Anna Paulina Luna,REP,REP,4,45.0,3.0,3.1111111111111094,12.0,1,6.6882715,7.964147,2.2086132
2026_FL_House-13,FL,House,13,Leela Gray,DEM,DEM,4,42.0,-3.0,-3.1111111111111094,-12.0,0,-5.6585617,-7.8903203,-0.76210403
2026_FL_House-13,FL,House,13,Tony D’Arrigo,OTH,OTH,2,5.5,-39.5,-40.58333333333333,,0,-47.661858,-47.96048,-46.85541
2026_FL_House-14,FL,House,14,Kathy Castor,DEM,DEM,1,46.2,8.700000000000003,8.700000000000003,-8.0,1,9.234801,7.0823402,11.31779
2026_FL_House-14,FL,House,14,Mike Beltran,REP,REP,1,37.5,-8.700000000000003,-8.700000000000003,8.0,0,-6.4083495,-4.664769,-8.752955
2026_FL_House-16,FL,House,16,Sydney Gruters,REP,REP,2,41.0,1.5,0.25,12.0,1,7.6538043,10.801304,5.007646
2026_FL_House-16,FL,House,16,Kelly Kirschner,DEM,DEM,2,39.5,-1.5,-0.25,-12.0,0,-8.35822,-11.928151,-5.3788924
2026_FL_House-22,FL,House,22,Pia Dandiya,DEM,DEM,3,47.333333333333336,1.3333333333333357,0.6666666666666679,-8.0,1,0.9159701,-3.3096392,4.08603
2026_FL_House-22,FL,House,22,Casey Askar,REP,REP,3,46.0,-1.3333333333333357,-0.6666666666666679,8.0,0,-2.3520763,2.116755,-5.6228185
2026_FL_House-25,FL,House,25,Jared Moskowitz,DEM,DEM,1,42.9,10.199999999999996,10.199999999999996,-6.0,1,9.118092,6.84677,12.451213
2026_FL_House-25,FL,House,25,Scott Singer,REP,REP,1,32.7,-10.199999999999996,-10.199999999999996,6.0,0,-8.596562,-6.223554,-11.405437
2026_FL_House-27,FL,House,27,María Elvira Salazar,REP,REP,3,46.0,1.3333333333333357,1.9444444444444453,12.0,1,6.4788017,7.503452,1.8568742
2026_FL_House-27,FL,House,27,Eliott Rodriguez,DEM,DEM,3,44.666666666666664,-1.3333333333333357,-1.9444444444444453,-12.0,0,-5.6159644,-7.365156,-1.3554819
2026_FL_House-28,FL,House,28,Carlos Gimenez,REP,REP,1,46.0,6.0,6.0,20.0,1,15.059737,17.947336,13.448082
2026_FL_House-28,FL,House,28,Hector Mujica,DEM,DEM,1,40.0,-6.0,-6.0,-20.0,0,-12.651901,-13.364988,-10.11521
2026_FL_House-8,FL,House,8,Mike Haridopolos,REP,REP,2,47.5,9.0,9.0,16.0,1,13.8830385,15.280485,11.306439
2026_FL_House-8,FL,House,8,Jennifer Jenkins,DEM,DEM,2,38.5,-9.0,-9.0,-16.0,0,-14.215895,-16.351088,-12.961397
2026_FL_House-9,FL,House,9,Darren Soto,DEM,DEM,1,41.0,0.0,0.0,-16.0,1,3.411556,-0.42846376,6.079723
2026_FL_House-9,FL,House,9,Dan Green,REP,REP,1,41.0,0.0,0.0,16.0,0,1.7662491,5.1349955,-2.2446234
2026_FL_Senate-S,FL,Senate,S,Ashley Moody,REP,REP,24,47.65,6.149999999999999,11.742287240125993,,1,10.216978,12.856656,8.540315
2026_FL_Senate-S,FL,Senate,S,Angie Nixon,DEM,DEM,13,41.5,-6.149999999999999,-8.21515958119189,,0,-11.7650795,-14.196004,-9.553906
2026_FL_Senate-S,FL,Senate,S,Neil Gillespie,OTH,OTH,2,2.2,-45.449999999999996,-45.245066346696774,,0,-47.573227,-50.196217,-46.86065
2026_GA_Governor,GA,Governor,,Rick Jackson,REP,REP,13,45.91538461538461,-1.9153846153846175,-5.352052553927554,7.535245540050518,1,0.16626683,3.3243408,-4.644778
2026_GA_Governor,GA,Governor,,Keisha Lance Bottoms,DEM,DEM,13,47.83076923076923,1.9153846153846175,5.352052553927554,-7.535245540050518,0,-0.18410745,-3.5434575,3.874343
2026_GA_House-11,GA,House,11,John Cowan,REP,REP,1,40.0,-2.0,-2.0,33.756223564293336,1,6.098216,10.6203575,2.5012417
2026_GA_House-11,GA,House,11,Chris Harden,DEM,DEM,1,42.0,2.0,2.0,-33.756223564293336,0,-7.7773747,-12.521972,-4.6373897
2026_GA_House-7,GA,House,7,Rich McCormick,REP,REP,1,46.0,3.0,3.0,29.70369639104743,1,8.648595,10.766787,5.8653755
2026_GA_House-7,GA,House,7,Anthony Kozycki,DEM,DEM,1,43.0,-3.0,-3.0,-29.70369639104743,0,-11.175278,-13.690546,-7.2641687
2026_GA_Senate,GA,Senate,,Jon Ossoff,DEM,DEM,21,48.47142857142857,5.945112781954876,5.3444065726012315,0.9572085233353107,1,10.58707,8.362847,12.732546
2026_GA_Senate,GA,Senate,,Mike Collins,REP,REP,19,42.52631578947369,-5.945112781954876,-5.3444065726012315,-0.9572085233353107,0,-9.5204315,-7.8635697,-11.361868
2026_IA_Governor,IA,Governor,,Rob Sand,DEM,DEM,20,50.114999999999995,6.729999999999997,5.696586346291676,-18.516627055056873,0,9.2199955,6.1266365,11.382003
2026_IA_Governor,IA,Governor,,Zach Lahn,REP,REP,20,43.385,-6.729999999999997,-5.696586346291676,18.516627055056873,1,-9.146937,-6.112857,-10.953564
2026_IA_House-1,IA,House,1,Christina Bohannan,DEM,DEM,2,41.5,4.5,4.25,-0.19295881452286778,0,3.472097,0.08342428,5.2974157
2026_IA_House-1,IA,House,1,Mariannette Miller-Meeks,REP,REP,2,37.0,-4.5,-4.25,0.19295881452286778,1,-5.748196,-1.3646566,-7.3480396
2026_IA_House-1,IA,House,1,Michael Bridgford,OTH,OTH,1,11.0,-30.5,-30.5,,0,-43.605846,-42.723392,-43.93612
2026_IA_House-2,IA,House,2,Joe Mitchell,REP,REP,2,39.0,-2.0,-2.5,15.557653827525307,1,1.9936204,5.456072,-0.28352946
2026_IA_House-2,IA,House,2,Lindsay James,DEM,DEM,2,41.0,2.0,2.5,-15.557653827525307,0,-0.1369954,-3.8531365,0.8097002
2026_IA_House-3,IA,House,3,Zach Nunn,REP,REP,2,44.0,-3.5,-8.25,3.8226710744602244,1,5.262872,8.765739,2.341033
2026_IA_House-3,IA,House,3,Sarah Trone Garriott,DEM,DEM,2,47.5,3.5,8.25,-3.8226710744602244,0,-4.116773,-6.187323,-2.8665533
2026_IA_Senate,IA,Senate,,Josh Turek,DEM,DEM,31,45.880645161290325,0.4106451612903257,-0.6703259985597723,-12.178645226302457,0,0.7099367,-4.151986,3.3033507
2026_IA_Senate,IA,Senate,,Ashley Hinson,REP,REP,30,45.47,-0.4106451612903257,0.6703259985597723,12.178645226302457,1,-0.017787084,4.2536573,-2.8525999
2026_IA_Senate,IA,Senate,,Thomas Laehn,OTH,OTH,9,2.8111111111111113,-43.069534050179215,-42.193773134676626,,0,-45.52394,-46.320347,-46.103775
2026_ID_Governor,ID,Governor,,Brad Little,REP,REP,2,42.0,15.0,14.0,40.23882934468752,1,18.08069,23.251053,14.239856
2026_ID_Governor,ID,Governor,,Terri Pickens,DEM,DEM,2,27.0,-15.0,-17.5,-40.23882934468752,0,-23.685974,-26.704279,-19.518082
2026_ID_Governor,ID,Governor,,John Stegner,OTH,OTH,2,23.5,-18.5,-15.75,,0,-34.43905,-37.034424,-33.14593
2026_ID_House-1,ID,House,1,Russ Fulcher,REP,REP,2,45.5,14.5,12.25,45.55424007275192,1,24.583008,26.909405,23.395155
2026_ID_House-1,ID,House,1,Kaylee Peterson,DEM,DEM,2,31.0,-14.5,-12.25,-45.55424007275192,0,-27.65566,-28.36251,-26.493431
2026_ID_House-1,ID,House,1,Sarah Zabel,OTH,OTH,2,16.0,-29.5,-34.25,,0,-40.760036,-40.760036,-38.327236
2026_ID_House-1,ID,House,1,Brendan Gomez,OTH,OTH,1,4.0,-41.5,-41.5,,0,-50.134552,-50.16613,-49.70453
2026_ID_Senate,ID,Senate,,James Risch,REP,REP,8,45.125,16.625,17.048363095238095,31.94012421939785,1,21.545383,23.084297,19.381582
2026_ID_Senate,ID,Senate,,Todd Achilles,OTH,OTH,8,28.5,-16.625,-17.048363095238095,,0,-19.92012,-20.997856,-19.039501
2026_ID_Senate,ID,Senate,,David Roth,DEM,DEM,3,20.333333333333332,-24.791666666666668,-22.77091836734694,-31.94012421939785,0,-35.610455,-36.237885,-35.880024
2026_ID_Senate,ID,Senate,,Matt Loesby,OTH,OTH,5,2.4,-42.725,-43.33273809523809,,0,-46.347855,-46.440224,-46.34497
2026_ID_Senate,ID,Senate,,Natalie Fleming,OTH,OTH,4,6.25,-38.875,-39.191071428571426,,0,-46.54404,-46.595356,-46.541157
2026_IL_Governor,IL,Governor,,JB Pritzker,DEM,DEM,2,54.15,20.15,20.224999999999998,12.538334702516856,1,21.507685,17.68087,22.72649
2026_IL_Governor,IL,Governor,,Darren Bailey,REP,REP,2,34.0,-20.15,-20.224999999999998,-12.538334702516856,0,-23.394382,-19.06838,-24.808884
2026_IL_Governor,IL,Governor,,Collin Corbett,OTH,OTH,1,6.0,-48.15,-48.15,,0,-54.00554,-50.789635,-54.374935
2026_IL_House-4,IL,House,4,Patty Garcia,DEM,DEM,2,34.0,19.0,19.0,40.22364774511135,1,17.4571,15.300701,20.221254
2026_IL_House-4,IL,House,4,Lupe Castillo,REP,REP,2,15.0,-19.0,-19.0,-40.22364774511135,0,-28.611572,-22.92327,-30.475588
2026_IL_House-4,IL,House,4,Chris Getty,OTH,OTH,2,9.0,-25.0,-25.0,,0,-40.254677,-40.083935,-40.664223
2026_IL_House-4,IL,House,4,Ed Hershey (WCP),OTH,OTH,2,4.0,-30.0,-30.0,,0,-47.084984,-41.936752,-47.350525
2026_IL_Senate,IL,Senate,,Juliana Stratton,DEM,DEM,1,49.0,13.0,13.0,15.32317482561158,1,16.545046,12.814183,17.285105
2026_IL_Senate,IL,Senate,,Don Tracy,REP,REP,1,36.0,-13.0,-13.0,-15.32317482561158,0,-14.243196,-12.328902,-15.147433
2026_IN_House-5,IN,House,5,Victoria Spartz,REP,REP,1,48.0,2.0,2.0,18.579692876471306,1,7.6356072,10.051005,3.0018265
2026_IN_House-5,IN,House,5,J.D. Ford,DEM,DEM,1,46.0,-2.0,-2.0,-18.579692876471306,0,-6.435843,-9.680682,-2.5548725
2026_KS_Governor,KS,Governor,,Ty Masterson,REP,REP,8,48.7875,3.4250000000000043,2.549285714285716,-2.205950854213789,0,4.5747643,7.0868006,2.346175
2026_KS_Governor,KS,Governor,,Cindy Holscher,DEM,DEM,8,45.3625,-3.4250000000000043,-2.549285714285716,2.205950854213789,1,-4.85086,-7.8458557,-2.165749
2026_KS_Senate,KS,Senate,,Roger Marshall,REP,REP,13,46.03846153846154,0.22307692307693117,3.049339077589078,22.962398353758765,1,0.7724554,4.581213,-3.4526172
2026_KS_Senate,KS,Senate,,Adam Hamilton,DEM,DEM,13,45.81538461538461,-0.22307692307693117,-3.049339077589078,-22.962398353758765,0,-1.9088249,-6.167468,1.9599977
2026_KS_Senate,KS,Senate,,David Graham,OTH,OTH,9,4.066666666666666,-41.97179487179487,-43.051457708957706,,0,-44.95731,-45.11189,-44.998524
2026_KY_House-6,KY,House,6,Ralph Alvarado,REP,REP,5,41.4,-0.6000000000000014,0.4799999999999997,26.074331183820235,1,2.6329226,4.7541265,-2.0910378
2026_KY_House-6,KY,House,6,Zach Dembo,DEM,DEM,5,42.0,0.6000000000000014,-0.4799999999999997,-26.074331183820235,0,-1.1166468,-3.4909968,2.7209215
2026_KY_Senate,KY,Senate,,Andy Barr,REP,REP,2,49.0,11.0,12.0,23.61672181509376,1,18.190886,19.569344,15.2772045
2026_KY_Senate,KY,Senate,,Charles Booker,DEM,DEM,2,38.0,-11.0,-12.0,-23.61672181509376,0,-16.178293,-18.596804,-12.718082
2026_LA_House-5,LA,House,5,Blake Miguez,OTH,OTH,1,23.0,3.0,3.0,,0,-12.536455,-12.536455,-12.536455
2026_LA_House-5,LA,House,5,Michael Echols,OTH,OTH,1,20.0,-3.0,-3.0,,0,-14.337688,-14.337688,-14.337688
2026_LA_House-5,LA,House,5,Rick Edmonds,OTH,OTH,1,10.0,-13.0,-13.0,,0,-34.702877,-34.702877,-34.702877
2026_LA_House-5,LA,House,5,Misti Cordell,OTH,OTH,1,3.0,-20.0,-20.0,,0,-40.849297,-40.849297,-40.849297
2026_LA_House-6,LA,House,6,Blake Miguez,REP,REP,1,9.0,-10.0,-10.0,32.0,0,-8.833995,-7.170158,-12.533948
2026_LA_House-6,LA,House,6,Rick Edmonds,REP,REP,1,16.0,-3.0,-3.0,32.0,0,-9.682826,-6.2538724,-12.506198
2026_LA_House-6,LA,House,6,Chauna Banks,DEM,DEM,1,19.0,3.0,3.0,-32.0,1,-10.829333,-12.667107,-10.34014
2026_LA_House-6,LA,House,6,Larry Davis,REP,REP,1,6.0,-13.0,-13.0,32.0,0,-24.12499,-20.812037,-26.37625
2026_LA_House-6,LA,House,6,Pat Forbes,DEM,DEM,1,8.0,-11.0,-11.0,-32.0,1,-25.365185,-25.207573,-26.218294
2026_LA_Senate,LA,Senate,,Julia Letlow,REP,REP,2,44.5,4.0,4.0,43.70992344338497,1,14.033321,17.208813,12.78129
2026_LA_Senate,LA,Senate,,Jamie Davis,DEM,DEM,2,40.5,-4.0,-4.0,-43.70992344338497,0,-13.464803,-16.27259,-11.850108
2026_MA_Governor,MA,Governor,,Maura Healey,DEM,DEM,10,53.92,22.720000000000002,24.41266666666667,29.073053508232746,1,24.43071,21.859241,27.540174
2026_MA_Governor,MA,Governor,,Mike Minogue,REP,REP,10,31.2,-22.720000000000002,-24.41266666666667,-29.073053508232746,0,-25.506283,-23.616714,-27.016619
2026_MA_Governor,MA,Governor,,Andrea James,OTH,OTH,1,4.0,-49.92,-49.92,,0,-54.321278,-53.795925,-54.835373
2026_MA_Senate,MA,Senate,,Ed Markey,DEM,DEM,11,52.36363636363637,22.563636363636366,22.3092266824085,19.811804149519574,1,24.233438,22.395609,29.058653
2026_MA_Senate,MA,Senate,,John Deaton,REP,REP,11,29.8,-22.563636363636366,-22.3092266824085,-19.811804149519574,0,-24.38324,-22.123022,-25.300161
2026_MA_Senate,MA,Senate,,Joe Tache,OTH,OTH,3,6.0,-46.36363636363637,-45.224915824915826,,0,-50.480442,-49.574883,-53.169945
2026_MA_Senate,MA,Senate,,Shiva Ayyadurai,OTH,OTH,1,3.0,-49.36363636363637,-49.36363636363637,,0,-53.9116,-53.542202,-54.84875
2026_MD_Governor,MD,Governor,,Wes Moore,DEM,DEM,4,51.975,24.475,36.05625,32.41255461362651,1,29.03318,25.269846,32.376072
2026_MD_Governor,MD,Governor,,Dan Cox,REP,REP,2,27.5,-24.475,-22.887500000000003,-32.41255461362651,0,-30.195705,-28.933317,-31.709044
2026_MD_Governor,MD,Governor,,Andy Ellis,OTH,OTH,1,3.0,-48.975,-48.975,,0,-52.363014,-51.79885,-54.42067
2026_MD_Governor,MD,Governor,,Cathy White,OTH,OTH,1,3.0,-48.975,-48.975,,0,-52.363014,-51.79885,-54.42067
2026_MD_House-1,MD,House,1,Andy Harris,REP,REP,1,52.0,13.0,13.0,22.034098582039164,1,14.60945,15.23051,11.159242
2026_MD_House-1,MD,House,1,Dan Schwartz,DEM,DEM,1,39.0,-13.0,-13.0,-22.034098582039164,0,-15.985169,-17.595238,-13.792711
2026_ME_House-1,ME,House,1,Chellie Pingree,DEM,DEM,1,57.0,22.0,22.0,22.313115409019346,1,23.264118,22.479551,27.58117
2026_ME_House-1,ME,House,1,Ronald Russell,REP,REP,1,35.0,-22.0,-22.0,-22.313115409019346,0,-19.7807,-19.302336,-24.23241
2026_ME_House-2,ME,House,2,Joe Baldacci,DEM,DEM,4,44.75,-1.0,-1.75,0.18751259123803976,1,3.0342393,0.93879354,6.2454906
2026_ME_House-2,ME,House,2,Paul LePage,REP,REP,4,45.75,1.0,1.75,-0.18751259123803976,0,-0.5238641,1.8559171,-4.470735
2026_ME_Senate,ME,Senate,,Troy Jackson,DEM,DEM,21,48.2952380952381,1.9000000000000057,2.2109667860013893,-23.81229120521649,0,4.3633757,-0.598709,6.727167
2026_ME_Senate,ME,Senate,,Susan Collins,REP,REP,21,46.39523809523809,-1.9000000000000057,-2.2109667860013893,23.81229120521649,1,-0.05138333,5.254056,-3.6903968
2026_MI_Governor,MI,Governor,,Jocelyn Benson,DEM,DEM,43,44.009302325581395,6.118393234672304,5.086910606546309,10.530545686974278,1,8.7444105,5.7829704,11.390314
2026_MI_Governor,MI,Governor,,John James,REP,REP,44,37.89090909090909,-6.118393234672304,-5.086910606546309,-10.530545686974278,0,-8.759441,-5.092913,-11.084726
2026_MI_Governor,MI,Governor,,Douglas Campbell,OTH,OTH,4,1.3,-42.7093023255814,-41.95291450989951,,0,-46.18401,-45.33753,-47.25255
2026_MI_Governor,MI,Governor,,Donna Brandenburg,OTH,OTH,4,0.775,-43.234302325581396,-42.44291450989951,,0,-46.218872,-45.37239,-47.28741
2026_MI_Governor,MI,Governor,,Anthony Hudson,OTH,OTH,4,2.05,-41.9593023255814,-41.01291450989951,,0,-46.54872,-45.70224,-47.61726
2026_MI_House-10,MI,House,10,Mike Bouchard,REP,REP,2,43.5,-1.0,-1.5,6.1307168334897,1,1.7694254,4.781427,-0.6942935
2026_MI_House-10,MI,House,10,Christina Hines,DEM,DEM,2,44.5,1.0,1.5,-6.1307168334897,0,-2.9674513,-5.928416,-0.18207741
2026_MI_House-4,MI,House,4,Sean McCann,DEM,DEM,4,44.75,-1.0,-2.166666666666666,-11.70643727234939,0,1.1516873,-2.847989,3.2353299
2026_MI_House-4,MI,House,4,Bill Huizenga,REP,REP,4,45.75,1.0,2.166666666666666,11.70643727234939,1,-0.6596618,3.0560699,-2.7321467
2026_MI_House-7,MI,House,7,Tom Barrett,REP,REP,2,46.5,-2.0,-2.0,3.7175768220850145,1,2.8235662,6.828139,-1.0501325
2026_MI_House-7,MI,House,7,William Lawrence,DEM,DEM,2,48.5,2.0,2.0,-3.7175768220850145,0,-1.921154,-6.7294407,0.7867646
2026_MI_Senate,MI,Senate,,Abdul El-Sayed,DEM,DEM,48,45.697916666666664,1.328528911564625,-1.4919188735132694,0.3407811142068624,1,2.9178944,-1.1752481,6.0790696
2026_MI_Senate,MI,Senate,,Mike Rogers,REP,REP,49,44.36938775510204,-1.328528911564625,1.4919188735132694,-0.3407811142068624,0,-3.7447214,0.6017787,-6.7846136
2026_MI_Senate,MI,Senate,,Lydia Christensen,OTH,OTH,10,1.29,-44.407916666666665,-43.999674553156545,,0,-44.701286,-45.02835,-45.540794
2026_MI_Senate,MI,Senate,,Timothy Long,OTH,OTH,10,0.58,-45.117916666666666,-44.42973804522004,,0,-45.012806,-45.093853,-45.443184
2026_MI_Senate,MI,Senate,,Douglas Marsh,OTH,OTH,10,0.35,-45.34791666666666,-44.68276185474386,,0,-45.10435,-45.1854,-45.53473
2026_MI_Senate,MI,Senate,,Walter Kristy,OTH,OTH,7,0.48571428571428577,-45.21220238095238,-44.71992587590787,,0,-45.13476,-45.158657,-45.56514
2026_MN_Governor,MN,Governor,,Amy Klobuchar,DEM,DEM,8,49.349999999999994,10.421428571428564,12.77887755102041,7.663639177093209,1,8.8913,5.7765145,12.540523
2026_MN_Governor,MN,Governor,,Lisa Demuth,REP,REP,7,38.92857142857143,-10.421428571428564,-12.77887755102041,-7.663639177093209,0,-10.379995,-6.792001,-13.7598295
2026_MN_Governor,MN,Governor,,Steven Young,OTH,OTH,3,2.3666666666666667,-46.98333333333333,-47.90142857142858,,0,-46.986206,-45.782764,-50.223988
2026_MN_House-1,MN,House,1,Brad Finstad,REP,REP,3,47.333333333333336,4.0,4.5,17.09582336911184,1,1.0347633,3.6012504,0.15923277
2026_MN_House-1,MN,House,1,Jake Johnson,DEM,DEM,3,43.333333333333336,-4.0,-4.5,-17.09582336911184,0,-1.3984492,-4.886012,0.082871914
2026_MN_House-2,MN,House,2,Matt Little,DEM,DEM,2,48.5,8.5,6.75,13.45014245696936,1,13.710486,11.345661,16.046507
2026_MN_House-2,MN,House,2,Eric Pratt,REP,REP,2,40.0,-8.5,-6.75,-13.45014245696936,0,-8.633296,-6.5370517,-11.3665905
2026_MN_Senate,MN,Senate,,Peggy Flanagan,DEM,DEM,12,46.48333333333333,3.2560606060606005,3.909574013949016,15.7001658345674,1,5.412935,1.459449,6.9227066
2026_MN_Senate,MN,Senate,,Michele Tafoya,REP,REP,11,43.22727272727273,-3.2560606060606005,-3.909574013949016,-15.7001658345674,0,-6.2030163,-1.8573414,-8.511332
2026_MN_Senate,MN,Senate,,Rebecca Whiting,OTH,OTH,6,2.1999999999999997,-44.283333333333324,-45.8374972943723,,0,-44.95314,-44.781612,-45.501896
2026_MN_Senate,MN,Senate,,Marisa Simonetti,OTH,OTH,6,2.4,-44.08333333333333,-45.391663961038965,,0,-45.12617,-44.954643,-45.54636
2026_MO_House-2,MO,House,2,Ann Wagner,REP,REP,3,44.333333333333336,2.8333333333333357,17.61111111111111,12.0,1,7.6938148,7.6257977,2.3273053
2026_MO_House-2,MO,House,2,Fred Wellman,DEM,DEM,2,41.5,-2.8333333333333357,-3.416666666666668,-12.0,0,-9.057442,-10.041602,-4.2462068
2026_MS_Senate,MS,Senate,,Cindy Hyde-Smith,REP,REP,3,42.333333333333336,3.0,1.5,25.624382405477704,1,10.305503,13.231593,6.223512
2026_MS_Senate,MS,Senate,,Scott Colom,DEM,DEM,3,39.333333333333336,-3.0,-1.5,-25.624382405477704,0,-8.220453,-11.002092,-4.4613156
2026_MS_Senate,MS,Senate,,Ty Pinkins,OTH,OTH,2,6.5,-35.833333333333336,-34.91666666666667,,0,-49.603443,-50.1078,-48.972565
2026_MT_House-1,MT,House,1,Aaron Flint,REP,REP,7,44.699999999999996,0.3571428571428541,1.8428571428571427,7.678749852606238,1,-0.16357751,4.1671515,-2.9229367
2026_MT_House-1,MT,House,1,Sam Forstag,DEM,DEM,7,44.34285714285714,-0.3571428571428541,-1.8428571428571427,-7.678749852606238,0,-1.2346643,-5.3009205,1.322658
2026_MT_House-1,MT,House,1,Nick Sheedy,OTH,OTH,5,4.4799999999999995,-40.22,-40.06733333333334,,0,-45.84193,-45.93839,-45.804985
2026_MT_House-2,MT,House,2,Troy Downing,REP,REP,2,48.0,22.0,22.0,31.9798943911158,1,21.386497,25.523733,20.401735
2026_MT_House-2,MT,House,2,Brian Miller,DEM,DEM,2,26.0,-22.0,-22.0,-31.9798943911158,0,-23.98653,-26.0319,-22.813683
2026_MT_House-2,MT,House,2,Michael Eisenhauer,OTH,OTH,2,9.0,-39.0,-39.0,,0,-48.533222,-48.62885,-47.372295
2026_MT_House-2,MT,House,2,Patrick McCracken,OTH,OTH,1,5.0,-43.0,-43.0,,0,-49.95496,-50.050587,-49.68942
2026_MT_Senate,MT,Senate,,Kurt Alme,REP,REP,15,44.879999999999995,13.393333333333324,11.253216505716507,7.143045341220102,1,12.21365,13.045558,10.88781
2026_MT_Senate,MT,Senate,,Seth Bodnar,OTH,OTH,15,31.48666666666667,-13.393333333333324,-11.253216505716507,,0,-17.837852,-18.06066,-16.76235
2026_MT_Senate,MT,Senate,,Alani Bankhead,DEM,DEM,13,26.099999999999998,-18.779999999999998,-17.02662075298439,-7.143045341220102,0,-27.967522,-28.079449,-23.706406
2026_MT_Senate,MT,Senate,,Kyle Austin,OTH,OTH,10,4.17,-40.709999999999994,-41.09835956972321,,0,-46.782818,-46.87126,-46.5503
2026_NC_House-1,NC,House,1,Don Davis,DEM,DEM,5,45.0,4.399999999999999,2.9466666666666654,-10.0,1,8.5435295,6.634392,10.95143
2026_NC_House-1,NC,House,1,Laurie Buckhout,REP,REP,5,40.6,-4.399999999999999,-2.9466666666666654,10.0,0,-6.2569113,-3.3144987,-8.225508
2026_NC_House-10,NC,House,10,Pat Harrigan,REP,REP,1,52.0,15.0,15.0,18.0,1,20.315851,21.95114,17.808474
2026_NC_House-10,NC,House,10,Ashley Bell,DEM,DEM,1,37.0,-15.0,-15.0,-18.0,0,-22.128553,-22.223093,-19.841162
2026_NC_House-11,NC,House,11,Jamie Ager,DEM,DEM,1,47.0,3.0,3.0,-10.0,0,4.689031,1.243263,6.8720984
2026_NC_House-11,NC,House,11,Jennifer Balkcom,REP,REP,1,44.0,-3.0,-3.0,10.0,1,-1.6922472,1.9164413,-4.6269574
2026_NC_House-14,NC,House,14,Tim Moore,REP,REP,1,48.0,8.0,8.0,16.0,1,16.596,18.251663,14.850244
2026_NC_House-14,NC,House,14,LaKesha Womack,DEM,DEM,1,40.0,-8.0,-8.0,-16.0,0,-16.812237,-18.4756,-15.057747
2026_NC_House-3,NC,House,3,Greg Murphy,REP,REP,1,44.0,3.0,3.0,12.0,1,13.6196165,14.965885,10.683535
2026_NC_House-3,NC,House,3,Raymond Smith Jr.,DEM,DEM,1,41.0,-3.0,-3.0,-12.0,0,-9.04333,-11.6498165,-5.4020805
2026_NC_House-7,NC,House,7,David Rouzer,REP,REP,1,49.0,6.0,6.0,14.0,1,14.396148,16.661652,12.110367
2026_NC_House-7,NC,House,7,Kimberly Hardy,DEM,DEM,1,43.0,-6.0,-6.0,-14.0,0,-15.622188,-17.038383,-13.021447
2026_NC_House-7,NC,House,7,Maad Abu-Ghazalah,OTH,OTH,1,3.0,-46.0,-46.0,,0,-50.53615,-52.403893,-50.31306
2026_NC_House-9,NC,House,9,Richard Hudson,REP,REP,1,46.0,4.0,4.0,16.0,1,7.3820314,10.155492,6.8372765
2026_NC_House-9,NC,House,9,Richard Ojeda,DEM,DEM,1,42.0,-4.0,-4.0,-16.0,0,-9.3001585,-12.313841,-7.90069
2026_NC_Senate,NC,Senate,,Roy Cooper,DEM,DEM,47,48.889361702127665,9.160195035461001,8.326486361591146,-3.22574063494654,0,10.710436,6.7790294,12.831636
2026_NC_Senate,NC,Senate,,Michael Whatley,REP,REP,48,39.729166666666664,-9.160195035461001,-8.326486361591146,3.22574063494654,1,-10.421416,-7.624621,-12.960208
2026_NC_Senate,NC,Senate,,Shannon Bray,OTH,OTH,10,2.6399999999999997,-46.249361702127665,-45.255315527250076,,0,-46.830116,-45.572937,-49.729443
2026_NC_Senate,NC,Senate,,Michael Dublin,OTH,OTH,8,1.475,-47.414361702127664,-47.55925897024538,,0,-48.38491,-45.721863,-49.81455
2026_NE_Governor,NE,Governor,,Jim Pillen,REP,REP,10,43.8,5.5,6.679761904761904,23.242585040284396,1,5.7760086,8.557612,3.1092775
2026_NE_Governor,NE,Governor,,Lynne Walz,DEM,DEM,10,38.3,-5.5,-6.679761904761904,-23.242585040284396,0,-8.448573,-11.032412,-5.677393
2026_NE_Governor,NE,Governor,,Rick Beard,OTH,OTH,5,6.6,-37.199999999999996,-35.151091269841274,,0,-45.745716,-47.255157,-45.709187
2026_NE_Governor,NE,Governor,,Brett Lindstrom,OTH,OTH,4,7.5,-36.3,-34.6931216931217,,0,-46.427486,-47.129173,-42.88072
2026_NE_House-1,NE,House,1,Mike Flood,REP,REP,3,43.333333333333336,3.3333333333333357,5.4444444444444455,20.208167097677666,1,2.6667023,2.8352823,-0.9747378
2026_NE_House-1,NE,House,1,Chris Backemeyer,DEM,DEM,3,40.0,-3.3333333333333357,-5.4444444444444455,-20.208167097677666,0,-1.573525,-2.0352523,2.5548618
2026_NE_House-2,NE,House,2,Denise Powell,DEM,DEM,2,45.0,3.0,23.5,-1.8530233622725873,0,1.6092998,0.22571841,5.172432
2026_NE_House-2,NE,House,2,Brinker Harding,REP,REP,1,42.0,-3.0,-3.0,1.8530233622725873,1,-1.128178,0.98803246,-3.98634
2026_NE_Senate,NE,Senate,,Pete Ricketts,REP,REP,15,46.8,0.19999999999999574,0.22632108632108536,6.674687958258019,1,4.1352143,6.179609,-1.1034733
2026_NE_Senate,NE,Senate,,Dan Osborn,DEM,IND,15,46.6,-0.19999999999999574,-0.22632108632108536,-6.674687958258019,0,-3.4006953,-6.4769187,1.1433307
2026_NE_Senate,NE,Senate,,Robin Richards,OTH,OTH,1,2.0,-44.8,-44.792857142857144,,0,-46.50751,-46.796837,-46.874996
2026_NE_Senate,NE,Senate,,Mike Marvin,OTH,OTH,1,3.0,-43.8,-43.792857142857144,,0,-46.645428,-47.040173,-47.118332
2026_NE_Senate,NE,Senate,,Chuck Conboy,OTH,OTH,1,1.0,-45.8,-45.792857142857144,,0,-46.69615,-48.391346,-48.078438
2026_NH_Governor,NH,Governor,,Kelly Ayotte,REP,REP,13,48.48461538461538,8.917948717948711,10.610705081955082,9.338991092962132,1,9.414394,12.113502,6.0273223
2026_NH_Governor,NH,Governor,,Cinde Warmington,DEM,DEM,12,39.56666666666667,-8.917948717948711,-7.66622372576918,-9.338991092962132,0,-9.6448555,-11.895686,-6.6528125
2026_NH_Governor,NH,Governor,,Stephen Villee,OTH,OTH,2,2.5,-45.98461538461538,-45.30333721833722,,0,-49.284416,-51.778168,-47.509357
2026_NH_House-1,NH,House,1,Stefany Shaheen,DEM,DEM,1,46.0,4.0,4.0,8.063129603920771,1,5.271333,4.4389505,7.8343105
2026_NH_House-1,NH,House,1,Anthony DiLorenzo,REP,REP,1,42.0,-4.0,-4.0,-8.063129603920771,0,-6.697563,-5.2530284,-9.477392
2026_NH_House-2,NH,House,2,Maggie Goodlander,DEM,DEM,8,49.75,14.5,13.81517857142857,5.960137360782149,1,16.551775,14.566142,17.392027
2026_NH_House-2,NH,House,2,Lily Tang Williams,REP,REP,8,35.25,-14.5,-13.81517857142857,-5.960137360782149,0,-16.598501,-14.789099,-18.552547
2026_NH_House-2,NH,House,2,Robbie Mahrou,OTH,OTH,1,3.0,-46.75,-46.75,,0,-50.668823,-49.775757,-53.486294
2026_NH_Senate,NH,Senate,,Chris Pappas,DEM,DEM,28,46.41785714285715,4.578571428571436,4.039199973995616,9.06075123797254,1,8.359643,5.5860705,11.085435
2026_NH_Senate,NH,Senate,,John E. Sununu,REP,REP,28,41.839285714285715,-4.578571428571436,-4.039199973995616,-9.06075123797254,0,-7.620706,-4.381349,-10.107896
2026_NH_Senate,NH,Senate,,Edmond Laplante,OTH,OTH,4,1.125,-45.29285714285715,-45.0674674728987,,0,-45.42861,-44.811424,-46.78738
2026_NJ_House-2,NJ,House,2,Jeff Van Drew,REP,REP,1,46.0,0.0,46.0,16.9067865023411,1,16.142454,16.327097,16.278032
2026_NJ_House-7,NJ,House,7,Rebecca Bennett,DEM,DEM,2,47.0,4.5,4.25,-5.402435801742243,0,3.7850814,1.0339777,5.965597
2026_NJ_House-7,NJ,House,7,Thomas H. Kean Jr.,REP,REP,2,42.5,-4.5,-4.25,5.402435801742243,1,-4.31853,-1.076879,-5.551212
2026_NJ_House-7,NJ,House,7,Seamus O'Toole,OTH,OTH,1,1.0,-46.0,-46.0,,0,-48.292995,-47.913246,-51.618633
2026_NM_House-2,NM,House,2,Gabriel Vasquez,DEM,DEM,2,44.5,2.5,2.25,4.157966546309773,1,7.825396,4.688571,9.758202
2026_NM_House-2,NM,House,2,Greg Cunningham,REP,REP,2,42.0,-2.5,-2.25,-4.157966546309773,0,-7.556388,-3.561186,-9.806215
2026_NM_Senate,NM,Senate,,Ben Ray Luján,DEM,DEM,2,53.5,16.5,15.75,10.113349665840452,1,19.852444,18.998564,23.132904
2026_NM_Senate,NM,Senate,,Larry Marker,REP,REP,2,37.0,-16.5,-15.75,-10.113349665840452,0,-19.283424,-18.467209,-21.87019
2026_NV_Governor,NV,Governor,,Joe Lombardo,REP,REP,14,45.792857142857144,5.199999999999996,7.678670474824323,1.5098064806083116,1,3.0804043,3.9603195,-0.9815055
2026_NV_Governor,NV,Governor,,Aaron Ford,DEM,DEM,14,40.59285714285715,-5.199999999999996,-7.678670474824323,-1.5098064806083116,0,-2.8671842,-5.0733867,1.2722131
2026_NV_Governor,NV,Governor,,Danielle Ford,OTH,OTH,2,4.7,-41.09285714285714,-42.54258241758242,,0,-41.546074,-44.065674,-42.54373
2026_NV_House-2,NV,House,2,David Flippo,REP,REP,3,42.666666666666664,0.0,-0.5,55.03698846800673,1,2.9819076,5.612309,-1.9604026
2026_NV_House-2,NV,House,2,Teresa Benitez-Thompson,DEM,DEM,3,42.666666666666664,0.0,0.5,-55.03698846800673,0,-5.475455,-9.081141,-1.3742659
2026_NV_House-2,NV,House,2,Lynn Champan (IA),OTH,OTH,2,10.5,-32.166666666666664,-35.33333333333333,,0,-42.88351,-42.984196,-42.984196
2026_NV_House-2,NV,House,2,Lynn Chapman,OTH,OTH,2,10.5,-32.166666666666664,-35.33333333333333,,0,-43.041702,-43.142387,-43.142387
2026_NY_Governor,NY,Governor,,Kathy Hochul,DEM,DEM,39,47.146153846153844,11.118153846153845,14.813109821732708,6.390658368015345,1,12.658734,9.9419985,16.835764
2026_NY_Governor,NY,Governor,,Bruce Blakeman,REP,REP,25,36.028,-11.118153846153845,-11.681824898045111,-6.390658368015345,0,-12.144917,-9.501619,-16.024107
2026_NY_House-1,NY,House,1,Nicholas J. LaLota,REP,REP,1,41.0,3.0,3.0,10.423067544501336,1,11.204599,13.656026,8.413756
2026_NY_House-1,NY,House,1,Chris Gallant,DEM,DEM,1,38.0,-3.0,-3.0,-10.423067544501336,0,-10.595958,-13.230051,-7.69392
2026_NY_House-17,NY,House,17,Mike Lawler,REP,REP,4,47.65,-0.07500000000000284,-1.918750000000001,6.309748411100692,1,0.6532295,2.8608148,-3.8060963
2026_NY_House-17,NY,House,17,Cait Conley,DEM,DEM,4,47.725,0.07500000000000284,1.918750000000001,-6.309748411100692,0,-0.20109001,-3.3258793,3.829447
2026_NY_House-18,NY,House,18,Pat Ryan,DEM,DEM,2,52.5,15.5,14.75,14.33812677754208,1,19.61003,19.031847,21.927347
2026_NY_House-18,NY,House,18,Jackie Auringer,REP,REP,2,37.0,-15.5,-14.75,-14.33812677754208,0,-18.576971,-18.895187,-21.01354
2026_NY_House-21,NY,House,21,Anthony Constantino,REP,REP,5,46.4,3.6000000000000014,1.936666666666666,23.964261128958235,1,3.6083336,5.412965,0.31958464
2026_NY_House-21,NY,House,21,Blake Gendebien,DEM,DEM,5,42.8,-3.6000000000000014,-1.936666666666666,-23.964261128958235,0,-6.455293,-8.435152,-2.5821593
2026_NY_House-23,NY,House,23,Nick Langworthy,REP,REP,2,53.0,19.0,20.0,31.569194396076618,1,19.466305,19.151564,17.58207
2026_NY_House-23,NY,House,23,Aaron Gies,DEM,DEM,2,34.0,-19.0,-20.0,-31.569194396076618,0,-23.287682,-24.49991,-20.437239
2026_OH_Governor,OH,Governor,,Amy Acton,DEM,DEM,27,46.92962962962962,0.8962962962962848,-0.8368828362170614,-25.02940232563145,0,0.7162288,-1.761688,5.531446
2026_OH_Governor,OH,Governor,,Vivek Ramaswamy,REP,REP,27,46.03333333333334,-0.8962962962962848,0.8368828362170614,25.02940232563145,1,-0.77966416,1.5535263,-5.029171
2026_OH_Governor,OH,Governor,,Donald Kissick,OTH,OTH,5,4.220000000000001,-42.709629629629625,-42.34122876717938,,0,-45.318077,-45.45148,-45.295486
2026_OH_House-1,OH,House,1,Greg Landsman,DEM,DEM,1,47.9,3.299999999999997,3.299999999999997,-2.0,1,5.529643,3.5375001,7.5956335
2026_OH_House-1,OH,House,1,Eric Conroy,REP,REP,1,44.6,-3.299999999999997,-3.299999999999997,2.0,0,-6.0196705,-2.8655853,-8.407787
2026_OH_House-10,OH,House,10,Mike Turner,REP,REP,2,48.5,7.0,7.0,8.0,1,12.068624,13.611478,9.44147
2026_OH_House-10,OH,House,10,Kristina Knickerbocker,DEM,DEM,2,41.5,-7.0,-7.0,-8.0,0,-11.646804,-13.235205,-7.981155
2026_OH_House-10,OH,House,10,Thomas McMasters,OTH,OTH,1,4.0,-44.5,-44.5,,0,-49.271065,-50.185215,-48.79614
2026_OH_House-15,OH,House,15,Mike Carey,REP,REP,3,43.666666666666664,2.6666666666666643,4.0555555555555545,10.0,1,6.940398,9.0741005,4.77527
2026_OH_House-15,OH,House,15,Don Leonard,DEM,DEM,3,41.0,-2.6666666666666643,-4.0555555555555545,-10.0,0,-5.5112157,-8.402841,-2.580416
2026_OH_House-7,OH,House,7,Brian Poindexter,DEM,DEM,6,47.5,7.0,3.9666666666666663,-10.0,0,6.7234273,3.6662276,9.081185
2026_OH_House-7,OH,House,7,Max Miller,REP,REP,6,40.5,-7.0,-3.9666666666666663,10.0,1,-5.675235,-3.2506886,-8.363096
2026_OH_House-9,OH,House,9,Marcy Kaptur,DEM,DEM,2,45.5,-2.0,-3.0,-10.0,1,1.8688834,-1.218054,5.0127945
2026_OH_House-9,OH,House,9,Derek Merrin,REP,REP,2,47.5,2.0,3.0,10.0,0,1.353112,3.7952795,-2.461501
2026_OH_Senate-S,OH,Senate,S,Sherrod Brown,DEM,DEM,31,47.264516129032245,1.5762808349145985,-0.6948650706352874,,0,2.1952868,-0.56356597,5.9579577
2026_OH_Senate-S,OH,Senate,S,Jon Husted,REP,REP,34,45.688235294117646,-1.5762808349145985,0.6948650706352874,,1,-1.0466082,1.7266537,-5.184114
2026_OH_Senate-S,OH,Senate,S,Bill Redpath,OTH,OTH,6,2.55,-44.71451612903225,-44.21412096619549,,0,-45.37087,-45.729115,-45.69083
2026_OH_Senate-S,OH,Senate,S,Gregory Levy,OTH,OTH,5,2.04,-45.224516129032246,-45.056540096633235,,0,-45.60299,-45.957657,-46.347847
2026_OK_House-5,OK,House,5,Stephanie Bice,REP,REP,1,48.0,5.0,5.0,21.386583729651846,1,16.462713,19.083902,13.137541
2026_OK_House-5,OK,House,5,Jena Nelson,DEM,DEM,1,43.0,-5.0,-5.0,-21.386583729651846,0,-15.524865,-16.902874,-12.045267
2026_OK_Senate,OK,Senate,,Kevin Hern,REP,REP,1,49.0,24.0,24.0,32.20471838794785,1,33.175144,34.61021,30.401224
2026_OK_Senate,OK,Senate,,N'Kiyla Jasmine Thomas,DEM,DEM,1,25.0,-24.0,-24.0,-32.20471838794785,0,-32.560383,-31.785385,-30.129307
2026_OK_Senate,OK,Senate,,Curtis Stinnett,OTH,OTH,1,4.0,-45.0,-45.0,,0,-51.920532,-52.859898,-51.104557
2026_OK_Senate,OK,Senate,,Sevier White,OTH,OTH,1,3.0,-46.0,-46.0,,0,-52.644096,-55.469997,-50.888756
2026_OK_Senate,OK,Senate,,Ron Meinhardt,OTH,OTH,1,1.0,-48.0,-48.0,,0,-56.990025,-57.10226,-53.86536
2026_OR_Governor,OR,Governor,,Tina Kotek,DEM,DEM,5,44.6,-0.3999999999999986,1.436666666666666,3.41684576085715,1,1.9654737,-0.6563144,6.1687465
2026_OR_Governor,OR,Governor,,Christine Drazan,REP,REP,5,45.0,0.3999999999999986,-1.436666666666666,-3.41684576085715,0,-1.101318,1.01283,-5.86601
2026_OR_Governor,OR,Governor,,Brett Smith,OTH,OTH,2,3.5,-41.5,-41.0,,0,-47.418858,-47.444473,-47.519543
2026_PA_Governor,PA,Governor,,Josh Shapiro,DEM,DEM,25,53.912,21.512,19.80743755190342,14.771404382895163,1,22.417517,19.867695,26.510376
2026_PA_Governor,PA,Governor,,Stacy Garrity,REP,REP,25,32.4,-21.512,-19.80743755190342,-14.771404382895163,0,-22.276365,-20.595633,-25.759808
2026_PA_Governor,PA,Governor,,Ken Krawchuk,OTH,OTH,1,2.0,-51.912,-51.912,,0,-55.654,-54.11445,-56.98938
2026_PA_House-1,PA,House,1,Brian Fitzpatrick,REP,REP,5,47.2,4.0,2.616666666666667,12.806193788948534,1,8.216911,10.976829,5.4184127
2026_PA_House-1,PA,House,1,Bob Harvie,DEM,DEM,5,43.2,-4.0,-2.616666666666667,-12.806193788948534,0,-5.968074,-8.583003,-3.0564888
2026_PA_House-10,PA,House,10,Janelle Stelson,DEM,DEM,4,48.0,4.0,3.708333333333334,-1.2642826002891638,0,3.5209396,0.7838742,5.876784
2026_PA_House-10,PA,House,10,Scott Perry,REP,REP,4,44.0,-4.0,-3.708333333333334,1.2642826002891638,1,-3.61653,-0.6834973,-6.5692434
2026_PA_House-7,PA,House,7,Bob Brooks,DEM,DEM,2,46.0,4.5,4.25,-1.0071557149020407,0,3.922847,0.98088676,5.8345766
2026_PA_House-7,PA,House,7,Ryan E. Mackenzie,REP,REP,2,41.5,-4.5,-4.25,1.0071557149020407,1,-4.6122584,-1.1470878,-5.9013968
2026_PA_House-8,PA,House,8,Paige Cognetti,DEM,DEM,3,46.0,1.6666666666666643,1.7222222222222214,-1.6235840383926217,0,1.1389647,-2.9842572,4.2409253
2026_PA_House-8,PA,House,8,Rob Bresnahan Jr.,REP,REP,3,44.333333333333336,-1.6666666666666643,-1.7222222222222214,1.6235840383926217,1,0.18241689,4.0725102,-3.1892185
2026_RI_Governor,RI,Governor,,Helena Foulkes,DEM,DEM,9,40.62222222222223,20.177777777777784,19.053968253968257,19.05807028825454,1,18.504032,15.902168,19.091526
2026_RI_Governor,RI,Governor,,Aaron Guckian,REP,REP,6,17.833333333333332,-22.788888888888895,-20.770181405895695,-19.05807028825454,0,-29.65117,-27.342308,-29.746798
2026_RI_Governor,RI,Governor,,Ken Block,OTH,OTH,9,20.444444444444443,-20.177777777777784,-19.093253968253972,,0,-32.85135,-29.963398,-32.942608
2026_RI_Governor,RI,Governor,,Christopher Reynolds,OTH,OTH,3,1.3333333333333333,-39.28888888888889,-39.09573412698413,,0,-48.074,-47.81684,-48.16963
2026_RI_Governor,RI,Governor,,Jasjit Gotra,OTH,OTH,3,0.7666666666666666,-39.85555555555556,-39.26656746031746,,0,-48.56471,-48.30755,-48.660336
2026_RI_Senate,RI,Senate,,Jack Reed,DEM,DEM,4,52.0,18.75,18.145833333333332,20.048053859350993,1,23.09095,20.135473,24.538607
2026_RI_Senate,RI,Senate,,Raymond McKay,REP,REP,4,33.25,-18.75,-18.145833333333332,-20.048053859350993,0,-22.061874,-20.02434,-23.037628
2026_RI_Senate,RI,Senate,,Michael Bahry,OTH,OTH,2,4.5,-47.5,-47.58333333333333,,0,-54.522713,-51.464294,-54.77278
2026_SC_Governor,SC,Governor,,Alan Wilson,REP,REP,3,46.0,8.333333333333336,7.9444444444444455,17.367977303791946,1,9.934861,12.114138,6.835652
2026_SC_Governor,SC,Governor,,Jermaine Johnson,DEM,DEM,3,37.666666666666664,-8.333333333333336,-7.9444444444444455,-17.367977303791946,0,-9.683723,-12.665245,-7.1866693
2026_SC_House-1,SC,House,1,Jenny Costa Honeycutt,REP,REP,3,45.666666666666664,3.0,2.1666666666666665,16.613055527833012,1,5.5327406,7.5382824,2.7972617
2026_SC_House-1,SC,House,1,Nancy Lacore,DEM,DEM,3,42.666666666666664,-3.0,-2.1666666666666665,-16.613055527833012,0,-6.918583,-8.552002,-3.4741743
2026_SC_House-1,SC,House,1,Bill Reeside,OTH,OTH,2,4.5,-41.166666666666664,-42.22222222222222,,0,-47.58262,-47.91446,-47.569256
2026_SC_House-7,SC,House,7,Russell Fry,REP,REP,1,41.1,4.399999999999999,4.399999999999999,29.92042211114982,1,14.259573,15.907549,12.706024
2026_SC_House-7,SC,House,7,John Vincent,DEM,DEM,1,36.7,-4.399999999999999,-4.399999999999999,-29.92042211114982,0,-15.746832,-17.952105,-13.569186
2026_SC_Senate,SC,Senate,,Darline Graham,REP,REP,6,44.25,2.75,1.769722222222222,25.868814213818233,1,4.7994914,6.258191,0.0049399966
2026_SC_Senate,SC,Senate,,Annie Andrews,DEM,DEM,7,41.5,-2.75,4.054523809523809,-25.868814213818233,0,-2.8579211,-5.781297,2.1392188
2026_SC_Senate,SC,Senate,,Mark Hackett,OTH,OTH,1,3.0,-41.25,-41.25,,0,-47.06519,-47.51307,-47.039574
2026_SC_Senate,SC,Senate,,Kasie Whitener,OTH,OTH,2,3.5,-40.75,-38.60166666666667,,0,-47.714695,-48.067924,-47.457554
2026_SD_House-1,SD,House,1,Marty Jackley,REP,REP,1,47.0,4.0,4.0,44.0889504755035,1,17.072807,20.257034,15.686229
2026_SD_House-1,SD,House,1,Nikki Gronli,DEM,DEM,1,43.0,-4.0,-4.0,-44.0889504755035,0,-15.932616,-19.445477,-14.397503
2026_SD_Senate,SD,Senate,,Mike Rounds,REP,REP,9,46.55555555555556,9.444444444444443,12.715917107583772,43.47709901729786,1,12.930471,14.590586,11.186561
2026_SD_Senate,SD,Senate,,Brian Bengs,OTH,OTH,9,37.111111111111114,-9.444444444444443,-12.771472663139328,,0,-13.388383,-14.786148,-12.848813
2026_SD_Senate,SD,Senate,,Julian Beaudion,DEM,DEM,3,26.666666666666668,-19.88888888888889,-17.668253968253968,-43.47709901729786,0,-38.987267,-39.17164,-36.418564
2026_TN_Governor,TN,Governor,,Marsha Blackburn,REP,REP,5,50.2,18.950000000000003,27.323333333333334,31.989065925160446,1,21.520227,25.280102,17.155367
2026_TN_Governor,TN,Governor,,Jerri Green,DEM,DEM,4,31.25,-18.950000000000003,-21.40416666666667,-31.989065925160446,0,-24.4386,-26.912733,-21.092926
2026_TN_Governor,TN,Governor,,David Hatley,OTH,OTH,1,10.0,-40.2,-40.2,,0,-48.477356,-49.55065,-48.21326
2026_TN_Governor,TN,Governor,,Lauren Pinkston,OTH,OTH,1,2.0,-48.2,-48.2,,0,-50.663754,-51.280304,-49.018314
2026_TN_House-5,TN,House,5,Charlie Hatcher,REP,REP,2,47.0,6.5,7.25,20.0,1,8.674637,12.089729,6.2700543
2026_TN_House-5,TN,House,5,Chaz Molder,DEM,DEM,2,40.5,-6.5,-7.25,-20.0,0,-9.036548,-10.404558,-6.3283377
2026_TN_House-9,TN,House,9,Brent Taylor,REP,REP,1,48.0,4.0,4.0,18.0,0,8.326141,11.98742,6.724096
2026_TN_House-9,TN,House,9,Justin Pearson,DEM,DEM,1,44.0,-4.0,-4.0,-18.0,1,-5.8923388,-8.684572,-4.8727045
2026_TN_Senate,TN,Senate,,Bill Hagerty,REP,REP,1,58.0,25.0,25.0,29.634247548217722,1,32.490685,34.195587,28.751743
2026_TN_Senate,TN,Senate,,Marquita Bradshaw,DEM,DEM,1,33.0,-25.0,-25.0,-29.634247548217722,0,-33.320415,-33.054977,-29.899921
2026_TX_Governor,TX,Governor,,Greg Abbott,REP,REP,46,48.36521739130435,4.03478260869565,5.65837401039831,10.902789467682467,1,4.914732,6.2175083,0.5668349
2026_TX_Governor,TX,Governor,,Gina Hinojosa,DEM,DEM,46,44.3304347826087,-4.03478260869565,-5.65837401039831,-10.902789467682467,0,-3.5604298,-5.9180455,1.1050104
2026_TX_Governor,TX,Governor,,Pat Dixon,OTH,OTH,17,2.3117647058823527,-46.053452685421995,-45.67103565781911,,0,-46.392143,-48.578247,-45.903645
2026_TX_House-10,TX,House,10,Chris Gober,REP,REP,1,48.0,7.0,7.0,20.0,1,10.659955,13.115423,8.395025
2026_TX_House-10,TX,House,10,Caitlin Rourk,DEM,DEM,1,41.0,-7.0,-7.0,-20.0,0,-11.810042,-13.76265,-9.040882
2026_TX_House-15,TX,House,15,Bobby Pulido,DEM,DEM,5,48.2,4.600000000000001,1.0533333333333332,-14.0,0,8.131718,5.5922832,11.306208
2026_TX_House-15,TX,House,15,Monica De La Cruz,REP,REP,5,43.6,-4.600000000000001,-1.0533333333333332,14.0,1,-7.495636,-3.9400735,-9.582067
2026_TX_House-23,TX,House,23,Brandon Herrera,REP,REP,1,42.0,2.0,2.0,14.0,1,5.011013,7.3268695,0.91275865
2026_TX_House-23,TX,House,23,Katy Padilla Stout,DEM,DEM,1,40.0,-2.0,-2.0,-14.0,0,-7.0487456,-10.049848,-3.1431577
2026_TX_House-28,TX,House,28,Henry Cuellar,DEM,DEM,3,38.666666666666664,-2.0,-5.25,-6.0,1,9.7856655,4.834385,11.765859
2026_TX_House-28,TX,House,28,Tano Tijerina,REP,REP,3,40.666666666666664,2.0,5.25,6.0,0,-6.844218,-3.9251223,-9.379738
2026_TX_House-28,TX,House,28,Marlon Duran,OTH,OTH,1,6.0,-34.666666666666664,-34.666666666666664,,0,-47.137657,-47.33468,-47.941185
2026_TX_House-34,TX,House,34,Vicente Gonzalez,DEM,DEM,3,42.0,-0.3333333333333357,-1.1111111111111118,-6.0,1,2.544461,-1.1731235,5.874006
2026_TX_House-34,TX,House,34,Eric Flores,REP,REP,3,42.333333333333336,0.3333333333333357,1.1111111111111118,6.0,0,-3.1249175,0.5790022,-6.8338027
2026_TX_House-34,TX,House,34,Eddie Espinoza,OTH,OTH,1,3.0,-39.333333333333336,-39.333333333333336,,0,-48.07942,-48.105034,-48.105034
2026_TX_House-34,TX,House,34,Chris Royal,OTH,OTH,1,2.0,-40.333333333333336,-40.333333333333336,,0,-48.07942,-48.105034,-48.105034
2026_TX_House-35,TX,House,35,Carlos De La Cruz,REP,REP,1,45.0,1.0,1.0,8.0,0,2.6417532,3.7001853,-1.5622245
2026_TX_House-35,TX,House,35,Johnny Garcia,DEM,DEM,1,44.0,-1.0,-1.0,-8.0,1,-2.3748124,-3.8033679,1.5900367
2026_TX_House-9,TX,House,9,Alex Mealer,REP,REP,2,45.0,6.0,6.0,18.0,0,9.044319,12.504446,7.5734434
2026_TX_House-9,TX,House,9,Leticia Gutierrez,DEM,DEM,2,39.0,-6.0,-6.0,-18.0,1,-12.43423,-13.835223,-10.182537
2026_TX_Senate,TX,Senate,,James Talarico,DEM,DEM,52,46.88076923076923,2.2920899854862142,1.2862133468091834,-8.497205153378701,0,2.7424593,-0.036853798,6.208081
2026_TX_Senate,TX,Senate,,Ken Paxton,REP,REP,53,44.58867924528302,-2.2920899854862142,-0.3493246643252489,8.497205153378701,1,-3.7659714,-0.83832383,-7.555561
2026_TX_Senate,TX,Senate,,Ted Brown,OTH,OTH,18,2.9666666666666663,-43.91410256410256,-42.842004267908486,,0,-44.939198,-45.014267,-45.447514
2026_UT_House-1,UT,House,1,Ben McAdams,DEM,DEM,1,62.7,41.5,41.5,24.0,0,37.759453,34.874233,39.00693
2026_UT_House-1,UT,House,1,Riley Owen,REP,REP,1,21.2,-41.5,-41.5,-24.0,1,-32.314716,-30.94534,-32.693626
2026_UT_House-1,UT,House,1,Jesse West,OTH,OTH,1,4.7,-58.0,-58.0,,0,-61.340046,-61.27252,-61.75751
2026_UT_House-1,UT,House,1,Elias Montgomery,OTH,OTH,1,3.3,-59.400000000000006,-59.400000000000006,,0,-61.75751,-61.27252,-61.75751
2026_UT_House-2,UT,House,2,Blake Moore,REP,REP,3,34.333333333333336,1.0,0.3333333333333333,30.0,1,8.927033,10.949839,4.3456254
2026_UT_House-2,UT,House,2,Peter Crosby,DEM,DEM,3,33.333333333333336,-1.0,-0.3333333333333333,-30.0,0,-11.37089,-13.566301,-5.5726223
2026_UT_House-2,UT,House,2,Carlton Bowen,OTH,OTH,1,4.1,-30.233333333333334,-30.233333333333334,,0,-42.814865,-43.016113,-42.81909
2026_UT_House-2,UT,House,2,Daniel Cottam,OTH,OTH,1,4.9,-29.433333333333337,-29.433333333333337,,0,-42.814865,-43.016113,-42.81909
2026_UT_House-2,UT,House,2,Robert Moesinger,OTH,OTH,1,4.9,-29.433333333333337,-29.433333333333337,,0,-43.66209,-43.89765,-43.73716
2026_UT_House-3,UT,House,3,Celeste Maloy,REP,REP,1,44.5,18.1,18.1,42.0,1,27.60445,29.487667,26.60547
2026_UT_House-3,UT,House,3,Kent Udell,DEM,DEM,1,26.4,-18.1,-18.1,-42.0,0,-26.985989,-28.156525,-26.437885
2026_UT_House-3,UT,House,3,Michael Stoddard,OTH,OTH,1,6.5,-38.0,-38.0,,0,-48.809166,-49.98915,-48.65176
2026_UT_House-3,UT,House,3,Ayden Scott,OTH,OTH,1,2.8,-41.7,-41.7,,0,-49.40112,-49.77335,-49.243713
2026_UT_House-3,UT,House,3,Cassie Easley,OTH,OTH,1,2.6,-41.9,-41.9,,0,-49.61692,-49.98915,-49.459515
2026_UT_House-3,UT,House,3,Adonis Hooslyn,OTH,OTH,1,0.2,-44.3,-44.3,,0,-50.188393,-52.257725,-50.062565
2026_UT_House-4,UT,House,4,Mike Kennedy,REP,REP,1,41.7,8.800000000000004,8.800000000000004,34.0,1,20.273079,21.774406,17.98848
2026_UT_House-4,UT,House,4,Jonny Larsen,DEM,DEM,1,32.9,-8.800000000000004,-8.800000000000004,-34.0,0,-22.055021,-22.740917,-19.575918
2026_UT_House-4,UT,House,4,Steven Burt,OTH,OTH,1,5.7,-36.0,-36.0,,0,-46.167313,-48.97401,-43.703552
2026_UT_House-4,UT,House,4,Taylor Wright,OTH,OTH,1,5.3,-36.400000000000006,-36.400000000000006,,0,-47.917313,-48.242622,-43.715813
2026_VA_House-1,VA,House,1,Shannon Taylor,DEM,DEM,4,44.5,-0.5,-1.5,-12.781631468388362,0,2.713676,-2.1016455,5.668275
2026_VA_House-1,VA,House,1,Robert Wittman,REP,REP,4,45.0,0.5,1.5,12.781631468388362,1,-0.64102614,2.8082068,-4.521939
2026_VA_House-2,VA,House,2,Jen Kiggans,REP,REP,1,47.0,0.0,0.0,3.8419190510445205,1,2.996626,6.1458573,-0.5502807
2026_VA_House-2,VA,House,2,Elaine G. Luria,DEM,DEM,1,47.0,0.0,0.0,-3.8419190510445205,0,0.33086854,-3.3133037,3.9213772
2026_VA_House-5,VA,House,5,John McGuire,REP,REP,3,48.0,3.3333333333333357,2.7777777777777786,14.990627272914999,1,3.5293703,5.894365,1.7503936
2026_VA_House-5,VA,House,5,Tom Perriello,DEM,DEM,3,44.666666666666664,-3.3333333333333357,-2.7777777777777786,-14.990627272914999,0,-1.6974401,-4.701172,1.1815841
2026_VA_House-5,VA,House,5,Cooke Harvey,OTH,OTH,1,6.0,-42.0,-41.25,,0,-47.12846,-47.584076,-47.39598
2026_VA_House-6,VA,House,6,Ben Cline,REP,REP,1,59.0,30.0,30.0,28.6215892091045,1,28.389034,27.584543,25.883106
2026_VA_House-6,VA,House,6,Beth Macy,DEM,DEM,1,29.0,-30.0,-30.0,-28.6215892091045,0,-23.905355,-23.225456,-19.78076
2026_VA_Senate,VA,Senate,,Mark Warner,DEM,DEM,2,53.0,22.0,24.0,8.922881002294432,1,20.080112,19.873972,24.151152
2026_VA_Senate,VA,Senate,,Bert Mizusawa,REP,REP,2,31.0,-22.0,-24.0,-8.922881002294432,0,-22.49073,-20.835833,-23.386534
2026_VT_Governor,VT,Governor,,Phil Scott,REP,REP,6,43.449999999999996,7.049999999999997,10.7275,51.598909715274736,1,4.2911534,7.3424625,4.089113
2026_VT_Governor,VT,Governor,,Amanda Janoo,DEM,DEM,6,36.4,-7.049999999999997,-10.7275,-51.598909715274736,0,-4.123437,-8.282118,-2.352324
2026_VT_Governor,VT,Governor,,June Goodband,OTH,OTH,4,0.875,-42.574999999999996,-41.785,,0,-46.539185,-46.81136,-46.109673
2026_VT_Governor,VT,Governor,,Dean Roy,OTH,OTH,4,1.0,-42.449999999999996,-41.2225,,0,-46.672195,-46.94437,-46.242683
2026_VT_Governor,VT,Governor,,Brian Judd,OTH,OTH,2,1.95,-41.49999999999999,-41.24499999999999,,0,-47.484344,-47.75652,-47.00942
2026_VT_House-1,VT,House,1,Becca Balint,DEM,DEM,4,57.575,30.250000000000004,32.083333333333336,32.49908732060145,1,35.251526,32.61442,36.133408
2026_VT_House-1,VT,House,1,Gerald Malloy,REP,REP,4,27.325,-30.250000000000004,-32.083333333333336,-32.49908732060145,0,-30.262094,-26.839384,-30.63241
2026_VT_House-1,VT,House,1,Adam Ortiz,OTH,OTH,4,1.15,-56.425000000000004,-57.14166666666667,,0,-58.413097,-57.66535,-58.91424
2026_VT_House-1,VT,House,1,Suzanne Seymour,OTH,OTH,2,1.45,-56.125,-56.125,,0,-59.10941,-55.985252,-60.04367
2026_VT_House-1,VT,House,1,Ryan Walton,OTH,OTH,2,0.4,-57.175000000000004,-57.175000000000004,,0,-59.542526,-58.79478,-60.290276
2026_VT_House-1,VT,House,1,Phoenix Altair,OTH,OTH,2,0.05,-57.525000000000006,-57.525000000000006,,0,-60.00822,-58.75933,-60.254826
2026_WA_House-3,WA,House,3,John Braun,REP,REP,6,43.166666666666664,4.5,6.473333333333334,-3.8766157574824973,0,1.4240941,1.6078178,-2.3337398
2026_WA_House-3,WA,House,3,Marie Gluesenkamp Perez,DEM,DEM,6,38.666666666666664,-4.5,-6.473333333333334,3.8766157574824973,1,0.79131925,0.39461014,5.316433
2026_WA_House-4,WA,House,4,Amanda McKinney,REP,REP,1,20.0,-5.0,-5.0,52.01693260848936,1,-4.2696023,-1.7301284,-5.601995
2026_WA_House-4,WA,House,4,John Duresky,DEM,DEM,1,25.0,5.0,5.0,-52.01693260848936,0,-8.475844,-10.24125,-6.615843
2026_WA_House-4,WA,House,4,Jerrod Sessler,REP,REP,1,14.0,-11.0,-11.0,52.01693260848936,1,-16.629965,-12.971768,-23.557072
2026_WA_House-4,WA,House,4,Matt Boehnke,REP,REP,1,7.0,-18.0,-18.0,52.01693260848936,1,-20.577236,-20.630085,-23.836605
2026_WA_House-4,WA,House,4,Wesley Meier,REP,REP,1,1.0,-24.0,-24.0,52.01693260848936,1,-27.871025,-26.957333,-29.355331
2026_WA_House-4,WA,House,4,Devin Pooré (C),OTH,OTH,1,5.0,-20.0,-20.0,,0,-35.61058,-34.70838,-37.27124
2026_WA_House-5,WA,House,5,Michael Baumgartner,REP,REP,2,46.0,18.0,24.0,21.28063913654143,1,11.596015,14.77507,8.691016
2026_WA_House-5,WA,House,5,Carmela Conroy,DEM,DEM,2,28.0,-18.0,-24.0,-21.28063913654143,0,-12.13724,-14.899452,-9.788722
2026_WI_Governor,WI,Governor,,David Crowley,DEM,DEM,8,46.5,2.8499999999999943,2.5376530612244914,3.396926018919693,1,4.9304733,0.5042877,7.1968184
2026_WI_Governor,WI,Governor,,Tom Tiffany,REP,REP,8,43.650000000000006,-2.8499999999999943,-2.5376530612244914,-3.396926018919693,0,-5.549156,-1.5417218,-8.138098
2026_WI_House-1,WI,House,1,Bryan Steil,REP,REP,4,48.5,2.25,4.895833333333334,10.194082232720788,1,4.169199,7.698118,1.8885639
2026_WI_House-1,WI,House,1,Mitchell Berman,DEM,DEM,4,46.25,-2.25,-4.895833333333334,-10.194082232720788,0,-2.4023335,-6.5329795,-0.26809657
2026_WI_House-3,WI,House,3,Rebecca Cooke,DEM,DEM,4,48.25,2.75,2.145833333333332,-2.7242298169567363,0,2.3087556,0.3986287,4.6661487
2026_WI_House-3,WI,House,3,Derrick Van Orden,REP,REP,4,45.5,-2.75,-2.145833333333332,2.7242298169567363,1,-2.6489687,-0.43363386,-5.94979
2026_WI_House-6,WI,House,6,Glenn Grothman,REP,REP,2,51.35,10.0,7.0,22.57134452739644,1,11.182942,11.913289,9.725428
2026_WI_House-6,WI,House,6,Brad Smith,DEM,DEM,1,39.0,-12.350000000000001,-12.350000000000001,-22.57134452739644,0,-20.835943,-23.707825,-20.268751
2026_WI_House-6,WI,House,6,Michael Thurow,OTH,OTH,2,41.35,-10.0,-7.0,,0,-21.621681,-22.282364,-21.731543
