race_id,state,office,district,candidate,party,display_party,n_polls,n_surveys,poll_avg,poll_lead,prior_margin_cand,is_incumbent,win_prob,win_prob_norm,win_prob_R3,win_prob_D3,bias_fragile
2026_AK_Governor,AK,Governor,,Jonathan Kreiss-Tomkins,DEM,DEM,3,13,53.53333333333333,7.066666666666663,-26.07790651824441,0,0.90625685,0.88198435,0.77746844,0.93767905,0
2026_AK_Governor,AK,Governor,,Bernadette Wilson,REP,REP,3,13,46.46666666666667,-7.066666666666663,26.07790651824441,1,0.12126348,0.118015654,0.45906225,0.07763198,0
2026_AK_House-1,AK,House,1,Nick Begich,REP,REP,7,14,49.15714285714286,13.657142857142858,2.072578173132662,1,0.9654944,0.9776221,0.96585107,0.9453934,0
2026_AK_House-1,AK,House,1,Bill Hill,OTH,OTH,7,14,35.5,-13.657142857142858,,0,0.022100301,0.022377906,0.022100301,0.030166283,0
2026_AK_Senate,AK,Senate,,Mary Peltola,DEM,DEM,22,27,48.29545454545455,2.1136363636363598,-32.65254137407947,0,0.6781081,0.58691823,0.44193712,0.8016321,1
2026_AK_Senate,AK,Senate,,Dan Sullivan,REP,REP,22,27,46.18181818181819,-2.1136363636363598,32.65254137407947,1,0.4772625,0.41308174,0.788546,0.36765286,1
2026_AL_Governor,AL,Governor,,Tommy Tuberville,REP,REP,4,4,51.15,14.625,37.72892064696602,1,0.96958846,0.9689155,0.9748598,0.95589197,0
2026_AL_Governor,AL,Governor,,Doug Jones,DEM,DEM,4,4,36.525,-14.625,-37.72892064696602,0,0.031106014,0.031084426,0.02023083,0.04726414,0
2026_AL_House-2,AL,House,2,Rhett Marques,REP,REP,3,3,46.0,0.3333333333333357,14.0,0,0.62362677,0.5308302,0.78520167,0.382626,1
2026_AL_House-2,AL,House,2,Shomari Figures,DEM,DEM,3,3,45.666666666666664,-0.3333333333333357,-14.0,1,0.55118716,0.46916974,0.3808371,0.76297635,1
2026_AL_Senate,AL,Senate,,Barry Moore,REP,REP,2,2,50.5,18.0,35.737124868657176,1,0.9828211,0.9883897,0.9828211,0.9755695,0
2026_AL_Senate,AL,Senate,,Everett Wess,DEM,DEM,2,2,32.5,-18.0,-35.737124868657176,0,0.011544935,0.011610348,0.010512526,0.017478291,0
2026_AR_Governor,AR,Governor,,Sarah Huckabee Sanders,REP,REP,1,1,45.0,5.0,27.767665486633945,1,0.8324661,0.90435094,0.91552144,0.7032376,0
2026_AR_Governor,AR,Governor,,Fred Love,DEM,DEM,1,1,40.0,-5.0,-27.767665486633945,0,0.07847513,0.08525159,0.04250027,0.19481882,0
2026_AR_Governor,AR,Governor,,Colt Shelby,OTH,OTH,1,1,7.0,-38.0,,0,0.009571041,0.010397516,0.009571041,0.009571041,0
2026_AR_House-2,AR,House,2,Chris Jones,DEM,DEM,3,3,47.666666666666664,4.666666666666664,-17.869572882861114,0,0.5852579,0.56130576,0.37746793,0.7733495,1
2026_AR_House-2,AR,House,2,French Hill,REP,REP,3,3,43.0,-4.666666666666664,17.869572882861114,1,0.4574142,0.43869418,0.60809314,0.28994387,1
2026_AR_Senate,AR,Senate,,Tom Cotton,REP,REP,4,4,49.75,9.399999999999999,34.644171901662695,1,0.9552269,0.9745717,0.9552269,0.9131089,0
2026_AR_Senate,AR,Senate,,Hallie Shoffner,DEM,DEM,4,4,40.35,-9.399999999999999,-34.644171901662695,0,0.01685745,0.01719884,0.016698118,0.036062263,0
2026_AR_Senate,AR,Senate,,Jeff Wadlin,OTH,OTH,2,4,3.45,-46.3,,0,0.008066119,0.00822947,0.008066119,0.008066119,0
2026_AZ_Governor,AZ,Governor,,Katie Hobbs,DEM,DEM,23,23,45.013043478260876,5.86304347826087,0.6687673496816728,1,0.7994733,0.8212581,0.68472093,0.940128,0
2026_AZ_Governor,AZ,Governor,,Andy Biggs,REP,REP,22,23,39.150000000000006,-5.86304347826087,-0.6687673496816728,0,0.17400052,0.17874186,0.21354966,0.037928585,0
2026_AZ_House-1,AZ,House,1,Amish Shah,DEM,DEM,1,2,44.4,2.6000000000000014,-3.8140040137720277,0,0.67031986,0.667497,0.46865648,0.77532876,1
2026_AZ_House-1,AZ,House,1,Jay Feely,REP,REP,2,2,41.8,-2.6000000000000014,3.8140040137720277,1,0.33390918,0.332503,0.5815461,0.21200193,1
2026_AZ_House-2,AZ,House,2,Eli Crane,REP,REP,3,3,47.666666666666664,5.333333333333329,8.968311964392484,1,0.88533485,0.85675937,0.94949836,0.7791099,0
2026_AZ_House-2,AZ,House,2,Jonathan Nez,DEM,DEM,3,3,42.333333333333336,-5.333333333333329,-8.968311964392484,0,0.14801808,0.14324057,0.040628225,0.20062926,0
2026_AZ_House-6,AZ,House,6,Juan Ciscomani,REP,REP,3,3,43.333333333333336,-2.0,2.5096238578915546,1,0.5832557,0.5841986,0.6986907,0.40738016,1
2026_AZ_House-6,AZ,House,6,JoAnna Mendoza,DEM,DEM,3,3,45.333333333333336,2.0,-2.5096238578915546,0,0.41513032,0.4158014,0.27678847,0.64342153,1
2026_CA_Governor,CA,Governor,,Xavier Becerra,DEM,DEM,14,14,54.07142857142857,18.686813186813183,18.358980588052205,1,0.98175186,0.9852695,0.97322017,0.98175186,0
2026_CA_Governor,CA,Governor,,Steve Hilton,REP,REP,13,14,35.38461538461539,-18.686813186813183,-18.358980588052205,0,0.014677937,0.014730528,0.017249696,0.014677937,0
2026_CA_House-11,CA,House,11,Scott Wiener,DEM,DEM,2,2,49.0,5.5,72.0,1,0.865837,0.7021886,0.865837,0.865837,0
2026_CA_House-11,CA,House,11,Connie Chan,DEM,DEM,2,2,43.5,-5.5,72.0,1,0.3672178,0.29781145,0.3314617,0.39154482,0
2026_CA_House-22,CA,House,22,Randy Villegas,DEM,DEM,1,2,48.0,5.0,2.0,0,0.7228253,0.6849757,0.5012031,0.8551602,0
2026_CA_House-22,CA,House,22,David G. Valadao,REP,REP,2,2,43.0,-5.0,-2.0,1,0.3324315,0.31502426,0.4483401,0.15588284,0
2026_CA_House-3,CA,House,3,Heidi Hall,DEM,DEM,1,1,45.0,-2.0,12.0,0,0.6933533,0.54439795,0.57841027,0.7745602,1
2026_CA_House-3,CA,House,3,Kevin Kiley,REP,REP,1,1,47.0,2.0,-12.0,1,0.5802615,0.45560202,0.74762213,0.38156104,1
2026_CA_House-34,CA,House,34,Angela Gonzales-Torres,DEM,DEM,1,1,41.0,3.0,56.0,1,0.64814764,0.5108709,0.6459418,0.66544265,0
2026_CA_House-34,CA,House,34,Jimmy Gomez,DEM,DEM,1,1,38.0,-3.0,56.0,1,0.6205636,0.4891291,0.6205636,0.61672896,0
2026_CA_House-40,CA,House,40,Young Kim,REP,REP,3,3,36.333333333333336,2.3333333333333357,12.0,1,0.6564332,0.72187465,0.6564332,0.6564332,0
2026_CA_House-40,CA,House,40,Ken Calvert,REP,REP,3,3,34.0,-2.3333333333333357,12.0,1,0.2529119,0.27812532,0.2529119,0.2529119,0
2026_CA_House-48,CA,House,48,Marni von Wilpert,DEM,DEM,2,2,46.5,2.5,4.0,0,0.6866526,0.78306943,0.44973338,0.8141549,0
2026_CA_House-48,CA,House,48,Jim Desmond,REP,REP,2,2,44.0,-2.5,-4.0,1,0.19022058,0.21693054,0.33639672,0.15296493,0
2026_CA_House-6,CA,House,6,Richard Pan,DEM,DEM,2,2,37.85,2.1000000000000014,10.0,1,0.6050519,0.7003952,0.5482445,0.6719938,0
2026_CA_House-6,CA,House,6,Kevin Kiley,OTH,OTH,2,2,35.75,-2.1000000000000014,,0,0.25882018,0.29960474,0.30865973,0.22651896,0
2026_CA_House-7,CA,House,7,Doris Matsui,DEM,DEM,1,1,28.0,-4.0,14.0,1,0.6170262,0.5192601,0.5906523,0.6170262,0
2026_CA_House-7,CA,House,7,Mai Vang,DEM,DEM,1,1,32.0,4.0,14.0,1,0.5712535,0.48073995,0.5712535,0.5712535,0
2026_CO_House-3,CO,House,3,Jeff Hurd,REP,REP,1,1,46.0,1.0,4.981474168224111,1,0.6126575,0.63902736,0.80090237,0.4950737,1
2026_CO_House-3,CO,House,3,Dwayne Romero,DEM,DEM,1,1,45.0,-1.0,-4.981474168224111,0,0.34607688,0.36097264,0.2558741,0.52597874,1
2026_CO_House-5,CO,House,5,Jeff Crank,REP,REP,2,2,44.0,2.0,13.795655716199235,1,0.5829965,0.56180626,0.7346191,0.40028393,1
2026_CO_House-5,CO,House,5,Jessica Killin,DEM,DEM,2,2,42.0,-2.0,-13.795655716199235,0,0.45472163,0.4381938,0.27128044,0.59472644,1
2026_CO_House-8,CO,House,8,Gabe Evans,REP,REP,1,1,48.0,1.7000000000000028,0.734077502278069,1,0.7163678,0.5983564,0.8315328,0.49706212,1
2026_CO_House-8,CO,House,8,Manny Rutinel,DEM,DEM,1,1,46.3,-1.7000000000000028,-0.734077502278069,0,0.480858,0.4016435,0.31251404,0.75498015,1
2026_CT_Governor,CT,Governor,,Ned Lamont,DEM,DEM,8,8,52.0,15.850000000000001,12.85147974451317,1,0.98194355,0.9746419,0.98127097,0.98194355,0
2026_CT_Governor,CT,Governor,,Ryan Fazio,REP,REP,8,8,36.15,-15.850000000000001,-12.85147974451317,0,0.025548026,0.025358055,0.027905967,0.023451008,0
2026_FL_Governor,FL,Governor,,Byron Donalds,REP,REP,25,25,43.416000000000004,3.568000000000005,19.403160228936898,1,0.83379364,0.7684297,0.95070046,0.61206234,0
2026_FL_Governor,FL,Governor,,David Jolly,DEM,DEM,25,25,39.848,-3.568000000000005,-19.403160228936898,0,0.251268,0.23157024,0.09099667,0.34880638,0
2026_FL_House-11,FL,House,11,Joe Strada,REP,REP,2,2,42.05,0.14999999999999858,14.0,1,0.6303656,0.7226112,0.7355664,0.47875264,0
2026_FL_House-11,FL,House,11,James Pericola,DEM,DEM,2,2,41.9,-0.14999999999999858,-14.0,0,0.24197848,0.2773888,0.13598531,0.39014554,0
2026_FL_House-13,FL,House,13,Anna Paulina Luna,REP,REP,4,4,45.0,3.0,12.0,1,0.8071208,0.88461417,0.84935343,0.69487643,0
2026_FL_House-13,FL,House,13,Leela Gray,DEM,DEM,4,4,42.0,-3.0,-12.0,0,0.091298774,0.10006456,0.060600415,0.29467937,0
2026_FL_House-13,FL,House,13,Tony D’Arrigo,OTH,OTH,2,4,5.5,-39.5,,0,0.013979148,0.015321315,0.013979148,0.013979148,0
2026_FL_House-14,FL,House,14,Kathy Castor,DEM,DEM,1,1,46.2,8.700000000000003,-8.0,1,0.9105223,0.8775006,0.7740563,0.9458829,0
2026_FL_House-14,FL,House,14,Mike Beltran,REP,REP,1,1,37.5,-8.700000000000003,8.0,0,0.12710923,0.12249939,0.3617016,0.08955814,0
2026_FL_House-16,FL,House,16,Sydney Gruters,REP,REP,2,2,41.0,1.5,12.0,1,0.70371014,0.81987613,0.80064636,0.5313736,0
2026_FL_House-16,FL,House,16,Kelly Kirschner,DEM,DEM,2,2,39.5,-1.5,-12.0,0,0.1546026,0.18012387,0.087020636,0.2855832,0
2026_FL_House-22,FL,House,22,Pia Dandiya,DEM,DEM,3,3,47.333333333333336,1.3333333333333357,-8.0,1,0.47341377,0.53285855,0.225072,0.63037616,1
2026_FL_House-22,FL,House,22,Casey Askar,REP,REP,3,3,46.0,-1.3333333333333357,8.0,0,0.41502798,0.46714145,0.6564242,0.30506045,1
2026_FL_House-25,FL,House,25,Jared Moskowitz,DEM,DEM,1,1,42.9,10.199999999999996,-6.0,1,0.9262005,0.91430366,0.89383894,0.9262005,0
2026_FL_House-25,FL,House,25,Scott Singer,REP,REP,1,1,32.7,-10.199999999999996,6.0,0,0.08681144,0.08569636,0.10636459,0.08681144,0
2026_FL_House-27,FL,House,27,María Elvira Salazar,REP,REP,3,3,46.0,1.3333333333333357,12.0,1,0.7979891,0.7814397,0.8907496,0.60809314,0
2026_FL_House-27,FL,House,27,Eliott Rodriguez,DEM,DEM,3,3,44.666666666666664,-1.3333333333333357,-12.0,0,0.22318894,0.21856026,0.14984456,0.40983045,0
2026_FL_House-28,FL,House,28,Carlos Gimenez,REP,REP,1,1,46.0,6.0,20.0,1,0.88691163,0.8756647,0.9699526,0.81983536,0
2026_FL_House-28,FL,House,28,Hector Mujica,DEM,DEM,1,1,40.0,-6.0,-20.0,0,0.12593223,0.12433529,0.033088367,0.14385939,0
2026_FL_House-8,FL,House,8,Mike Haridopolos,REP,REP,2,2,47.5,9.0,16.0,1,0.9734795,0.9688231,0.9755181,0.9021693,0
2026_FL_House-8,FL,House,8,Jennifer Jenkins,DEM,DEM,2,2,38.5,-9.0,-16.0,0,0.031326797,0.03117695,0.023322014,0.09694361,0
2026_FL_House-9,FL,House,9,Darren Soto,DEM,DEM,1,1,41.0,0.0,-16.0,1,0.5994818,0.51692414,0.39018312,0.76577514,1
2026_FL_House-9,FL,House,9,Dan Green,REP,REP,1,1,41.0,0.0,16.0,0,0.5602276,0.4830758,0.7228616,0.35803762,1
2026_FL_Senate-S,FL,Senate,S,Ashley Moody,REP,REP,24,24,47.65,6.149999999999999,,1,0.8998536,0.9007282,0.9638905,0.845938,0
2026_FL_Senate-S,FL,Senate,S,Angie Nixon,DEM,DEM,13,24,41.5,-6.149999999999999,,0,0.0896044,0.08969149,0.04224023,0.19938798,0
2026_FL_Senate-S,FL,Senate,S,Neil Gillespie,OTH,OTH,2,24,2.2,-45.449999999999996,,0,0.009571041,0.009580344,0.009571041,0.009571041,0
2026_GA_Governor,GA,Governor,,Keisha Lance Bottoms,DEM,DEM,13,13,47.83076923076923,1.9153846153846175,-7.535245540050518,0,0.7405463,0.66624945,0.46079662,0.86290765,1
2026_GA_Governor,GA,Governor,,Rick Jackson,REP,REP,13,13,45.91538461538461,-1.9153846153846175,7.535245540050518,1,0.37096882,0.3337506,0.62374693,0.24625233,1
2026_GA_House-11,GA,House,11,John Cowan,REP,REP,1,1,40.0,-2.0,33.756223564293336,1,0.4160059,0.53745335,0.5302257,0.28076622,1
2026_GA_House-11,GA,House,11,Chris Harden,DEM,DEM,1,1,42.0,2.0,-33.756223564293336,0,0.35802576,0.46254668,0.20208149,0.48716098,1
2026_GA_House-7,GA,House,7,Rich McCormick,REP,REP,1,1,46.0,3.0,29.70369639104743,1,0.7911728,0.8059855,0.86068803,0.64279133,0
2026_GA_House-7,GA,House,7,Anthony Kozycki,DEM,DEM,1,1,43.0,-3.0,-29.70369639104743,0,0.19044884,0.1940145,0.13864647,0.34952724,0
2026_GA_Senate,GA,Senate,,Jon Ossoff,DEM,DEM,21,21,48.47142857142857,5.945112781954876,0.9572085233353107,1,0.8926899,0.85045403,0.84868896,0.9630128,0
2026_GA_Senate,GA,Senate,,Mike Collins,REP,REP,19,21,42.52631578947369,-5.945112781954876,-0.9572085233353107,0,0.1569728,0.14954594,0.26149163,0.04881616,0
2026_IA_Governor,IA,Governor,,Rob Sand,DEM,DEM,20,20,50.114999999999995,6.729999999999997,-18.516627055056873,0,0.91050744,0.90994346,0.7861809,0.94059813,0
2026_IA_Governor,IA,Governor,,Zach Lahn,REP,REP,20,20,43.385,-6.729999999999997,18.516627055056873,1,0.09011234,0.09005653,0.2774916,0.049107015,0
2026_IA_House-1,IA,House,1,Christina Bohannan,DEM,DEM,2,2,41.5,4.5,-0.19295881452286778,0,0.75955284,0.7743671,0.470122,0.89053226,0
2026_IA_House-1,IA,House,1,Mariannette Miller-Meeks,REP,REP,2,2,37.0,-4.5,0.19295881452286778,1,0.21363798,0.21780476,0.42263338,0.14266433,0
2026_IA_House-1,IA,House,1,Michael Bridgford,OTH,OTH,1,2,11.0,-30.5,,0,0.007678323,0.007828081,0.007678323,0.007678323,0
2026_IA_House-2,IA,House,2,Joe Mitchell,REP,REP,2,2,39.0,-2.0,15.557653827525307,1,0.6287701,0.52473384,0.7372767,0.46055037,1
2026_IA_House-2,IA,House,2,Lindsay James,DEM,DEM,2,2,41.0,2.0,-15.557653827525307,0,0.5694947,0.47526616,0.38076708,0.7622487,1
2026_IA_House-3,IA,House,3,Sarah Trone Garriott,DEM,DEM,2,2,47.5,3.5,-3.8226710744602244,0,0.6639928,0.5368144,0.54072326,0.8443846,1
2026_IA_House-3,IA,House,3,Zach Nunn,REP,REP,2,2,44.0,-3.5,3.8226710744602244,1,0.5729203,0.46318555,0.64706725,0.33042592,1
2026_IA_Senate,IA,Senate,,Ashley Hinson,REP,REP,30,31,45.47,-0.4106451612903257,12.178645226302457,1,0.6172123,0.55257,0.8158645,0.45643535,1
2026_IA_Senate,IA,Senate,,Josh Turek,DEM,DEM,31,31,45.880645161290325,0.4106451612903257,-12.178645226302457,0,0.49209422,0.44055587,0.23442678,0.6999428,1
2026_IA_Senate,IA,Senate,,Thomas Laehn,OTH,OTH,9,31,2.8111111111111113,-43.069534050179215,,0,0.007678323,0.0068741515,0.007678323,0.007678323,1
2026_ID_Governor,ID,Governor,,Brad Little,REP,REP,2,2,42.0,15.0,40.23882934468752,1,0.94597036,0.9747345,0.94597036,0.8684076,0
2026_ID_Governor,ID,Governor,,Terri Pickens,DEM,DEM,2,2,27.0,-15.0,-40.23882934468752,0,0.01379329,0.014212702,0.01379329,0.023207694,0
2026_ID_Governor,ID,Governor,,John Stegner,OTH,OTH,2,2,23.5,-18.5,,0,0.010726603,0.011052767,0.00976665,0.010726603,0
2026_ID_House-1,ID,House,1,Russ Fulcher,REP,REP,2,2,45.5,14.5,45.55424007275192,1,0.97004527,0.9684331,0.97847885,0.9602017,0
2026_ID_House-1,ID,House,1,Kaylee Peterson,DEM,DEM,2,2,31.0,-14.5,-45.55424007275192,0,0.014234852,0.014211194,0.014234852,0.019140027,0
2026_ID_House-1,ID,House,1,Brendan Gomez,OTH,OTH,1,2,4.0,-41.5,,0,0.009153465,0.009138252,0.009153465,0.009153465,0
2026_ID_House-1,ID,House,1,Sarah Zabel,OTH,OTH,2,2,16.0,-29.5,,0,0.008231227,0.008217547,0.008231227,0.008231227,0
2026_ID_Senate,ID,Senate,,James Risch,REP,REP,8,8,45.125,16.625,31.94012421939785,1,0.94903976,0.9498355,0.95491385,0.9437609,0
2026_ID_Senate,ID,Senate,,Todd Achilles,OTH,OTH,8,8,28.5,-16.625,,0,0.018965306,0.018981207,0.018965306,0.018965306,0
2026_ID_Senate,ID,Senate,,David Roth,DEM,DEM,3,8,20.333333333333332,-24.791666666666668,-31.94012421939785,0,0.010620135,0.010629039,0.010620135,0.010772904,0
2026_ID_Senate,ID,Senate,,Matt Loesby,OTH,OTH,5,8,2.4,-42.725,,0,0.01033729,0.010345957,0.01033729,0.01033729,0
2026_ID_Senate,ID,Senate,,Natalie Fleming,OTH,OTH,4,8,6.25,-38.875,,0,0.010199783,0.010208336,0.010199783,0.010199783,0
2026_IL_Governor,IL,Governor,,JB Pritzker,DEM,DEM,2,2,54.15,20.15,12.538334702516856,1,0.98152304,0.97409594,0.9813269,0.98152304,0
2026_IL_Governor,IL,Governor,,Darren Bailey,REP,REP,2,2,34.0,-20.15,-12.538334702516856,0,0.01653051,0.016405424,0.018020108,0.01653051,0
2026_IL_Governor,IL,Governor,,Collin Corbett,OTH,OTH,1,2,6.0,-48.15,,0,0.009571041,0.009498618,0.009571041,0.009571041,0
2026_IL_House-4,IL,House,4,Patty Garcia,DEM,DEM,2,2,34.0,19.0,40.22364774511135,1,0.9185476,0.970199,0.9185476,0.9185476,0
2026_IL_House-4,IL,House,4,Lupe Castillo,REP,REP,2,2,15.0,-19.0,-40.22364774511135,0,0.010513246,0.011104423,0.010513246,0.009501267,0
2026_IL_House-4,IL,House,4,Ed Hershey (WCP),OTH,OTH,2,2,4.0,-30.0,,0,0.009571041,0.010109236,0.009571041,0.009571041,0
2026_IL_House-4,IL,House,4,Chris Getty,OTH,OTH,2,2,9.0,-25.0,,0,0.008130195,0.008587369,0.008130195,0.008130195,0
2026_IL_Senate,IL,Senate,,Juliana Stratton,DEM,DEM,1,1,49.0,13.0,15.32317482561158,1,0.98138523,0.9838466,0.9706749,0.98138523,0
2026_IL_Senate,IL,Senate,,Don Tracy,REP,REP,1,1,36.0,-13.0,-15.32317482561158,0,0.016112963,0.016153375,0.024681304,0.011446967,0
2026_IN_House-5,IN,House,5,Victoria Spartz,REP,REP,1,1,48.0,2.0,18.579692876471306,1,0.84408164,0.74689794,0.9034273,0.59758705,0
2026_IN_House-5,IN,House,5,J.D. Ford,DEM,DEM,1,1,46.0,-2.0,-18.579692876471306,0,0.28603485,0.2531021,0.17817743,0.421824,0
2026_KS_Governor,KS,Governor,,Ty Masterson,REP,REP,8,8,48.7875,3.4250000000000043,-2.205950854213789,0,0.82206774,0.755721,0.92369294,0.5726885,0
2026_KS_Governor,KS,Governor,,Cindy Holscher,DEM,DEM,8,8,45.3625,-3.4250000000000043,2.205950854213789,1,0.26572487,0.24427897,0.123848006,0.43018287,0
2026_KS_Senate,KS,Senate,,Roger Marshall,REP,REP,13,13,46.03846153846154,0.22307692307693117,22.962398353758765,1,0.5957521,0.5966389,0.7714233,0.35590225,1
2026_KS_Senate,KS,Senate,,Adam Hamilton,DEM,DEM,13,13,45.81538461538461,-0.22307692307693117,-22.962398353758765,0,0.39252743,0.3931117,0.12916665,0.57616955,1
2026_KS_Senate,KS,Senate,,David Graham,OTH,OTH,9,13,4.066666666666666,-41.97179487179487,,0,0.010234106,0.01024934,0.010234106,0.010234106,1
2026_KY_House-6,KY,House,6,Ralph Alvarado,REP,REP,5,5,41.4,-0.6000000000000014,26.074331183820235,1,0.51414883,0.60036385,0.7259475,0.4046068,1
2026_KY_House-6,KY,House,6,Zach Dembo,DEM,DEM,5,5,42.0,0.6000000000000014,-26.074331183820235,0,0.3422465,0.3996361,0.15893278,0.4976596,1
2026_KY_Senate,KY,Senate,,Andy Barr,REP,REP,2,2,49.0,11.0,23.61672181509376,1,0.9755181,0.9521417,0.9755181,0.96437144,0
2026_KY_Senate,KY,Senate,,Charles Booker,DEM,DEM,2,2,38.0,-11.0,-23.61672181509376,0,0.049033266,0.04785828,0.04377656,0.059973378,0
2026_LA_House-5,LA,House,5,Blake Miguez,OTH,OTH,1,1,23.0,3.0,,0,0.24626802,0.606634,0.24626802,0.24626802,0
2026_LA_House-5,LA,House,5,Michael Echols,OTH,OTH,1,1,20.0,-3.0,,0,0.13807099,0.34011137,0.13807099,0.13807099,0
2026_LA_House-5,LA,House,5,Rick Edmonds,OTH,OTH,1,1,10.0,-13.0,,0,0.013830043,0.034067657,0.013830043,0.013830043,0
2026_LA_House-5,LA,House,5,Misti Cordell,OTH,OTH,1,1,3.0,-20.0,,0,0.0077891103,0.01918698,0.0077891103,0.0077891103,0
2026_LA_House-6,LA,House,6,Chauna Banks,DEM,DEM,1,1,19.0,3.0,-32.0,1,0.38725615,0.59019214,0.23987634,0.47331226,1
2026_LA_House-6,LA,House,6,Rick Edmonds,REP,REP,1,1,16.0,-3.0,32.0,0,0.11731219,0.17878796,0.32128602,0.07815382,1
2026_LA_House-6,LA,House,6,Blake Miguez,REP,REP,1,1,9.0,-10.0,32.0,0,0.10588372,0.16137055,0.14705715,0.06948831,1
2026_LA_House-6,LA,House,6,Pat Forbes,DEM,DEM,1,1,8.0,-11.0,-32.0,1,0.027004309,0.04115553,0.027004309,0.027004309,1
2026_LA_House-6,LA,House,6,Larry Davis,REP,REP,1,1,6.0,-13.0,32.0,0,0.01869631,0.028493842,0.025791572,0.01869631,1
2026_LA_Senate,LA,Senate,,Julia Letlow,REP,REP,2,2,44.5,4.0,43.70992344338497,1,0.77121705,0.8680212,0.8968592,0.6272215,0
2026_LA_Senate,LA,Senate,,Jamie Davis,DEM,DEM,2,2,40.5,-4.0,-43.70992344338497,0,0.11726019,0.13197884,0.0381146,0.19646439,0
2026_MA_Governor,MA,Governor,,Maura Healey,DEM,DEM,10,10,53.92,22.720000000000002,29.073053508232746,1,0.98194355,0.9800446,0.98175186,0.98194355,0
2026_MA_Governor,MA,Governor,,Mike Minogue,REP,REP,10,10,31.2,-22.720000000000002,-29.073053508232746,0,0.010423093,0.0104029365,0.010423093,0.010423093,0
2026_MA_Governor,MA,Governor,,Andrea James,OTH,OTH,1,10,4.0,-49.92,,0,0.009571041,0.009552532,0.009571041,0.009571041,0
2026_MA_Senate,MA,Senate,,Ed Markey,DEM,DEM,11,11,52.36363636363637,22.563636363636366,19.811804149519574,1,0.9818548,0.97625595,0.981662,0.9818548,0
2026_MA_Senate,MA,Senate,,John Deaton,REP,REP,11,11,29.8,-22.563636363636366,-19.811804149519574,0,0.008523669,0.008475064,0.008523669,0.008523669,0
2026_MA_Senate,MA,Senate,,Shiva Ayyadurai,OTH,OTH,1,11,3.0,-49.36363636363637,,0,0.007678323,0.0076345387,0.007678323,0.007678323,0
2026_MA_Senate,MA,Senate,,Joe Tache,OTH,OTH,3,11,6.0,-46.36363636363637,,0,0.007678323,0.0076345387,0.007678323,0.007678323,0
2026_MD_Governor,MD,Governor,,Wes Moore,DEM,DEM,4,4,51.975,24.475,32.41255461362651,1,0.9778928,0.96464723,0.97765917,0.98175186,0
2026_MD_Governor,MD,Governor,,Dan Cox,REP,REP,2,4,27.5,-24.475,-32.41255461362651,0,0.016696097,0.016469948,0.016696097,0.016696097,0
2026_MD_Governor,MD,Governor,,Andy Ellis,OTH,OTH,1,4,3.0,-48.975,,0,0.009571041,0.009441401,0.009571041,0.009571041,0
2026_MD_Governor,MD,Governor,,Cathy White,OTH,OTH,1,4,3.0,-48.975,,0,0.009571041,0.009441401,0.009571041,0.009571041,0
2026_MD_House-1,MD,House,1,Andy Harris,REP,REP,1,1,52.0,13.0,22.034098582039164,1,0.9516776,0.9646227,0.9516776,0.9482962,0
2026_MD_House-1,MD,House,1,Dan Schwartz,DEM,DEM,1,1,39.0,-13.0,-22.034098582039164,0,0.034902554,0.035377312,0.03242273,0.04918572,0
2026_ME_House-1,ME,House,1,Chellie Pingree,DEM,DEM,1,1,57.0,22.0,22.313115409019346,1,0.9857544,0.9909407,0.9857544,0.9857544,0
2026_ME_House-1,ME,House,1,Ronald Russell,REP,REP,1,1,35.0,-22.0,-22.313115409019346,0,0.009011934,0.009059347,0.01384721,0.009011934,0
2026_ME_House-2,ME,House,2,Joe Baldacci,DEM,DEM,4,4,44.75,-1.0,0.18751259123803976,1,0.54139555,0.5301553,0.43529096,0.6556943,1
2026_ME_House-2,ME,House,2,Paul LePage,REP,REP,4,4,45.75,1.0,-0.18751259123803976,0,0.47980624,0.46984467,0.729066,0.36775392,1
2026_ME_Senate,ME,Senate,,Troy Jackson,DEM,DEM,21,52,48.2952380952381,1.9000000000000057,-23.81229120521649,0,0.80277663,0.6765985,0.61080277,0.8945405,1
2026_ME_Senate,ME,Senate,,Susan Collins,REP,REP,21,52,46.39523809523809,-1.9000000000000057,23.81229120521649,1,0.38371232,0.3234015,0.62190616,0.23683135,1
2026_MI_Governor,MI,Governor,,Jocelyn Benson,DEM,DEM,43,44,44.009302325581395,6.118393234672304,10.530545686974278,1,0.906181,0.8794501,0.8066825,0.9688639,0
2026_MI_Governor,MI,Governor,,John James,REP,REP,44,44,37.89090909090909,-6.118393234672304,-10.530545686974278,0,0.09298087,0.09023808,0.21747208,0.049077116,0
2026_MI_Governor,MI,Governor,,Donna Brandenburg,OTH,OTH,4,44,0.775,-43.234302325581396,,0,0.010499564,0.010189843,0.010499564,0.010499564,0
2026_MI_Governor,MI,Governor,,Douglas Campbell,OTH,OTH,4,44,1.3,-42.7093023255814,,0,0.010499564,0.010189843,0.010499564,0.010499564,0
2026_MI_Governor,MI,Governor,,Anthony Hudson,OTH,OTH,4,44,2.05,-41.9593023255814,,0,0.010234106,0.009932216,0.010234106,0.010234106,0
2026_MI_House-10,MI,House,10,Mike Bouchard,REP,REP,2,2,43.5,-1.0,6.1307168334897,1,0.5727165,0.6112109,0.73736376,0.48211455,1
2026_MI_House-10,MI,House,10,Christina Hines,DEM,DEM,2,2,44.5,1.0,-6.1307168334897,0,0.36430302,0.38878918,0.26561648,0.49361727,1
2026_MI_House-4,MI,House,4,Bill Huizenga,REP,REP,4,4,45.75,1.0,11.70643727234939,1,0.57627803,0.5500353,0.80302376,0.45080844,1
2026_MI_House-4,MI,House,4,Sean McCann,DEM,DEM,4,4,44.75,-1.0,-11.70643727234939,0,0.47143298,0.4499647,0.32669505,0.6528187,1
2026_MI_House-7,MI,House,7,Tom Barrett,REP,REP,2,2,46.5,-2.0,3.7175768220850145,1,0.5972329,0.56981766,0.7623367,0.4591097,1
2026_MI_House-7,MI,House,7,William Lawrence,DEM,DEM,2,2,48.5,2.0,-3.7175768220850145,0,0.45087942,0.43018237,0.29183543,0.57150525,1
2026_MI_Senate,MI,Senate,,Abdul El-Sayed,DEM,DEM,48,49,45.697916666666664,1.328528911564625,0.3407811142068624,1,0.6832395,0.5885237,0.44542137,0.8202147,1
2026_MI_Senate,MI,Senate,,Mike Rogers,REP,REP,49,49,44.36938775510204,-1.328528911564625,-0.3407811142068624,0,0.43623114,0.3757575,0.64229,0.26676318,1
2026_MI_Senate,MI,Senate,,Lydia Christensen,OTH,OTH,10,49,1.29,-44.407916666666665,,0,0.010499564,0.009044035,0.010499564,0.010499564,1
2026_MI_Senate,MI,Senate,,Walter Kristy,OTH,OTH,7,49,0.48571428571428577,-45.21220238095238,,0,0.010499564,0.009044035,0.010499564,0.010499564,1
2026_MI_Senate,MI,Senate,,Timothy Long,OTH,OTH,10,49,0.58,-45.117916666666666,,0,0.010234106,0.008815377,0.010234106,0.010234106,1
2026_MI_Senate,MI,Senate,,Douglas Marsh,OTH,OTH,10,49,0.35,-45.34791666666666,,0,0.010234106,0.008815377,0.010234106,0.010234106,1
2026_MN_Governor,MN,Governor,,Amy Klobuchar,DEM,DEM,8,8,49.349999999999994,10.421428571428564,7.663639177093209,1,0.96862304,0.95326775,0.9385387,0.97996706,0
2026_MN_Governor,MN,Governor,,Lisa Demuth,REP,REP,7,8,38.92857142857143,-10.421428571428564,-7.663639177093209,0,0.036985435,0.036399115,0.041498248,0.024595808,0
2026_MN_Governor,MN,Governor,,Steven Young,OTH,OTH,3,8,2.3666666666666667,-46.98333333333333,,0,0.010499564,0.010333118,0.010499564,0.010499564,0
2026_MN_House-1,MN,House,1,Brad Finstad,REP,REP,3,3,47.333333333333336,4.0,17.09582336911184,1,0.70221,0.66438687,0.86393493,0.50702393,0
2026_MN_House-1,MN,House,1,Jake Johnson,DEM,DEM,3,3,43.333333333333336,-4.0,-17.09582336911184,0,0.35471937,0.33561313,0.08022242,0.45727754,0
2026_MN_House-2,MN,House,2,Matt Little,DEM,DEM,2,2,48.5,8.5,13.45014245696936,1,0.96571755,0.9351221,0.91298497,0.97365856,0
2026_MN_House-2,MN,House,2,Eric Pratt,REP,REP,2,2,40.0,-8.5,-13.45014245696936,0,0.06700069,0.064877994,0.2069238,0.04819422,0
2026_MN_Senate,MN,Senate,,Peggy Flanagan,DEM,DEM,12,12,46.48333333333333,3.2560606060606005,15.7001658345674,1,0.7731919,0.84067184,0.5981719,0.90233916,0
2026_MN_Senate,MN,Senate,,Michele Tafoya,REP,REP,11,12,43.22727272727273,-3.2560606060606005,-15.7001658345674,0,0.12718949,0.13828988,0.29344356,0.05278082,0
2026_MN_Senate,MN,Senate,,Marisa Simonetti,OTH,OTH,6,12,2.4,-44.08333333333333,,0,0.010499564,0.011415908,0.010499564,0.010499564,0
2026_MN_Senate,MN,Senate,,Rebecca Whiting,OTH,OTH,6,12,2.1999999999999997,-44.283333333333324,,0,0.008849951,0.009622326,0.008849951,0.008849951,0
2026_MO_House-2,MO,House,2,Ann Wagner,REP,REP,3,3,44.333333333333336,2.8333333333333357,12.0,1,0.76462704,0.8562245,0.83954614,0.6112211,0
2026_MO_House-2,MO,House,2,Fred Wellman,DEM,DEM,2,3,41.5,-2.8333333333333357,-12.0,0,0.12839463,0.1437755,0.10657558,0.2848899,0
2026_MS_Senate,MS,Senate,,Cindy Hyde-Smith,REP,REP,3,3,42.333333333333336,3.0,25.624382405477704,1,0.80499214,0.81668985,0.862591,0.70568717,0
2026_MS_Senate,MS,Senate,,Scott Colom,DEM,DEM,3,3,39.333333333333336,-3.0,-25.624382405477704,0,0.17071311,0.17319383,0.118874766,0.4210001,0
2026_MS_Senate,MS,Senate,,Ty Pinkins,OTH,OTH,2,3,6.5,-35.833333333333336,,0,0.009971371,0.01011627,0.009971371,0.009971371,0
2026_MT_House-1,MT,House,1,Aaron Flint,REP,REP,7,7,44.699999999999996,0.3571428571428541,7.678749852606238,1,0.52971685,0.5606734,0.68429947,0.262306,1
2026_MT_House-1,MT,House,1,Sam Forstag,DEM,DEM,7,7,44.34285714285714,-0.3571428571428541,-7.678749852606238,0,0.4050744,0.42874685,0.19470352,0.5958652,1
2026_MT_House-1,MT,House,1,Nick Sheedy,OTH,OTH,5,7,4.4799999999999995,-40.22,,0,0.009995586,0.010579727,0.009995586,0.009995586,1
2026_MT_House-2,MT,House,2,Troy Downing,REP,REP,2,2,48.0,22.0,31.9798943911158,1,0.97862077,0.96990544,0.97862077,0.96466273,0
2026_MT_House-2,MT,House,2,Brian Miller,DEM,DEM,2,2,26.0,-22.0,-31.9798943911158,0,0.012764769,0.012651089,0.012764769,0.014015231,0
2026_MT_House-2,MT,House,2,Patrick McCracken,OTH,OTH,1,2,5.0,-43.0,,0,0.009571041,0.009485804,0.009571041,0.009571041,0
2026_MT_House-2,MT,House,2,Michael Eisenhauer,OTH,OTH,2,2,9.0,-39.0,,0,0.00802915,0.007957645,0.00802915,0.00802915,0
2026_MT_Senate,MT,Senate,,Kurt Alme,REP,REP,15,15,44.879999999999995,13.393333333333324,7.143045341220102,1,0.9343834,0.95633835,0.94704753,0.93274015,0
2026_MT_Senate,MT,Senate,,Seth Bodnar,OTH,OTH,15,15,31.48666666666667,-13.393333333333324,,0,0.02060982,0.021094084,0.02060982,0.020559767,0
2026_MT_Senate,MT,Senate,,Alani Bankhead,DEM,DEM,13,15,26.099999999999998,-18.779999999999998,-7.143045341220102,0,0.013423644,0.013739056,0.013423644,0.014131545,0
2026_MT_Senate,MT,Senate,,Kyle Austin,OTH,OTH,10,15,4.17,-40.709999999999994,,0,0.008625838,0.008828517,0.008625838,0.008625838,0
2026_NC_House-1,NC,House,1,Don Davis,DEM,DEM,5,5,45.0,4.399999999999999,-10.0,1,0.82361037,0.7975867,0.73625976,0.93849355,0
2026_NC_House-1,NC,House,1,Laurie Buckhout,REP,REP,5,5,40.6,-4.399999999999999,10.0,0,0.20901766,0.2024133,0.3437901,0.060114693,0
2026_NC_House-10,NC,House,10,Pat Harrigan,REP,REP,1,1,52.0,15.0,18.0,1,0.9636803,0.9661733,0.9636803,0.9636803,0
2026_NC_House-10,NC,House,10,Ashley Bell,DEM,DEM,1,1,37.0,-15.0,-18.0,0,0.033739436,0.033826716,0.024094135,0.033739436,0
2026_NC_House-11,NC,House,11,Jamie Ager,DEM,DEM,1,1,47.0,3.0,-10.0,0,0.6903059,0.7590645,0.491976,0.7487581,0
2026_NC_House-11,NC,House,11,Jennifer Balkcom,REP,REP,1,1,44.0,-3.0,10.0,1,0.2191108,0.24093555,0.40433565,0.18521294,0
2026_NC_House-14,NC,House,14,Tim Moore,REP,REP,1,1,48.0,8.0,16.0,1,0.9528768,0.94501835,0.9636803,0.85490096,0
2026_NC_House-14,NC,House,14,LaKesha Womack,DEM,DEM,1,1,40.0,-8.0,-16.0,0,0.055438846,0.054981638,0.040414043,0.16949649,0
2026_NC_House-3,NC,House,3,Greg Murphy,REP,REP,1,1,44.0,3.0,12.0,1,0.81388277,0.6940459,0.86145735,0.6956094,0
2026_NC_House-3,NC,House,3,Raymond Smith Jr.,DEM,DEM,1,1,41.0,-3.0,-12.0,0,0.3587814,0.3059541,0.25674608,0.55841786,0
2026_NC_House-7,NC,House,7,David Rouzer,REP,REP,1,1,49.0,6.0,14.0,1,0.8944876,0.90030044,0.9664463,0.8430725,0
2026_NC_House-7,NC,House,7,Kimberly Hardy,DEM,DEM,1,1,43.0,-6.0,-14.0,0,0.08783124,0.08840201,0.023812046,0.16306254,0
2026_NC_House-7,NC,House,7,Maad Abu-Ghazalah,OTH,OTH,1,1,3.0,-46.0,,0,0.011224602,0.011297545,0.011224602,0.011224602,0
2026_NC_House-9,NC,House,9,Richard Hudson,REP,REP,1,1,46.0,4.0,16.0,1,0.83318835,0.7422073,0.93106294,0.7129791,0
2026_NC_House-9,NC,House,9,Richard Ojeda,DEM,DEM,1,1,42.0,-4.0,-16.0,0,0.2893933,0.25779265,0.10717427,0.39659482,0
2026_NC_Senate,NC,Senate,,Roy Cooper,DEM,DEM,47,48,48.889361702127665,9.160195035461001,-3.22574063494654,0,0.9529329,0.95191616,0.8661097,0.954107,0
2026_NC_Senate,NC,Senate,,Michael Whatley,REP,REP,48,48,39.729166666666664,-9.160195035461001,3.22574063494654,1,0.029051168,0.029020172,0.063306235,0.028646706,0
2026_NC_Senate,NC,Senate,,Shannon Bray,OTH,OTH,10,48,2.6399999999999997,-46.249361702127665,,0,0.010234106,0.010223187,0.010234106,0.010234106,0
2026_NC_Senate,NC,Senate,,Michael Dublin,OTH,OTH,8,48,1.475,-47.414361702127664,,0,0.008849951,0.008840509,0.008849951,0.008849951,0
2026_NE_Governor,NE,Governor,,Jim Pillen,REP,REP,10,10,43.8,5.5,23.242585040284396,1,0.7994901,0.88467234,0.8954767,0.7124166,0
2026_NE_Governor,NE,Governor,,Lynne Walz,DEM,DEM,10,10,38.3,-5.5,-23.242585040284396,0,0.08488789,0.09393233,0.051643305,0.122355856,0
2026_NE_Governor,NE,Governor,,Rick Beard,OTH,OTH,5,10,6.6,-37.199999999999996,,0,0.009667604,0.010697646,0.009667604,0.009667604,0
2026_NE_Governor,NE,Governor,,Brett Lindstrom,OTH,OTH,4,10,7.5,-36.3,,0,0.009667604,0.010697646,0.009667604,0.009667604,0
2026_NE_House-1,NE,House,1,Mike Flood,REP,REP,3,3,43.333333333333336,3.3333333333333357,20.208167097677666,1,0.808503,0.81476206,0.89572597,0.70408416,0
2026_NE_House-1,NE,House,1,Chris Backemeyer,DEM,DEM,3,3,40.0,-3.3333333333333357,-20.208167097677666,0,0.18381496,0.18523797,0.12735207,0.31386548,0
2026_NE_House-2,NE,House,2,Denise Powell,DEM,DEM,2,2,45.0,3.0,-1.8530233622725873,0,0.5388165,0.5968633,0.37761682,0.63976866,1
2026_NE_House-2,NE,House,2,Brinker Harding,REP,REP,1,2,42.0,-3.0,1.8530233622725873,1,0.36393043,0.40313673,0.5830505,0.29132485,1
2026_NE_Senate,NE,Senate,,Pete Ricketts,REP,REP,15,15,46.8,0.19999999999999574,6.674687958258019,1,0.69268495,0.66298026,0.86081,0.3447465,1
2026_NE_Senate,NE,Senate,,Dan Osborn,DEM,IND,15,15,46.6,-0.19999999999999574,-6.674687958258019,0,0.3252994,0.31134945,0.10401373,0.5059314,1
2026_NE_Senate,NE,Senate,,Chuck Conboy,OTH,OTH,1,15,1.0,-45.8,,0,0.009571041,0.0091606015,0.009571041,0.009571041,1
2026_NE_Senate,NE,Senate,,Robin Richards,OTH,OTH,1,15,2.0,-44.8,,0,0.009571041,0.0091606015,0.009571041,0.009571041,1
2026_NE_Senate,NE,Senate,,Mike Marvin,OTH,OTH,1,15,3.0,-43.8,,0,0.007678323,0.00734905,0.007678323,0.007678323,1
2026_NH_Governor,NH,Governor,,Kelly Ayotte,REP,REP,13,13,48.48461538461538,8.917948717948711,9.338991092962132,1,0.93744284,0.936077,0.93897873,0.80809826,0
2026_NH_Governor,NH,Governor,,Cinde Warmington,DEM,DEM,12,13,39.56666666666667,-8.917948717948711,-9.338991092962132,0,0.054445196,0.05436587,0.04742037,0.12053196,0
2026_NH_Governor,NH,Governor,,Stephen Villee,OTH,OTH,2,13,2.5,-45.98461538461538,,0,0.009571041,0.009557096,0.009571041,0.009571041,0
2026_NH_House-1,NH,House,1,Stefany Shaheen,DEM,DEM,1,1,46.0,4.0,8.063129603920771,1,0.81458837,0.86335814,0.67247164,0.93444186,0
2026_NH_House-1,NH,House,1,Anthony DiLorenzo,REP,REP,1,1,42.0,-4.0,-8.063129603920771,0,0.1289232,0.13664187,0.20186305,0.037280593,0
2026_NH_House-2,NH,House,2,Maggie Goodlander,DEM,DEM,8,8,49.75,14.5,5.960137360782149,1,0.98090774,0.9772993,0.9688062,0.98090774,0
2026_NH_House-2,NH,House,2,Lily Tang Williams,REP,REP,8,8,35.25,-14.5,-5.960137360782149,0,0.013213524,0.013164915,0.020505887,0.012116357,0
2026_NH_House-2,NH,House,2,Robbie Mahrou,OTH,OTH,1,8,3.0,-46.75,,0,0.009571041,0.009535832,0.009571041,0.009571041,0
2026_NH_Senate,NH,Senate,,Chris Pappas,DEM,DEM,28,28,46.41785714285715,4.578571428571436,9.06075123797254,1,0.9102576,0.83411616,0.82868564,0.9629418,0
2026_NH_Senate,NH,Senate,,John E. Sununu,REP,REP,28,28,41.839285714285715,-4.578571428571436,-9.06075123797254,0,0.17052679,0.15626253,0.26765648,0.04618932,0
2026_NH_Senate,NH,Senate,,Edmond Laplante,OTH,OTH,4,28,1.125,-45.29285714285715,,0,0.010499564,0.009621294,0.010499564,0.010499564,0
2026_NJ_House-2,NJ,House,2,Jeff Van Drew,REP,REP,1,1,46.0,0.0,16.9067865023411,1,0.6130715,1.0,0.66379184,0.6130715,0
2026_NJ_House-7,NJ,House,7,Rebecca Bennett,DEM,DEM,2,2,47.0,4.5,-5.402435801742243,0,0.7530978,0.7239126,0.5830418,0.88510376,0
2026_NJ_House-7,NJ,House,7,Thomas H. Kean Jr.,REP,REP,2,2,42.5,-4.5,5.402435801742243,1,0.2776471,0.2668873,0.38548416,0.11370686,0
2026_NJ_House-7,NJ,House,7,Seamus O'Toole,OTH,OTH,1,2,1.0,-46.0,,0,0.009571041,0.00920013,0.009571041,0.009571041,0
2026_NM_House-2,NM,House,2,Gabriel Vasquez,DEM,DEM,2,2,44.5,2.5,4.157966546309773,1,0.8486268,0.8516641,0.63003904,0.88498944,0
2026_NM_House-2,NM,House,2,Greg Cunningham,REP,REP,2,2,42.0,-2.5,-4.157966546309773,0,0.14780685,0.14833587,0.28202382,0.10561692,0
2026_NM_Senate,NM,Senate,,Ben Ray Luján,DEM,DEM,2,2,53.5,16.5,10.113349665840452,1,0.98590463,0.9882514,0.98575425,0.98590463,0
2026_NM_Senate,NM,Senate,,Larry Marker,REP,REP,2,2,37.0,-16.5,-10.113349665840452,0,0.011720726,0.011748625,0.011720726,0.0076222415,0
2026_NV_Governor,NV,Governor,,Joe Lombardo,REP,REP,14,14,45.792857142857144,5.199999999999996,1.5098064806083116,1,0.76637995,0.85032594,0.913204,0.59059775,0
2026_NV_Governor,NV,Governor,,Aaron Ford,DEM,DEM,14,14,40.59285714285715,-5.199999999999996,-1.5098064806083116,0,0.12532692,0.13905469,0.034865215,0.24099758,0
2026_NV_Governor,NV,Governor,,Danielle Ford,OTH,OTH,2,14,4.7,-41.09285714285714,,0,0.009571041,0.010619411,0.009571041,0.009571041,0
2026_NV_House-2,NV,House,2,Teresa Benitez-Thompson,DEM,DEM,3,3,42.666666666666664,0.0,-55.03698846800673,0,0.49713746,0.5816574,0.17287092,0.7171845,1
2026_NV_House-2,NV,House,2,David Flippo,REP,REP,3,3,42.666666666666664,0.0,55.03698846800673,1,0.33352348,0.3902269,0.4763971,0.09563394,1
2026_NV_House-2,NV,House,2,Lynn Chapman,OTH,OTH,2,3,10.5,-32.166666666666664,,0,0.014263552,0.016688544,0.014263552,0.014263552,1
2026_NV_House-2,NV,House,2,Lynn Champan (IA),OTH,OTH,2,3,10.5,-32.166666666666664,,0,0.00976665,0.011427111,0.00976665,0.00976665,1
2026_NY_Governor,NY,Governor,,Kathy Hochul,DEM,DEM,39,39,47.146153846153844,11.118153846153845,6.390658368015345,1,0.9744117,0.96011937,0.9658261,0.98194355,0
2026_NY_Governor,NY,Governor,,Bruce Blakeman,REP,REP,25,39,36.028,-11.118153846153845,-6.390658368015345,0,0.040474307,0.039880645,0.05348607,0.024251532,0
2026_NY_House-1,NY,House,1,Nicholas J. LaLota,REP,REP,1,1,41.0,3.0,10.423067544501336,1,0.6978671,0.7670909,0.7935733,0.6003006,0
2026_NY_House-1,NY,House,1,Chris Gallant,DEM,DEM,1,1,38.0,-3.0,-10.423067544501336,0,0.21189089,0.23290908,0.13740142,0.37048903,0
2026_NY_House-17,NY,House,17,Cait Conley,DEM,DEM,4,4,47.725,0.07500000000000284,-6.309748411100692,0,0.6303413,0.5397989,0.32985508,0.71520585,1
2026_NY_House-17,NY,House,17,Mike Lawler,REP,REP,4,4,47.65,-0.07500000000000284,6.309748411100692,1,0.53739226,0.46020108,0.745747,0.30123255,1
2026_NY_House-18,NY,House,18,Pat Ryan,DEM,DEM,2,2,52.5,15.5,14.33812677754208,1,0.98046297,0.9873822,0.98046297,0.98046297,0
2026_NY_House-18,NY,House,18,Jackie Auringer,REP,REP,2,2,37.0,-15.5,-14.33812677754208,0,0.012529412,0.012617833,0.01762879,0.012529412,0
2026_NY_House-21,NY,House,21,Anthony Constantino,REP,REP,5,5,46.4,3.6000000000000014,23.964261128958235,1,0.60340357,0.6895851,0.8340076,0.41869685,0
2026_NY_House-21,NY,House,21,Blake Gendebien,DEM,DEM,5,5,42.8,-3.6000000000000014,-23.964261128958235,0,0.27162054,0.31041494,0.10318154,0.38047233,0
2026_NY_House-23,NY,House,23,Nick Langworthy,REP,REP,2,2,53.0,19.0,31.569194396076618,1,0.943278,0.9776359,0.943278,0.943278,0
2026_NY_House-23,NY,House,23,Aaron Gies,DEM,DEM,2,2,34.0,-19.0,-31.569194396076618,0,0.021578144,0.022364104,0.021578144,0.033153072,0
2026_OH_Governor,OH,Governor,,Amy Acton,DEM,DEM,27,27,46.92962962962962,0.8962962962962848,-25.02940232563145,0,0.5689144,0.5441536,0.24431539,0.6970029,1
2026_OH_Governor,OH,Governor,,Vivek Ramaswamy,REP,REP,27,27,46.03333333333334,-0.8962962962962848,25.02940232563145,1,0.4663548,0.44605765,0.7717143,0.30025265,1
2026_OH_Governor,OH,Governor,,Donald Kissick,OTH,OTH,5,27,4.220000000000001,-42.709629629629625,,0,0.010234106,0.009788688,0.010234106,0.010234106,1
2026_OH_House-1,OH,House,1,Greg Landsman,DEM,DEM,1,1,47.9,3.299999999999997,-2.0,1,0.8187909,0.754201,0.620283,0.869632,0
2026_OH_House-1,OH,House,1,Eric Conroy,REP,REP,1,1,44.6,-3.299999999999997,2.0,0,0.26684928,0.245799,0.45587903,0.22019275,0
2026_OH_House-10,OH,House,10,Mike Turner,REP,REP,2,2,48.5,7.0,8.0,1,0.94813055,0.9416368,0.96604276,0.8638574,0
2026_OH_House-10,OH,House,10,Kristina Knickerbocker,DEM,DEM,2,2,41.5,-7.0,-8.0,0,0.044786595,0.04447985,0.043291334,0.14036967,0
2026_OH_House-10,OH,House,10,Thomas McMasters,OTH,OTH,1,2,4.0,-44.5,,0,0.013979148,0.013883404,0.013979148,0.013979148,0
2026_OH_House-15,OH,House,15,Mike Carey,REP,REP,3,3,43.666666666666664,2.6666666666666643,10.0,1,0.80566126,0.8595882,0.85525614,0.6673652,0
2026_OH_House-15,OH,House,15,Don Leonard,DEM,DEM,3,3,41.0,-2.6666666666666643,-10.0,0,0.13160293,0.14041178,0.086929664,0.3138851,0
2026_OH_House-7,OH,House,7,Brian Poindexter,DEM,DEM,6,6,47.5,7.0,-10.0,0,0.75824314,0.79933465,0.5195494,0.828863,0
2026_OH_House-7,OH,House,7,Max Miller,REP,REP,6,6,40.5,-7.0,10.0,1,0.19034974,0.20066537,0.3831768,0.11640482,0
2026_OH_House-9,OH,House,9,Derek Merrin,REP,REP,2,2,47.5,2.0,10.0,0,0.7534573,0.56732655,0.8236687,0.50936896,1
2026_OH_House-9,OH,House,9,Marcy Kaptur,DEM,DEM,2,2,45.5,-2.0,-10.0,1,0.57462674,0.43267348,0.45609835,0.8031123,1
2026_OH_Senate-S,OH,Senate,S,Sherrod Brown,DEM,DEM,31,34,47.264516129032245,1.5762808349145985,,0,0.63095236,0.57278883,0.36612168,0.7925912,1
2026_OH_Senate-S,OH,Senate,S,Jon Husted,REP,REP,34,34,45.688235294117646,-1.5762808349145985,,1,0.454422,0.41253167,0.74216014,0.20092814,1
2026_OH_Senate-S,OH,Senate,S,Gregory Levy,OTH,OTH,5,34,2.04,-45.224516129032246,,0,0.008150607,0.007399254,0.008424478,0.008019593,1
2026_OH_Senate-S,OH,Senate,S,Bill Redpath,OTH,OTH,6,34,2.55,-44.71451612903225,,0,0.008019593,0.0072803167,0.008019593,0.008019593,1
2026_OK_House-5,OK,House,5,Stephanie Bice,REP,REP,1,1,48.0,5.0,21.386583729651846,1,0.92512673,0.89134634,0.9681193,0.82973474,0
2026_OK_House-5,OK,House,5,Jena Nelson,DEM,DEM,1,1,43.0,-5.0,-21.386583729651846,0,0.112771496,0.10865372,0.02869865,0.18431443,0
2026_OK_Senate,OK,Senate,,Kevin Hern,REP,REP,1,1,49.0,24.0,32.20471838794785,1,0.9826385,0.9634972,0.9826385,0.9802634,0
2026_OK_Senate,OK,Senate,,N'Kiyla Jasmine Thomas,DEM,DEM,1,1,25.0,-24.0,-32.20471838794785,0,0.010407612,0.010204877,0.010407612,0.010557355,0
2026_OK_Senate,OK,Senate,,Curtis Stinnett,OTH,OTH,1,1,4.0,-45.0,,0,0.009571041,0.009384602,0.009571041,0.009571041,0
2026_OK_Senate,OK,Senate,,Sevier White,OTH,OTH,1,1,3.0,-46.0,,0,0.009571041,0.009384602,0.009571041,0.009571041,0
2026_OK_Senate,OK,Senate,,Ron Meinhardt,OTH,OTH,1,1,1.0,-48.0,,0,0.007678323,0.007528753,0.007678323,0.007678323,0
2026_OR_Governor,OR,Governor,,Tina Kotek,DEM,DEM,5,5,44.6,-0.3999999999999986,3.41684576085715,1,0.6022687,0.5887749,0.39396593,0.8163135,1
2026_OR_Governor,OR,Governor,,Christine Drazan,REP,REP,5,5,45.0,0.3999999999999986,-3.41684576085715,0,0.4110786,0.40186843,0.58208317,0.19738802,1
2026_OR_Governor,OR,Governor,,Brett Smith,OTH,OTH,2,5,3.5,-41.5,,0,0.009571041,0.009356603,0.009571041,0.009571041,1
2026_PA_Governor,PA,Governor,,Josh Shapiro,DEM,DEM,25,25,53.912,21.512,14.771404382895163,1,0.978555,0.97480184,0.978555,0.978555,0
2026_PA_Governor,PA,Governor,,Stacy Garrity,REP,REP,25,25,32.4,-21.512,-14.771404382895163,0,0.015724123,0.015663814,0.016438922,0.015724123,0
2026_PA_Governor,PA,Governor,,Ken Krawchuk,OTH,OTH,1,25,2.0,-51.912,,0,0.009571041,0.009534332,0.009571041,0.009571041,0
2026_PA_House-1,PA,House,1,Brian Fitzpatrick,REP,REP,5,5,47.2,4.0,12.806193788948534,1,0.8514535,0.7217498,0.93967634,0.6991722,0
2026_PA_House-1,PA,House,1,Bob Harvie,DEM,DEM,5,5,43.2,-4.0,-12.806193788948534,0,0.32825384,0.27825025,0.08761471,0.4292534,0
2026_PA_House-10,PA,House,10,Janelle Stelson,DEM,DEM,4,4,48.0,4.0,-1.2642826002891638,0,0.6968373,0.7125412,0.5321423,0.8615113,0
2026_PA_House-10,PA,House,10,Scott Perry,REP,REP,4,4,44.0,-4.0,1.2642826002891638,1,0.28112343,0.2874588,0.38450468,0.110032976,0
2026_PA_House-7,PA,House,7,Bob Brooks,DEM,DEM,2,2,46.0,4.5,-1.0071557149020407,0,0.788159,0.6882463,0.65300345,0.9089558,0
2026_PA_House-7,PA,House,7,Ryan E. Mackenzie,REP,REP,2,2,41.5,-4.5,1.0071557149020407,1,0.357011,0.31175372,0.48587537,0.15218647,0
2026_PA_House-8,PA,House,8,Paige Cognetti,DEM,DEM,3,3,46.0,1.6666666666666643,-1.6235840383926217,0,0.63400483,0.5891848,0.51739174,0.81055015,1
2026_PA_House-8,PA,House,8,Rob Bresnahan Jr.,REP,REP,3,3,44.333333333333336,-1.6666666666666643,1.6235840383926217,1,0.4420664,0.41081518,0.5676177,0.2982392,1
2026_RI_Governor,RI,Governor,,Helena Foulkes,DEM,DEM,9,9,40.62222222222223,20.177777777777784,19.05807028825454,1,0.92323047,0.95732856,0.92323047,0.93323326,0
2026_RI_Governor,RI,Governor,,Ken Block,OTH,OTH,9,9,20.444444444444443,-20.177777777777784,,0,0.010713945,0.011109648,0.010713945,0.010713945,0
2026_RI_Governor,RI,Governor,,Christopher Reynolds,OTH,OTH,3,9,1.3333333333333333,-39.28888888888889,,0,0.010499564,0.010887349,0.010499564,0.010499564,0
2026_RI_Governor,RI,Governor,,Aaron Guckian,REP,REP,6,9,17.833333333333332,-22.788888888888895,-19.05807028825454,0,0.01036706,0.010749951,0.01036706,0.01036706,0
2026_RI_Governor,RI,Governor,,Jasjit Gotra,OTH,OTH,3,9,0.7666666666666666,-39.85555555555556,,0,0.009571041,0.009924533,0.009571041,0.009571041,0
2026_RI_Senate,RI,Senate,,Jack Reed,DEM,DEM,4,4,52.0,18.75,20.048053859350993,1,0.98349965,0.98360616,0.98349965,0.98367333,0
2026_RI_Senate,RI,Senate,,Raymond McKay,REP,REP,4,4,33.25,-18.75,-20.048053859350993,0,0.008325922,0.008326824,0.008325922,0.0079610385,0
2026_RI_Senate,RI,Senate,,Michael Bahry,OTH,OTH,2,4,4.5,-47.5,,0,0.008066119,0.008066992,0.008066119,0.008066119,0
2026_SC_Governor,SC,Governor,,Alan Wilson,REP,REP,3,3,46.0,8.333333333333336,17.367977303791946,1,0.89294964,0.9583132,0.95516884,0.7994901,0
2026_SC_Governor,SC,Governor,,Jermaine Johnson,DEM,DEM,3,3,37.666666666666664,-8.333333333333336,-17.367977303791946,0,0.038843423,0.041686747,0.021079797,0.1376335,0
2026_SC_House-1,SC,House,1,Jenny Costa Honeycutt,REP,REP,3,3,45.666666666666664,3.0,16.613055527833012,1,0.6354876,0.8168891,0.7832837,0.5031772,0
2026_SC_House-1,SC,House,1,Nancy Lacore,DEM,DEM,3,3,42.666666666666664,-3.0,-16.613055527833012,0,0.1342174,0.17253008,0.061880063,0.30253136,0
2026_SC_House-1,SC,House,1,Bill Reeside,OTH,OTH,2,3,4.5,-41.166666666666664,,0,0.008231227,0.010580851,0.008231227,0.008231227,0
2026_SC_House-7,SC,House,7,Russell Fry,REP,REP,1,1,41.1,4.399999999999999,29.92042211114982,1,0.8734296,0.909396,0.94551986,0.7929061,0
2026_SC_House-7,SC,House,7,John Vincent,DEM,DEM,1,1,36.7,-4.399999999999999,-29.92042211114982,0,0.087020636,0.090604,0.02356652,0.14489491,0
2026_SC_Senate,SC,Senate,,Darline Graham,REP,REP,6,7,44.25,2.75,25.868814213818233,1,0.77764565,0.83888423,0.8550366,0.5598232,0
2026_SC_Senate,SC,Senate,,Annie Andrews,DEM,DEM,7,7,41.5,-2.75,-25.868814213818233,0,0.13202725,0.14242423,0.081950545,0.38432598,0
2026_SC_Senate,SC,Senate,,Mark Hackett,OTH,OTH,1,7,3.0,-41.25,,0,0.009571041,0.010324748,0.009571041,0.009571041,0
2026_SC_Senate,SC,Senate,,Kasie Whitener,OTH,OTH,2,7,3.5,-40.75,,0,0.007755941,0.008366711,0.007835556,0.007678323,0
2026_SD_House-1,SD,House,1,Marty Jackley,REP,REP,1,1,47.0,4.0,44.0889504755035,1,0.825996,0.8658096,0.93185693,0.6753705,0
2026_SD_House-1,SD,House,1,Nikki Gronli,DEM,DEM,1,1,43.0,-4.0,-44.0889504755035,0,0.12801978,0.13419043,0.045917246,0.18431443,0
2026_SD_Senate,SD,Senate,,Mike Rounds,REP,REP,9,9,46.55555555555556,9.444444444444443,43.47709901729786,1,0.95771736,0.9576476,0.9698599,0.94678694,0
2026_SD_Senate,SD,Senate,,Brian Bengs,OTH,OTH,9,9,37.111111111111114,-9.444444444444443,,0,0.03158261,0.03158031,0.03158261,0.033246268,0
2026_SD_Senate,SD,Senate,,Julian Beaudion,DEM,DEM,3,9,26.666666666666668,-19.88888888888889,-43.47709901729786,0,0.010772904,0.01077212,0.010772904,0.011342624,0
2026_TN_Governor,TN,Governor,,Marsha Blackburn,REP,REP,5,5,50.2,18.950000000000003,31.989065925160446,1,0.96671015,0.94519293,0.96755934,0.95938367,0
2026_TN_Governor,TN,Governor,,Jerri Green,DEM,DEM,4,5,31.25,-18.950000000000003,-31.989065925160446,0,0.02809644,0.027471064,0.020030895,0.02809644,0
2026_TN_Governor,TN,Governor,,David Hatley,OTH,OTH,1,5,10.0,-40.2,,0,0.013979148,0.013667997,0.013979148,0.013979148,0
2026_TN_Governor,TN,Governor,,Lauren Pinkston,OTH,OTH,1,5,2.0,-48.2,,0,0.013979148,0.013667997,0.013979148,0.013979148,0
2026_TN_House-5,TN,House,5,Charlie Hatcher,REP,REP,2,2,47.0,6.5,20.0,1,0.8145764,0.7998906,0.91308373,0.6319673,0
2026_TN_House-5,TN,House,5,Chaz Molder,DEM,DEM,2,2,40.5,-6.5,-20.0,0,0.2037834,0.20010942,0.13100278,0.39039087,0
2026_TN_House-9,TN,House,9,Brent Taylor,REP,REP,1,1,48.0,4.0,18.0,0,0.8336823,0.7370492,0.9225483,0.7029882,0
2026_TN_House-9,TN,House,9,Justin Pearson,DEM,DEM,1,1,44.0,-4.0,-18.0,1,0.29742575,0.26295078,0.15936159,0.4009098,0
2026_TN_Senate,TN,Senate,,Bill Hagerty,REP,REP,1,1,58.0,25.0,29.634247548217722,1,0.9828211,0.98952144,0.9828211,0.9828211,0
2026_TN_Senate,TN,Senate,,Marquita Bradshaw,DEM,DEM,1,1,33.0,-25.0,-29.634247548217722,0,0.010407612,0.010478565,0.010407612,0.010407612,0
2026_TX_Governor,TX,Governor,,Greg Abbott,REP,REP,46,46,48.36521739130435,4.03478260869565,10.902789467682467,1,0.859184,0.7107393,0.95070046,0.70765495,0
2026_TX_Governor,TX,Governor,,Gina Hinojosa,DEM,DEM,46,46,44.3304347826087,-4.03478260869565,-10.902789467682467,0,0.33944142,0.28079474,0.07657799,0.49062017,0
2026_TX_Governor,TX,Governor,,Pat Dixon,OTH,OTH,17,46,2.3117647058823527,-46.053452685421995,,0,0.010234106,0.008465919,0.010234106,0.010234106,0
2026_TX_House-10,TX,House,10,Chris Gober,REP,REP,1,1,48.0,7.0,20.0,1,0.9141506,0.95857924,0.94309294,0.73191917,0
2026_TX_House-10,TX,House,10,Caitlin Rourk,DEM,DEM,1,1,41.0,-7.0,-20.0,0,0.039500978,0.041420765,0.024810322,0.13470167,0
2026_TX_House-15,TX,House,15,Bobby Pulido,DEM,DEM,5,5,48.2,4.600000000000001,-14.0,0,0.68633133,0.63911504,0.5107476,0.85952616,1
2026_TX_House-15,TX,House,15,Monica De La Cruz,REP,REP,5,5,43.6,-4.600000000000001,14.0,1,0.3875462,0.3608849,0.549915,0.19506536,1
2026_TX_House-23,TX,House,23,Brandon Herrera,REP,REP,1,1,42.0,2.0,14.0,1,0.5891055,0.77631354,0.74407357,0.4559371,0
2026_TX_House-23,TX,House,23,Katy Padilla Stout,DEM,DEM,1,1,40.0,-2.0,-14.0,0,0.16974445,0.22368646,0.10313129,0.23379593,0
2026_TX_House-28,TX,House,28,Tano Tijerina,REP,REP,3,3,40.666666666666664,2.0,6.0,0,0.55071163,0.55660665,0.6921515,0.225228,1
2026_TX_House-28,TX,House,28,Henry Cuellar,DEM,DEM,3,3,38.666666666666664,-2.0,-6.0,1,0.42912635,0.43371987,0.23624957,0.6834049,1
2026_TX_House-28,TX,House,28,Marlon Duran,OTH,OTH,1,3,6.0,-34.666666666666664,,0,0.009571041,0.009673493,0.009571041,0.009571041,1
2026_TX_House-34,TX,House,34,Vicente Gonzalez,DEM,DEM,3,3,42.0,-0.3333333333333357,-6.0,1,0.53811955,0.5183938,0.24196567,0.7202757,1
2026_TX_House-34,TX,House,34,Eric Flores,REP,REP,3,3,42.333333333333336,0.3333333333333357,6.0,0,0.48078993,0.46316573,0.59963727,0.23419537,1
2026_TX_House-34,TX,House,34,Eddie Espinoza,OTH,OTH,1,3,3.0,-39.333333333333336,,0,0.009571041,0.009220198,0.009571041,0.009571041,1
2026_TX_House-34,TX,House,34,Chris Royal,OTH,OTH,1,3,2.0,-40.333333333333336,,0,0.009571041,0.009220198,0.009571041,0.009571041,1
2026_TX_House-35,TX,House,35,Carlos De La Cruz,REP,REP,1,1,45.0,1.0,8.0,0,0.51118183,0.59606624,0.6695677,0.39329857,1
2026_TX_House-35,TX,House,35,Johnny Garcia,DEM,DEM,1,1,44.0,-1.0,-8.0,1,0.3464105,0.40393376,0.25615463,0.54040146,1
2026_TX_House-9,TX,House,9,Alex Mealer,REP,REP,2,2,45.0,6.0,18.0,0,0.79265535,0.88395935,0.9173876,0.72842246,0
2026_TX_House-9,TX,House,9,Leticia Gutierrez,DEM,DEM,2,2,39.0,-6.0,-18.0,1,0.104054786,0.1160406,0.027067073,0.13518447,0
2026_TX_Senate,TX,Senate,,James Talarico,DEM,DEM,52,53,46.88076923076923,2.2920899854862142,-8.497205153378701,0,0.67434424,0.6553391,0.435775,0.79888415,1
2026_TX_Senate,TX,Senate,,Ken Paxton,REP,REP,53,53,44.58867924528302,-2.2920899854862142,8.497205153378701,1,0.3464448,0.33668092,0.6149754,0.14788662,1
2026_TX_Senate,TX,Senate,,Ted Brown,OTH,OTH,18,53,2.9666666666666663,-43.91410256410256,,0,0.008211355,0.007979933,0.008211355,0.008211355,1
2026_UT_House-1,UT,House,1,Ben McAdams,DEM,DEM,1,1,62.7,41.5,24.0,0,0.96993345,0.95306057,0.96993345,0.96993345,0
2026_UT_House-1,UT,House,1,Riley Owen,REP,REP,1,1,21.2,-41.5,-24.0,1,0.028628407,0.02813039,0.028628407,0.028628407,0
2026_UT_House-1,UT,House,1,Elias Montgomery,OTH,OTH,1,1,3.3,-59.400000000000006,,0,0.009571041,0.009404544,0.009571041,0.009571041,0
2026_UT_House-1,UT,House,1,Jesse West,OTH,OTH,1,1,4.7,-58.0,,0,0.009571041,0.009404544,0.009571041,0.009571041,0
2026_UT_House-2,UT,House,2,Blake Moore,REP,REP,3,3,34.333333333333336,1.0,30.0,1,0.7899958,0.857306,0.8392732,0.48576158,0
2026_UT_House-2,UT,House,2,Peter Crosby,DEM,DEM,3,3,33.333333333333336,-1.0,-30.0,0,0.104670145,0.11358838,0.05313745,0.24018362,0
2026_UT_House-2,UT,House,2,Carlton Bowen,OTH,OTH,1,3,4.1,-30.233333333333334,,0,0.009571041,0.010386525,0.009571041,0.009571041,0
2026_UT_House-2,UT,House,2,Daniel Cottam,OTH,OTH,1,3,4.9,-29.433333333333337,,0,0.009571041,0.010386525,0.009571041,0.009571041,0
2026_UT_House-2,UT,House,2,Robert Moesinger,OTH,OTH,1,3,4.9,-29.433333333333337,,0,0.007678323,0.008332541,0.007678323,0.007678323,0
2026_UT_House-3,UT,House,3,Celeste Maloy,REP,REP,1,1,44.5,18.1,42.0,1,0.9708056,0.95305324,0.9708056,0.9708056,0
2026_UT_House-3,UT,House,3,Kent Udell,DEM,DEM,1,1,26.4,-18.1,-42.0,0,0.011429836,0.011220828,0.010407612,0.011429836,0
2026_UT_House-3,UT,House,3,Cassie Easley,OTH,OTH,1,1,2.6,-41.9,,0,0.009571041,0.009396023,0.009571041,0.009571041,0
2026_UT_House-3,UT,House,3,Ayden Scott,OTH,OTH,1,1,2.8,-41.7,,0,0.009571041,0.009396023,0.009571041,0.009571041,0
2026_UT_House-3,UT,House,3,Michael Stoddard,OTH,OTH,1,1,6.5,-38.0,,0,0.009571041,0.009396023,0.009571041,0.009571041,0
2026_UT_House-3,UT,House,3,Adonis Hooslyn,OTH,OTH,1,1,0.2,-44.3,,0,0.007678323,0.007537916,0.007678323,0.007678323,0
2026_UT_House-4,UT,House,4,Mike Kennedy,REP,REP,1,1,41.7,8.800000000000004,34.0,1,0.95907533,0.96498394,0.9602017,0.8934374,0
2026_UT_House-4,UT,House,4,Jonny Larsen,DEM,DEM,1,1,32.9,-8.800000000000004,-34.0,0,0.017552288,0.017660422,0.017552288,0.03941348,0
2026_UT_House-4,UT,House,4,Taylor Wright,OTH,OTH,1,1,5.3,-36.400000000000006,,0,0.009571041,0.009630006,0.009571041,0.009571041,0
2026_UT_House-4,UT,House,4,Steven Burt,OTH,OTH,1,1,5.7,-36.0,,0,0.007678323,0.007725627,0.007678323,0.007678323,0
2026_VA_House-1,VA,House,1,Shannon Taylor,DEM,DEM,4,4,44.5,-0.5,-12.781631468388362,0,0.51110005,0.51755446,0.40449074,0.6910179,1
2026_VA_House-1,VA,House,1,Robert Wittman,REP,REP,4,4,45.0,0.5,12.781631468388362,1,0.47642893,0.4824455,0.650386,0.27612063,1
2026_VA_House-2,VA,House,2,Elaine G. Luria,DEM,DEM,1,1,47.0,0.0,-3.8419190510445205,0,0.71106064,0.5503197,0.5168422,0.8286739,1
2026_VA_House-2,VA,House,2,Jen Kiggans,REP,REP,1,1,47.0,0.0,3.8419190510445205,1,0.58102596,0.44968036,0.74933094,0.33982888,1
2026_VA_House-5,VA,House,5,John McGuire,REP,REP,3,3,48.0,3.3333333333333357,14.990627272914999,1,0.709557,0.70711374,0.84220546,0.5130566,1
2026_VA_House-5,VA,House,5,Tom Perriello,DEM,DEM,3,3,44.666666666666664,-3.3333333333333357,-14.990627272914999,0,0.27991918,0.2789553,0.1507904,0.5542853,1
2026_VA_House-5,VA,House,5,Cooke Harvey,OTH,OTH,1,3,6.0,-42.0,,0,0.013979148,0.013931013,0.013979148,0.013979148,1
2026_VA_House-6,VA,House,6,Ben Cline,REP,REP,1,1,59.0,30.0,28.6215892091045,1,0.9562119,0.9690652,0.9562119,0.9562119,0
2026_VA_House-6,VA,House,6,Beth Macy,DEM,DEM,1,1,29.0,-30.0,-28.6215892091045,0,0.030524474,0.030934779,0.030524474,0.030524474,0
2026_VA_Senate,VA,Senate,,Mark Warner,DEM,DEM,2,2,53.0,22.0,8.922881002294432,1,0.98227376,0.99163204,0.9820856,0.98227376,0
2026_VA_Senate,VA,Senate,,Bert Mizusawa,REP,REP,2,2,31.0,-22.0,-8.922881002294432,0,0.0082889795,0.00836795,0.0082889795,0.0082889795,0
2026_VT_Governor,VT,Governor,,Phil Scott,REP,REP,6,6,43.449999999999996,7.049999999999997,51.598909715274736,1,0.8215792,0.89716035,0.9147261,0.62515485,0
2026_VT_Governor,VT,Governor,,Amanda Janoo,DEM,DEM,6,6,36.4,-7.049999999999997,-51.598909715274736,0,0.06503827,0.07102146,0.053658366,0.22588335,0
2026_VT_Governor,VT,Governor,,June Goodband,OTH,OTH,4,6,0.875,-42.574999999999996,,0,0.009995586,0.010915129,0.009995586,0.009995586,0
2026_VT_Governor,VT,Governor,,Brian Judd,OTH,OTH,2,6,1.95,-41.49999999999999,,0,0.009571041,0.010451528,0.009571041,0.009571041,0
2026_VT_Governor,VT,Governor,,Dean Roy,OTH,OTH,4,6,1.0,-42.449999999999996,,0,0.009571041,0.010451528,0.009571041,0.009571041,0
2026_VT_House-1,VT,House,1,Becca Balint,DEM,DEM,4,4,57.575,30.250000000000004,32.49908732060145,1,0.9751678,0.95339084,0.9751678,0.9751678,0
2026_VT_House-1,VT,House,1,Adam Ortiz,OTH,OTH,4,4,1.15,-56.425000000000004,,0,0.009995586,0.00977237,0.009995586,0.009995586,0
2026_VT_House-1,VT,House,1,Phoenix Altair,OTH,OTH,2,4,0.05,-57.525000000000006,,0,0.009571041,0.009357305,0.009571041,0.009571041,0
2026_VT_House-1,VT,House,1,Suzanne Seymour,OTH,OTH,2,4,1.45,-56.125,,0,0.009571041,0.009357305,0.009571041,0.009571041,0
2026_VT_House-1,VT,House,1,Ryan Walton,OTH,OTH,2,4,0.4,-57.175000000000004,,0,0.009571041,0.009357305,0.009571041,0.009571041,0
2026_VT_House-1,VT,House,1,Gerald Malloy,REP,REP,4,4,27.325,-30.250000000000004,-32.49908732060145,0,0.008965087,0.0087648835,0.008965087,0.008965087,0
2026_WA_House-3,WA,House,3,John Braun,REP,REP,6,6,43.166666666666664,4.5,-3.8766157574824973,0,0.6488455,0.5886313,0.81593865,0.40439156,1
2026_WA_House-3,WA,House,3,Marie Gluesenkamp Perez,DEM,DEM,6,6,38.666666666666664,-4.5,3.8766157574824973,1,0.4534498,0.4113687,0.20216888,0.6288916,1
2026_WA_House-4,WA,House,4,John Duresky,DEM,DEM,1,1,25.0,5.0,-52.01693260848936,0,0.39795342,0.5401518,0.26928267,0.5646698,1
2026_WA_House-4,WA,House,4,Amanda McKinney,REP,REP,1,1,20.0,-5.0,52.01693260848936,1,0.2049694,0.27820992,0.33360308,0.13713206,1
2026_WA_House-4,WA,House,4,Matt Boehnke,REP,REP,1,1,7.0,-18.0,52.01693260848936,1,0.051949818,0.07051274,0.051949818,0.047791988,1
2026_WA_House-4,WA,House,4,Jerrod Sessler,REP,REP,1,1,14.0,-11.0,52.01693260848936,1,0.037834894,0.051354215,0.050289962,0.037834894,1
2026_WA_House-4,WA,House,4,Wesley Meier,REP,REP,1,1,1.0,-24.0,52.01693260848936,1,0.025664829,0.03483549,0.025664829,0.01984252,1
2026_WA_House-4,WA,House,4,Devin Pooré (C),OTH,OTH,1,1,5.0,-20.0,,0,0.018371323,0.02493584,0.02015981,0.018371323,1
2026_WA_House-5,WA,House,5,Michael Baumgartner,REP,REP,2,2,46.0,18.0,21.28063913654143,1,0.92601675,0.9470889,0.9404961,0.9209887,0
2026_WA_House-5,WA,House,5,Carmela Conroy,DEM,DEM,2,2,28.0,-18.0,-21.28063913654143,0,0.051733855,0.052911095,0.037981853,0.06716587,0
2026_WI_Governor,WI,Governor,,David Crowley,DEM,DEM,8,8,46.5,2.8499999999999943,3.396926018919693,1,0.807448,0.751697,0.5802298,0.8797147,0
2026_WI_Governor,WI,Governor,,Tom Tiffany,REP,REP,8,8,43.650000000000006,-2.8499999999999943,-3.396926018919693,0,0.2667189,0.24830303,0.49564207,0.16056494,0
2026_WI_House-1,WI,House,1,Bryan Steil,REP,REP,4,4,48.5,2.25,10.194082232720788,1,0.7360819,0.76781756,0.8381105,0.51141524,0
2026_WI_House-1,WI,House,1,Mitchell Berman,DEM,DEM,4,4,46.25,-2.25,-10.194082232720788,0,0.22258578,0.23218241,0.12099237,0.4363112,0
2026_WI_House-3,WI,House,3,Rebecca Cooke,DEM,DEM,4,4,48.25,2.75,-2.7242298169567363,0,0.6684341,0.6116867,0.50177073,0.7662515,1
2026_WI_House-3,WI,House,3,Derrick Van Orden,REP,REP,4,4,45.5,-2.75,2.7242298169567363,1,0.42433786,0.38831326,0.6095717,0.34474346,1
2026_WI_House-6,WI,House,6,Glenn Grothman,REP,REP,2,2,51.35,10.0,22.57134452739644,1,0.9617718,0.94688547,0.9617718,0.9525177,0
2026_WI_House-6,WI,House,6,Michael Thurow,OTH,OTH,2,2,41.35,-10.0,,0,0.029161649,0.028710285,0.029161649,0.030701822,0
2026_WI_House-6,WI,House,6,Brad Smith,DEM,DEM,1,2,39.0,-12.350000000000001,-22.57134452739644,0,0.024787886,0.02440422,0.016198266,0.03522165,0
